ISO-10303-21;
HEADER;
FILE_DESCRIPTION(('FreeCAD Model'),'2;1');
FILE_NAME('Open CASCADE Shape Model','2026-10-01T18:12:13',('Author'),(
    ''),'Open CASCADE STEP processor 7.8','FreeCAD','Unknown');
FILE_SCHEMA(('AUTOMOTIVE_DESIGN { 1 0 10303 214 1 1 1 1 }'));
ENDSEC;
DATA;
#1 = APPLICATION_PROTOCOL_DEFINITION('international standard',
  'automotive_design',2000,#2);
#2 = APPLICATION_CONTEXT(
  'core data for automotive mechanical design processes');
#3 = SHAPE_DEFINITION_REPRESENTATION(#4,#10);
#4 = PRODUCT_DEFINITION_SHAPE('','',#5);
#5 = PRODUCT_DEFINITION('design','',#6,#9);
#6 = PRODUCT_DEFINITION_FORMATION('','',#7);
#7 = PRODUCT('BubushengdianStampKit','BubushengdianStampKit','',(#8));
#8 = PRODUCT_CONTEXT('',#2,'mechanical');
#9 = PRODUCT_DEFINITION_CONTEXT('part definition',#2,'design');
#10 = SHAPE_REPRESENTATION('',(#11,#15,#19,#23,#27,#31,#35,#39,#43,#47,
    #51),#55);
#11 = AXIS2_PLACEMENT_3D('',#12,#13,#14);
#12 = CARTESIAN_POINT('',(0.,0.,0.));
#13 = DIRECTION('',(0.,0.,1.));
#14 = DIRECTION('',(1.,0.,-0.));
#15 = AXIS2_PLACEMENT_3D('',#16,#17,#18);
#16 = CARTESIAN_POINT('',(0.,0.,0.));
#17 = DIRECTION('',(0.,0.,1.));
#18 = DIRECTION('',(1.,0.,0.));
#19 = AXIS2_PLACEMENT_3D('',#20,#21,#22);
#20 = CARTESIAN_POINT('',(0.,0.,0.));
#21 = DIRECTION('',(0.,0.,1.));
#22 = DIRECTION('',(1.,0.,0.));
#23 = AXIS2_PLACEMENT_3D('',#24,#25,#26);
#24 = CARTESIAN_POINT('',(0.,0.,0.));
#25 = DIRECTION('',(0.,0.,1.));
#26 = DIRECTION('',(1.,0.,0.));
#27 = AXIS2_PLACEMENT_3D('',#28,#29,#30);
#28 = CARTESIAN_POINT('',(0.,0.,0.));
#29 = DIRECTION('',(0.,0.,1.));
#30 = DIRECTION('',(1.,0.,0.));
#31 = AXIS2_PLACEMENT_3D('',#32,#33,#34);
#32 = CARTESIAN_POINT('',(0.,0.,0.));
#33 = DIRECTION('',(0.,0.,1.));
#34 = DIRECTION('',(1.,0.,0.));
#35 = AXIS2_PLACEMENT_3D('',#36,#37,#38);
#36 = CARTESIAN_POINT('',(0.,0.,0.));
#37 = DIRECTION('',(0.,0.,1.));
#38 = DIRECTION('',(1.,0.,0.));
#39 = AXIS2_PLACEMENT_3D('',#40,#41,#42);
#40 = CARTESIAN_POINT('',(0.,0.,0.));
#41 = DIRECTION('',(0.,0.,1.));
#42 = DIRECTION('',(1.,0.,0.));
#43 = AXIS2_PLACEMENT_3D('',#44,#45,#46);
#44 = CARTESIAN_POINT('',(0.,0.,0.));
#45 = DIRECTION('',(0.,0.,1.));
#46 = DIRECTION('',(1.,0.,0.));
#47 = AXIS2_PLACEMENT_3D('',#48,#49,#50);
#48 = CARTESIAN_POINT('',(0.,0.,0.));
#49 = DIRECTION('',(0.,0.,1.));
#50 = DIRECTION('',(1.,0.,0.));
#51 = AXIS2_PLACEMENT_3D('',#52,#53,#54);
#52 = CARTESIAN_POINT('',(0.,0.,0.));
#53 = DIRECTION('',(0.,0.,1.));
#54 = DIRECTION('',(1.,0.,0.));
#55 = ( GEOMETRIC_REPRESENTATION_CONTEXT(3) 
GLOBAL_UNCERTAINTY_ASSIGNED_CONTEXT((#59)) GLOBAL_UNIT_ASSIGNED_CONTEXT(
(#56,#57,#58)) REPRESENTATION_CONTEXT('Context #1',
  '3D Context with UNIT and UNCERTAINTY') );
#56 = ( LENGTH_UNIT() NAMED_UNIT(*) SI_UNIT(.MILLI.,.METRE.) );
#57 = ( NAMED_UNIT(*) PLANE_ANGLE_UNIT() SI_UNIT($,.RADIAN.) );
#58 = ( NAMED_UNIT(*) SI_UNIT($,.STERADIAN.) SOLID_ANGLE_UNIT() );
#59 = UNCERTAINTY_MEASURE_WITH_UNIT(LENGTH_MEASURE(1.E-07),#56,
  'distance_accuracy_value','confusion accuracy');
#60 = PRODUCT_RELATED_PRODUCT_CATEGORY('part',$,(#7));
#61 = SHAPE_DEFINITION_REPRESENTATION(#62,#68);
#62 = PRODUCT_DEFINITION_SHAPE('','',#63);
#63 = PRODUCT_DEFINITION('design','',#64,#67);
#64 = PRODUCT_DEFINITION_FORMATION('','',#65);
#65 = PRODUCT('Protective outer case','Protective outer case','',(#66));
#66 = PRODUCT_CONTEXT('',#2,'mechanical');
#67 = PRODUCT_DEFINITION_CONTEXT('part definition',#2,'design');
#68 = ADVANCED_BREP_SHAPE_REPRESENTATION('',(#11,#69),#761);
#69 = MANIFOLD_SOLID_BREP('',#70);
#70 = CLOSED_SHELL('',(#71,#149,#215,#239,#263,#315,#381,#405,#464,#481,
    #507,#524,#555,#606,#629,#641,#653,#684,#708,#732,#749));
#71 = ADVANCED_FACE('',(#72,#108),#144,.T.);
#72 = FACE_BOUND('',#73,.T.);
#73 = EDGE_LOOP('',(#74,#85,#93,#102));
#74 = ORIENTED_EDGE('',*,*,#75,.F.);
#75 = EDGE_CURVE('',#76,#78,#80,.T.);
#76 = VERTEX_POINT('',#77);
#77 = CARTESIAN_POINT('',(0.,10.,30.));
#78 = VERTEX_POINT('',#79);
#79 = CARTESIAN_POINT('',(10.,0.,30.));
#80 = CIRCLE('',#81,10.);
#81 = AXIS2_PLACEMENT_3D('',#82,#83,#84);
#82 = CARTESIAN_POINT('',(10.,10.,30.));
#83 = DIRECTION('',(0.,0.,1.));
#84 = DIRECTION('',(1.,0.,-0.));
#85 = ORIENTED_EDGE('',*,*,#86,.F.);
#86 = EDGE_CURVE('',#87,#76,#89,.T.);
#87 = VERTEX_POINT('',#88);
#88 = CARTESIAN_POINT('',(0.,10.,0.));
#89 = LINE('',#90,#91);
#90 = CARTESIAN_POINT('',(0.,10.,0.));
#91 = VECTOR('',#92,1.);
#92 = DIRECTION('',(0.,0.,1.));
#93 = ORIENTED_EDGE('',*,*,#94,.T.);
#94 = EDGE_CURVE('',#87,#95,#97,.T.);
#95 = VERTEX_POINT('',#96);
#96 = CARTESIAN_POINT('',(10.,0.,0.));
#97 = CIRCLE('',#98,10.);
#98 = AXIS2_PLACEMENT_3D('',#99,#100,#101);
#99 = CARTESIAN_POINT('',(10.,10.,0.));
#100 = DIRECTION('',(0.,0.,1.));
#101 = DIRECTION('',(1.,0.,-0.));
#102 = ORIENTED_EDGE('',*,*,#103,.T.);
#103 = EDGE_CURVE('',#95,#78,#104,.T.);
#104 = LINE('',#105,#106);
#105 = CARTESIAN_POINT('',(10.,0.,0.));
#106 = VECTOR('',#107,1.);
#107 = DIRECTION('',(0.,0.,1.));
#108 = FACE_BOUND('',#109,.T.);
#109 = EDGE_LOOP('',(#110,#121,#129,#138));
#110 = ORIENTED_EDGE('',*,*,#111,.F.);
#111 = EDGE_CURVE('',#112,#114,#116,.T.);
#112 = VERTEX_POINT('',#113);
#113 = CARTESIAN_POINT('',(1.8,4.276364791498,1.8));
#114 = VERTEX_POINT('',#115);
#115 = CARTESIAN_POINT('',(4.276364791498,1.8,1.8));
#116 = CIRCLE('',#117,10.);
#117 = AXIS2_PLACEMENT_3D('',#118,#119,#120);
#118 = CARTESIAN_POINT('',(10.,10.,1.8));
#119 = DIRECTION('',(0.,0.,1.));
#120 = DIRECTION('',(1.,0.,-0.));
#121 = ORIENTED_EDGE('',*,*,#122,.T.);
#122 = EDGE_CURVE('',#112,#123,#125,.T.);
#123 = VERTEX_POINT('',#124);
#124 = CARTESIAN_POINT('',(1.8,4.276364791498,28.2));
#125 = LINE('',#126,#127);
#126 = CARTESIAN_POINT('',(1.8,4.276364791498,0.));
#127 = VECTOR('',#128,1.);
#128 = DIRECTION('',(0.,0.,1.));
#129 = ORIENTED_EDGE('',*,*,#130,.T.);
#130 = EDGE_CURVE('',#123,#131,#133,.T.);
#131 = VERTEX_POINT('',#132);
#132 = CARTESIAN_POINT('',(4.276364791498,1.8,28.2));
#133 = CIRCLE('',#134,10.);
#134 = AXIS2_PLACEMENT_3D('',#135,#136,#137);
#135 = CARTESIAN_POINT('',(10.,10.,28.2));
#136 = DIRECTION('',(0.,0.,1.));
#137 = DIRECTION('',(1.,0.,-0.));
#138 = ORIENTED_EDGE('',*,*,#139,.F.);
#139 = EDGE_CURVE('',#114,#131,#140,.T.);
#140 = LINE('',#141,#142);
#141 = CARTESIAN_POINT('',(4.276364791498,1.8,0.));
#142 = VECTOR('',#143,1.);
#143 = DIRECTION('',(0.,0.,1.));
#144 = CYLINDRICAL_SURFACE('',#145,10.);
#145 = AXIS2_PLACEMENT_3D('',#146,#147,#148);
#146 = CARTESIAN_POINT('',(10.,10.,0.));
#147 = DIRECTION('',(0.,0.,1.));
#148 = DIRECTION('',(1.,0.,-0.));
#149 = ADVANCED_FACE('',(#150),#210,.T.);
#150 = FACE_BOUND('',#151,.T.);
#151 = EDGE_LOOP('',(#152,#153,#161,#170,#178,#187,#195,#204));
#152 = ORIENTED_EDGE('',*,*,#75,.T.);
#153 = ORIENTED_EDGE('',*,*,#154,.T.);
#154 = EDGE_CURVE('',#78,#155,#157,.T.);
#155 = VERTEX_POINT('',#156);
#156 = CARTESIAN_POINT('',(155.,0.,30.));
#157 = LINE('',#158,#159);
#158 = CARTESIAN_POINT('',(10.,0.,30.));
#159 = VECTOR('',#160,1.);
#160 = DIRECTION('',(1.,0.,-0.));
#161 = ORIENTED_EDGE('',*,*,#162,.T.);
#162 = EDGE_CURVE('',#155,#163,#165,.T.);
#163 = VERTEX_POINT('',#164);
#164 = CARTESIAN_POINT('',(165.,10.,30.));
#165 = CIRCLE('',#166,10.);
#166 = AXIS2_PLACEMENT_3D('',#167,#168,#169);
#167 = CARTESIAN_POINT('',(155.,10.,30.));
#168 = DIRECTION('',(0.,0.,1.));
#169 = DIRECTION('',(1.,0.,-0.));
#170 = ORIENTED_EDGE('',*,*,#171,.T.);
#171 = EDGE_CURVE('',#163,#172,#174,.T.);
#172 = VERTEX_POINT('',#173);
#173 = CARTESIAN_POINT('',(165.,110.,30.));
#174 = LINE('',#175,#176);
#175 = CARTESIAN_POINT('',(165.,10.,30.));
#176 = VECTOR('',#177,1.);
#177 = DIRECTION('',(-0.,1.,0.));
#178 = ORIENTED_EDGE('',*,*,#179,.T.);
#179 = EDGE_CURVE('',#172,#180,#182,.T.);
#180 = VERTEX_POINT('',#181);
#181 = CARTESIAN_POINT('',(155.,120.,30.));
#182 = CIRCLE('',#183,10.);
#183 = AXIS2_PLACEMENT_3D('',#184,#185,#186);
#184 = CARTESIAN_POINT('',(155.,110.,30.));
#185 = DIRECTION('',(0.,0.,1.));
#186 = DIRECTION('',(1.,0.,-0.));
#187 = ORIENTED_EDGE('',*,*,#188,.F.);
#188 = EDGE_CURVE('',#189,#180,#191,.T.);
#189 = VERTEX_POINT('',#190);
#190 = CARTESIAN_POINT('',(10.,120.,30.));
#191 = LINE('',#192,#193);
#192 = CARTESIAN_POINT('',(10.,120.,30.));
#193 = VECTOR('',#194,1.);
#194 = DIRECTION('',(1.,0.,-0.));
#195 = ORIENTED_EDGE('',*,*,#196,.T.);
#196 = EDGE_CURVE('',#189,#197,#199,.T.);
#197 = VERTEX_POINT('',#198);
#198 = CARTESIAN_POINT('',(0.,110.,30.));
#199 = CIRCLE('',#200,10.);
#200 = AXIS2_PLACEMENT_3D('',#201,#202,#203);
#201 = CARTESIAN_POINT('',(10.,110.,30.));
#202 = DIRECTION('',(0.,0.,1.));
#203 = DIRECTION('',(1.,0.,-0.));
#204 = ORIENTED_EDGE('',*,*,#205,.F.);
#205 = EDGE_CURVE('',#76,#197,#206,.T.);
#206 = LINE('',#207,#208);
#207 = CARTESIAN_POINT('',(0.,10.,30.));
#208 = VECTOR('',#209,1.);
#209 = DIRECTION('',(-0.,1.,0.));
#210 = PLANE('',#211);
#211 = AXIS2_PLACEMENT_3D('',#212,#213,#214);
#212 = CARTESIAN_POINT('',(82.5,60.,30.));
#213 = DIRECTION('',(0.,0.,1.));
#214 = DIRECTION('',(1.,0.,-0.));
#215 = ADVANCED_FACE('',(#216),#234,.F.);
#216 = FACE_BOUND('',#217,.F.);
#217 = EDGE_LOOP('',(#218,#219,#227,#233));
#218 = ORIENTED_EDGE('',*,*,#86,.F.);
#219 = ORIENTED_EDGE('',*,*,#220,.T.);
#220 = EDGE_CURVE('',#87,#221,#223,.T.);
#221 = VERTEX_POINT('',#222);
#222 = CARTESIAN_POINT('',(0.,110.,0.));
#223 = LINE('',#224,#225);
#224 = CARTESIAN_POINT('',(0.,10.,0.));
#225 = VECTOR('',#226,1.);
#226 = DIRECTION('',(-0.,1.,0.));
#227 = ORIENTED_EDGE('',*,*,#228,.T.);
#228 = EDGE_CURVE('',#221,#197,#229,.T.);
#229 = LINE('',#230,#231);
#230 = CARTESIAN_POINT('',(0.,110.,0.));
#231 = VECTOR('',#232,1.);
#232 = DIRECTION('',(0.,0.,1.));
#233 = ORIENTED_EDGE('',*,*,#205,.F.);
#234 = PLANE('',#235);
#235 = AXIS2_PLACEMENT_3D('',#236,#237,#238);
#236 = CARTESIAN_POINT('',(0.,10.,0.));
#237 = DIRECTION('',(1.,0.,-0.));
#238 = DIRECTION('',(0.,0.,1.));
#239 = ADVANCED_FACE('',(#240),#258,.F.);
#240 = FACE_BOUND('',#241,.F.);
#241 = EDGE_LOOP('',(#242,#250,#251,#252));
#242 = ORIENTED_EDGE('',*,*,#243,.F.);
#243 = EDGE_CURVE('',#95,#244,#246,.T.);
#244 = VERTEX_POINT('',#245);
#245 = CARTESIAN_POINT('',(155.,0.,0.));
#246 = LINE('',#247,#248);
#247 = CARTESIAN_POINT('',(10.,0.,0.));
#248 = VECTOR('',#249,1.);
#249 = DIRECTION('',(1.,0.,-0.));
#250 = ORIENTED_EDGE('',*,*,#103,.T.);
#251 = ORIENTED_EDGE('',*,*,#154,.T.);
#252 = ORIENTED_EDGE('',*,*,#253,.F.);
#253 = EDGE_CURVE('',#244,#155,#254,.T.);
#254 = LINE('',#255,#256);
#255 = CARTESIAN_POINT('',(155.,0.,0.));
#256 = VECTOR('',#257,1.);
#257 = DIRECTION('',(0.,0.,1.));
#258 = PLANE('',#259);
#259 = AXIS2_PLACEMENT_3D('',#260,#261,#262);
#260 = CARTESIAN_POINT('',(10.,0.,0.));
#261 = DIRECTION('',(-0.,1.,0.));
#262 = DIRECTION('',(0.,0.,1.));
#263 = ADVANCED_FACE('',(#264),#310,.T.);
#264 = FACE_BOUND('',#265,.T.);
#265 = EDGE_LOOP('',(#266,#267,#268,#277,#285,#294,#302,#309));
#266 = ORIENTED_EDGE('',*,*,#94,.F.);
#267 = ORIENTED_EDGE('',*,*,#220,.T.);
#268 = ORIENTED_EDGE('',*,*,#269,.F.);
#269 = EDGE_CURVE('',#270,#221,#272,.T.);
#270 = VERTEX_POINT('',#271);
#271 = CARTESIAN_POINT('',(10.,120.,0.));
#272 = CIRCLE('',#273,10.);
#273 = AXIS2_PLACEMENT_3D('',#274,#275,#276);
#274 = CARTESIAN_POINT('',(10.,110.,0.));
#275 = DIRECTION('',(0.,0.,1.));
#276 = DIRECTION('',(1.,0.,-0.));
#277 = ORIENTED_EDGE('',*,*,#278,.T.);
#278 = EDGE_CURVE('',#270,#279,#281,.T.);
#279 = VERTEX_POINT('',#280);
#280 = CARTESIAN_POINT('',(155.,120.,0.));
#281 = LINE('',#282,#283);
#282 = CARTESIAN_POINT('',(10.,120.,0.));
#283 = VECTOR('',#284,1.);
#284 = DIRECTION('',(1.,0.,-0.));
#285 = ORIENTED_EDGE('',*,*,#286,.F.);
#286 = EDGE_CURVE('',#287,#279,#289,.T.);
#287 = VERTEX_POINT('',#288);
#288 = CARTESIAN_POINT('',(165.,110.,0.));
#289 = CIRCLE('',#290,10.);
#290 = AXIS2_PLACEMENT_3D('',#291,#292,#293);
#291 = CARTESIAN_POINT('',(155.,110.,0.));
#292 = DIRECTION('',(0.,0.,1.));
#293 = DIRECTION('',(1.,0.,-0.));
#294 = ORIENTED_EDGE('',*,*,#295,.F.);
#295 = EDGE_CURVE('',#296,#287,#298,.T.);
#296 = VERTEX_POINT('',#297);
#297 = CARTESIAN_POINT('',(165.,10.,0.));
#298 = LINE('',#299,#300);
#299 = CARTESIAN_POINT('',(165.,10.,0.));
#300 = VECTOR('',#301,1.);
#301 = DIRECTION('',(-0.,1.,0.));
#302 = ORIENTED_EDGE('',*,*,#303,.F.);
#303 = EDGE_CURVE('',#244,#296,#304,.T.);
#304 = CIRCLE('',#305,10.);
#305 = AXIS2_PLACEMENT_3D('',#306,#307,#308);
#306 = CARTESIAN_POINT('',(155.,10.,0.));
#307 = DIRECTION('',(0.,0.,1.));
#308 = DIRECTION('',(1.,0.,-0.));
#309 = ORIENTED_EDGE('',*,*,#243,.F.);
#310 = PLANE('',#311);
#311 = AXIS2_PLACEMENT_3D('',#312,#313,#314);
#312 = CARTESIAN_POINT('',(82.5,60.,0.));
#313 = DIRECTION('',(-0.,-0.,-1.));
#314 = DIRECTION('',(-1.,0.,0.));
#315 = ADVANCED_FACE('',(#316),#376,.T.);
#316 = FACE_BOUND('',#317,.T.);
#317 = EDGE_LOOP('',(#318,#326,#327,#335,#344,#352,#361,#369));
#318 = ORIENTED_EDGE('',*,*,#319,.F.);
#319 = EDGE_CURVE('',#112,#320,#322,.T.);
#320 = VERTEX_POINT('',#321);
#321 = CARTESIAN_POINT('',(1.8,115.7236352085,1.8));
#322 = LINE('',#323,#324);
#323 = CARTESIAN_POINT('',(1.8,1.8,1.8));
#324 = VECTOR('',#325,1.);
#325 = DIRECTION('',(-0.,1.,0.));
#326 = ORIENTED_EDGE('',*,*,#111,.T.);
#327 = ORIENTED_EDGE('',*,*,#328,.T.);
#328 = EDGE_CURVE('',#114,#329,#331,.T.);
#329 = VERTEX_POINT('',#330);
#330 = CARTESIAN_POINT('',(160.7236352085,1.8,1.8));
#331 = LINE('',#332,#333);
#332 = CARTESIAN_POINT('',(1.8,1.8,1.8));
#333 = VECTOR('',#334,1.);
#334 = DIRECTION('',(1.,0.,-0.));
#335 = ORIENTED_EDGE('',*,*,#336,.T.);
#336 = EDGE_CURVE('',#329,#337,#339,.T.);
#337 = VERTEX_POINT('',#338);
#338 = CARTESIAN_POINT('',(165.,10.,1.8));
#339 = CIRCLE('',#340,10.);
#340 = AXIS2_PLACEMENT_3D('',#341,#342,#343);
#341 = CARTESIAN_POINT('',(155.,10.,1.8));
#342 = DIRECTION('',(0.,0.,1.));
#343 = DIRECTION('',(1.,0.,-0.));
#344 = ORIENTED_EDGE('',*,*,#345,.F.);
#345 = EDGE_CURVE('',#346,#337,#348,.T.);
#346 = VERTEX_POINT('',#347);
#347 = CARTESIAN_POINT('',(165.,110.,1.8));
#348 = LINE('',#349,#350);
#349 = CARTESIAN_POINT('',(165.,5.9,1.8));
#350 = VECTOR('',#351,1.);
#351 = DIRECTION('',(0.,-1.,0.));
#352 = ORIENTED_EDGE('',*,*,#353,.T.);
#353 = EDGE_CURVE('',#346,#354,#356,.T.);
#354 = VERTEX_POINT('',#355);
#355 = CARTESIAN_POINT('',(160.7236352085,118.2,1.8));
#356 = CIRCLE('',#357,10.);
#357 = AXIS2_PLACEMENT_3D('',#358,#359,#360);
#358 = CARTESIAN_POINT('',(155.,110.,1.8));
#359 = DIRECTION('',(0.,0.,1.));
#360 = DIRECTION('',(1.,0.,-0.));
#361 = ORIENTED_EDGE('',*,*,#362,.F.);
#362 = EDGE_CURVE('',#363,#354,#365,.T.);
#363 = VERTEX_POINT('',#364);
#364 = CARTESIAN_POINT('',(4.276364791498,118.2,1.8));
#365 = LINE('',#366,#367);
#366 = CARTESIAN_POINT('',(1.8,118.2,1.8));
#367 = VECTOR('',#368,1.);
#368 = DIRECTION('',(1.,0.,-0.));
#369 = ORIENTED_EDGE('',*,*,#370,.T.);
#370 = EDGE_CURVE('',#363,#320,#371,.T.);
#371 = CIRCLE('',#372,10.);
#372 = AXIS2_PLACEMENT_3D('',#373,#374,#375);
#373 = CARTESIAN_POINT('',(10.,110.,1.8));
#374 = DIRECTION('',(0.,0.,1.));
#375 = DIRECTION('',(1.,0.,-0.));
#376 = PLANE('',#377);
#377 = AXIS2_PLACEMENT_3D('',#378,#379,#380);
#378 = CARTESIAN_POINT('',(1.8,1.8,1.8));
#379 = DIRECTION('',(0.,0.,1.));
#380 = DIRECTION('',(1.,0.,-0.));
#381 = ADVANCED_FACE('',(#382),#400,.T.);
#382 = FACE_BOUND('',#383,.T.);
#383 = EDGE_LOOP('',(#384,#385,#386,#394));
#384 = ORIENTED_EDGE('',*,*,#328,.F.);
#385 = ORIENTED_EDGE('',*,*,#139,.T.);
#386 = ORIENTED_EDGE('',*,*,#387,.T.);
#387 = EDGE_CURVE('',#131,#388,#390,.T.);
#388 = VERTEX_POINT('',#389);
#389 = CARTESIAN_POINT('',(160.7236352085,1.8,28.2));
#390 = LINE('',#391,#392);
#391 = CARTESIAN_POINT('',(1.8,1.8,28.2));
#392 = VECTOR('',#393,1.);
#393 = DIRECTION('',(1.,0.,-0.));
#394 = ORIENTED_EDGE('',*,*,#395,.F.);
#395 = EDGE_CURVE('',#329,#388,#396,.T.);
#396 = LINE('',#397,#398);
#397 = CARTESIAN_POINT('',(160.7236352085,1.8,0.));
#398 = VECTOR('',#399,1.);
#399 = DIRECTION('',(0.,0.,1.));
#400 = PLANE('',#401);
#401 = AXIS2_PLACEMENT_3D('',#402,#403,#404);
#402 = CARTESIAN_POINT('',(1.8,1.8,1.8));
#403 = DIRECTION('',(-0.,1.,0.));
#404 = DIRECTION('',(0.,0.,1.));
#405 = ADVANCED_FACE('',(#406),#459,.F.);
#406 = FACE_BOUND('',#407,.F.);
#407 = EDGE_LOOP('',(#408,#416,#417,#418,#427,#435,#444,#452));
#408 = ORIENTED_EDGE('',*,*,#409,.F.);
#409 = EDGE_CURVE('',#123,#410,#412,.T.);
#410 = VERTEX_POINT('',#411);
#411 = CARTESIAN_POINT('',(1.8,115.7236352085,28.2));
#412 = LINE('',#413,#414);
#413 = CARTESIAN_POINT('',(1.8,1.8,28.2));
#414 = VECTOR('',#415,1.);
#415 = DIRECTION('',(-0.,1.,0.));
#416 = ORIENTED_EDGE('',*,*,#130,.T.);
#417 = ORIENTED_EDGE('',*,*,#387,.T.);
#418 = ORIENTED_EDGE('',*,*,#419,.T.);
#419 = EDGE_CURVE('',#388,#420,#422,.T.);
#420 = VERTEX_POINT('',#421);
#421 = CARTESIAN_POINT('',(165.,10.,28.2));
#422 = CIRCLE('',#423,10.);
#423 = AXIS2_PLACEMENT_3D('',#424,#425,#426);
#424 = CARTESIAN_POINT('',(155.,10.,28.2));
#425 = DIRECTION('',(0.,0.,1.));
#426 = DIRECTION('',(1.,0.,-0.));
#427 = ORIENTED_EDGE('',*,*,#428,.F.);
#428 = EDGE_CURVE('',#429,#420,#431,.T.);
#429 = VERTEX_POINT('',#430);
#430 = CARTESIAN_POINT('',(165.,110.,28.2));
#431 = LINE('',#432,#433);
#432 = CARTESIAN_POINT('',(165.,5.9,28.2));
#433 = VECTOR('',#434,1.);
#434 = DIRECTION('',(0.,-1.,0.));
#435 = ORIENTED_EDGE('',*,*,#436,.T.);
#436 = EDGE_CURVE('',#429,#437,#439,.T.);
#437 = VERTEX_POINT('',#438);
#438 = CARTESIAN_POINT('',(160.7236352085,118.2,28.2));
#439 = CIRCLE('',#440,10.);
#440 = AXIS2_PLACEMENT_3D('',#441,#442,#443);
#441 = CARTESIAN_POINT('',(155.,110.,28.2));
#442 = DIRECTION('',(0.,0.,1.));
#443 = DIRECTION('',(1.,0.,-0.));
#444 = ORIENTED_EDGE('',*,*,#445,.F.);
#445 = EDGE_CURVE('',#446,#437,#448,.T.);
#446 = VERTEX_POINT('',#447);
#447 = CARTESIAN_POINT('',(4.276364791498,118.2,28.2));
#448 = LINE('',#449,#450);
#449 = CARTESIAN_POINT('',(1.8,118.2,28.2));
#450 = VECTOR('',#451,1.);
#451 = DIRECTION('',(1.,0.,-0.));
#452 = ORIENTED_EDGE('',*,*,#453,.T.);
#453 = EDGE_CURVE('',#446,#410,#454,.T.);
#454 = CIRCLE('',#455,10.);
#455 = AXIS2_PLACEMENT_3D('',#456,#457,#458);
#456 = CARTESIAN_POINT('',(10.,110.,28.2));
#457 = DIRECTION('',(0.,0.,1.));
#458 = DIRECTION('',(1.,0.,-0.));
#459 = PLANE('',#460);
#460 = AXIS2_PLACEMENT_3D('',#461,#462,#463);
#461 = CARTESIAN_POINT('',(1.8,1.8,28.2));
#462 = DIRECTION('',(0.,0.,1.));
#463 = DIRECTION('',(1.,0.,-0.));
#464 = ADVANCED_FACE('',(#465),#476,.T.);
#465 = FACE_BOUND('',#466,.T.);
#466 = EDGE_LOOP('',(#467,#468,#469,#470));
#467 = ORIENTED_EDGE('',*,*,#409,.F.);
#468 = ORIENTED_EDGE('',*,*,#122,.F.);
#469 = ORIENTED_EDGE('',*,*,#319,.T.);
#470 = ORIENTED_EDGE('',*,*,#471,.T.);
#471 = EDGE_CURVE('',#320,#410,#472,.T.);
#472 = LINE('',#473,#474);
#473 = CARTESIAN_POINT('',(1.8,115.7236352085,0.));
#474 = VECTOR('',#475,1.);
#475 = DIRECTION('',(0.,0.,1.));
#476 = PLANE('',#477);
#477 = AXIS2_PLACEMENT_3D('',#478,#479,#480);
#478 = CARTESIAN_POINT('',(1.8,1.8,1.8));
#479 = DIRECTION('',(1.,0.,-0.));
#480 = DIRECTION('',(0.,0.,1.));
#481 = ADVANCED_FACE('',(#482),#502,.T.);
#482 = FACE_BOUND('',#483,.T.);
#483 = EDGE_LOOP('',(#484,#485,#486,#487,#493,#494,#495,#496));
#484 = ORIENTED_EDGE('',*,*,#162,.F.);
#485 = ORIENTED_EDGE('',*,*,#253,.F.);
#486 = ORIENTED_EDGE('',*,*,#303,.T.);
#487 = ORIENTED_EDGE('',*,*,#488,.T.);
#488 = EDGE_CURVE('',#296,#337,#489,.T.);
#489 = LINE('',#490,#491);
#490 = CARTESIAN_POINT('',(165.,10.,0.));
#491 = VECTOR('',#492,1.);
#492 = DIRECTION('',(0.,0.,1.));
#493 = ORIENTED_EDGE('',*,*,#336,.F.);
#494 = ORIENTED_EDGE('',*,*,#395,.T.);
#495 = ORIENTED_EDGE('',*,*,#419,.T.);
#496 = ORIENTED_EDGE('',*,*,#497,.T.);
#497 = EDGE_CURVE('',#420,#163,#498,.T.);
#498 = LINE('',#499,#500);
#499 = CARTESIAN_POINT('',(165.,10.,0.));
#500 = VECTOR('',#501,1.);
#501 = DIRECTION('',(0.,0.,1.));
#502 = CYLINDRICAL_SURFACE('',#503,10.);
#503 = AXIS2_PLACEMENT_3D('',#504,#505,#506);
#504 = CARTESIAN_POINT('',(155.,10.,0.));
#505 = DIRECTION('',(0.,0.,1.));
#506 = DIRECTION('',(1.,0.,-0.));
#507 = ADVANCED_FACE('',(#508),#519,.T.);
#508 = FACE_BOUND('',#509,.T.);
#509 = EDGE_LOOP('',(#510,#511,#512,#518));
#510 = ORIENTED_EDGE('',*,*,#497,.F.);
#511 = ORIENTED_EDGE('',*,*,#428,.F.);
#512 = ORIENTED_EDGE('',*,*,#513,.T.);
#513 = EDGE_CURVE('',#429,#172,#514,.T.);
#514 = LINE('',#515,#516);
#515 = CARTESIAN_POINT('',(165.,110.,0.));
#516 = VECTOR('',#517,1.);
#517 = DIRECTION('',(0.,0.,1.));
#518 = ORIENTED_EDGE('',*,*,#171,.F.);
#519 = PLANE('',#520);
#520 = AXIS2_PLACEMENT_3D('',#521,#522,#523);
#521 = CARTESIAN_POINT('',(165.,10.,0.));
#522 = DIRECTION('',(1.,0.,-0.));
#523 = DIRECTION('',(0.,0.,1.));
#524 = ADVANCED_FACE('',(#525),#550,.T.);
#525 = FACE_BOUND('',#526,.T.);
#526 = EDGE_LOOP('',(#527,#528,#529,#530,#536,#537,#543,#544));
#527 = ORIENTED_EDGE('',*,*,#179,.F.);
#528 = ORIENTED_EDGE('',*,*,#513,.F.);
#529 = ORIENTED_EDGE('',*,*,#436,.T.);
#530 = ORIENTED_EDGE('',*,*,#531,.F.);
#531 = EDGE_CURVE('',#354,#437,#532,.T.);
#532 = LINE('',#533,#534);
#533 = CARTESIAN_POINT('',(160.7236352085,118.2,0.));
#534 = VECTOR('',#535,1.);
#535 = DIRECTION('',(0.,0.,1.));
#536 = ORIENTED_EDGE('',*,*,#353,.F.);
#537 = ORIENTED_EDGE('',*,*,#538,.F.);
#538 = EDGE_CURVE('',#287,#346,#539,.T.);
#539 = LINE('',#540,#541);
#540 = CARTESIAN_POINT('',(165.,110.,0.));
#541 = VECTOR('',#542,1.);
#542 = DIRECTION('',(0.,0.,1.));
#543 = ORIENTED_EDGE('',*,*,#286,.T.);
#544 = ORIENTED_EDGE('',*,*,#545,.T.);
#545 = EDGE_CURVE('',#279,#180,#546,.T.);
#546 = LINE('',#547,#548);
#547 = CARTESIAN_POINT('',(155.,120.,0.));
#548 = VECTOR('',#549,1.);
#549 = DIRECTION('',(0.,0.,1.));
#550 = CYLINDRICAL_SURFACE('',#551,10.);
#551 = AXIS2_PLACEMENT_3D('',#552,#553,#554);
#552 = CARTESIAN_POINT('',(155.,110.,0.));
#553 = DIRECTION('',(0.,0.,1.));
#554 = DIRECTION('',(1.,0.,-0.));
#555 = ADVANCED_FACE('',(#556,#567),#601,.T.);
#556 = FACE_BOUND('',#557,.T.);
#557 = EDGE_LOOP('',(#558,#559,#565,#566));
#558 = ORIENTED_EDGE('',*,*,#278,.F.);
#559 = ORIENTED_EDGE('',*,*,#560,.T.);
#560 = EDGE_CURVE('',#270,#189,#561,.T.);
#561 = LINE('',#562,#563);
#562 = CARTESIAN_POINT('',(10.,120.,0.));
#563 = VECTOR('',#564,1.);
#564 = DIRECTION('',(0.,0.,1.));
#565 = ORIENTED_EDGE('',*,*,#188,.T.);
#566 = ORIENTED_EDGE('',*,*,#545,.F.);
#567 = FACE_BOUND('',#568,.T.);
#568 = EDGE_LOOP('',(#569,#579,#587,#595));
#569 = ORIENTED_EDGE('',*,*,#570,.F.);
#570 = EDGE_CURVE('',#571,#573,#575,.T.);
#571 = VERTEX_POINT('',#572);
#572 = CARTESIAN_POINT('',(42.,120.,22.6));
#573 = VERTEX_POINT('',#574);
#574 = CARTESIAN_POINT('',(110.,120.,22.6));
#575 = LINE('',#576,#577);
#576 = CARTESIAN_POINT('',(26.,120.,22.6));
#577 = VECTOR('',#578,1.);
#578 = DIRECTION('',(1.,0.,-0.));
#579 = ORIENTED_EDGE('',*,*,#580,.T.);
#580 = EDGE_CURVE('',#571,#581,#583,.T.);
#581 = VERTEX_POINT('',#582);
#582 = CARTESIAN_POINT('',(42.,120.,22.));
#583 = LINE('',#584,#585);
#584 = CARTESIAN_POINT('',(42.,120.,11.));
#585 = VECTOR('',#586,1.);
#586 = DIRECTION('',(-0.,0.,-1.));
#587 = ORIENTED_EDGE('',*,*,#588,.T.);
#588 = EDGE_CURVE('',#581,#589,#591,.T.);
#589 = VERTEX_POINT('',#590);
#590 = CARTESIAN_POINT('',(110.,120.,22.));
#591 = LINE('',#592,#593);
#592 = CARTESIAN_POINT('',(26.,120.,22.));
#593 = VECTOR('',#594,1.);
#594 = DIRECTION('',(1.,0.,-0.));
#595 = ORIENTED_EDGE('',*,*,#596,.F.);
#596 = EDGE_CURVE('',#573,#589,#597,.T.);
#597 = LINE('',#598,#599);
#598 = CARTESIAN_POINT('',(110.,120.,11.));
#599 = VECTOR('',#600,1.);
#600 = DIRECTION('',(-0.,0.,-1.));
#601 = PLANE('',#602);
#602 = AXIS2_PLACEMENT_3D('',#603,#604,#605);
#603 = CARTESIAN_POINT('',(10.,120.,0.));
#604 = DIRECTION('',(-0.,1.,0.));
#605 = DIRECTION('',(0.,0.,1.));
#606 = ADVANCED_FACE('',(#607,#613),#624,.T.);
#607 = FACE_BOUND('',#608,.T.);
#608 = EDGE_LOOP('',(#609,#610,#611,#612));
#609 = ORIENTED_EDGE('',*,*,#196,.F.);
#610 = ORIENTED_EDGE('',*,*,#560,.F.);
#611 = ORIENTED_EDGE('',*,*,#269,.T.);
#612 = ORIENTED_EDGE('',*,*,#228,.T.);
#613 = FACE_BOUND('',#614,.T.);
#614 = EDGE_LOOP('',(#615,#616,#617,#623));
#615 = ORIENTED_EDGE('',*,*,#471,.F.);
#616 = ORIENTED_EDGE('',*,*,#370,.F.);
#617 = ORIENTED_EDGE('',*,*,#618,.T.);
#618 = EDGE_CURVE('',#363,#446,#619,.T.);
#619 = LINE('',#620,#621);
#620 = CARTESIAN_POINT('',(4.276364791498,118.2,0.));
#621 = VECTOR('',#622,1.);
#622 = DIRECTION('',(0.,0.,1.));
#623 = ORIENTED_EDGE('',*,*,#453,.T.);
#624 = CYLINDRICAL_SURFACE('',#625,10.);
#625 = AXIS2_PLACEMENT_3D('',#626,#627,#628);
#626 = CARTESIAN_POINT('',(10.,110.,0.));
#627 = DIRECTION('',(0.,0.,1.));
#628 = DIRECTION('',(1.,0.,-0.));
#629 = ADVANCED_FACE('',(#630),#636,.T.);
#630 = FACE_BOUND('',#631,.T.);
#631 = EDGE_LOOP('',(#632,#633,#634,#635));
#632 = ORIENTED_EDGE('',*,*,#488,.F.);
#633 = ORIENTED_EDGE('',*,*,#295,.T.);
#634 = ORIENTED_EDGE('',*,*,#538,.T.);
#635 = ORIENTED_EDGE('',*,*,#345,.T.);
#636 = PLANE('',#637);
#637 = AXIS2_PLACEMENT_3D('',#638,#639,#640);
#638 = CARTESIAN_POINT('',(165.,10.,0.));
#639 = DIRECTION('',(1.,0.,-0.));
#640 = DIRECTION('',(0.,0.,1.));
#641 = ADVANCED_FACE('',(#642),#648,.F.);
#642 = FACE_BOUND('',#643,.F.);
#643 = EDGE_LOOP('',(#644,#645,#646,#647));
#644 = ORIENTED_EDGE('',*,*,#362,.F.);
#645 = ORIENTED_EDGE('',*,*,#618,.T.);
#646 = ORIENTED_EDGE('',*,*,#445,.T.);
#647 = ORIENTED_EDGE('',*,*,#531,.F.);
#648 = PLANE('',#649);
#649 = AXIS2_PLACEMENT_3D('',#650,#651,#652);
#650 = CARTESIAN_POINT('',(1.8,118.2,1.8));
#651 = DIRECTION('',(-0.,1.,0.));
#652 = DIRECTION('',(0.,0.,1.));
#653 = ADVANCED_FACE('',(#654),#679,.F.);
#654 = FACE_BOUND('',#655,.F.);
#655 = EDGE_LOOP('',(#656,#664,#672,#678));
#656 = ORIENTED_EDGE('',*,*,#657,.F.);
#657 = EDGE_CURVE('',#658,#571,#660,.T.);
#658 = VERTEX_POINT('',#659);
#659 = CARTESIAN_POINT('',(42.,119.,22.6));
#660 = LINE('',#661,#662);
#661 = CARTESIAN_POINT('',(42.,119.,22.6));
#662 = VECTOR('',#663,1.);
#663 = DIRECTION('',(-0.,1.,0.));
#664 = ORIENTED_EDGE('',*,*,#665,.T.);
#665 = EDGE_CURVE('',#658,#666,#668,.T.);
#666 = VERTEX_POINT('',#667);
#667 = CARTESIAN_POINT('',(110.,119.,22.6));
#668 = LINE('',#669,#670);
#669 = CARTESIAN_POINT('',(42.,119.,22.6));
#670 = VECTOR('',#671,1.);
#671 = DIRECTION('',(1.,0.,-0.));
#672 = ORIENTED_EDGE('',*,*,#673,.T.);
#673 = EDGE_CURVE('',#666,#573,#674,.T.);
#674 = LINE('',#675,#676);
#675 = CARTESIAN_POINT('',(110.,119.,22.6));
#676 = VECTOR('',#677,1.);
#677 = DIRECTION('',(-0.,1.,0.));
#678 = ORIENTED_EDGE('',*,*,#570,.F.);
#679 = PLANE('',#680);
#680 = AXIS2_PLACEMENT_3D('',#681,#682,#683);
#681 = CARTESIAN_POINT('',(42.,119.,22.6));
#682 = DIRECTION('',(0.,0.,1.));
#683 = DIRECTION('',(1.,0.,-0.));
#684 = ADVANCED_FACE('',(#685),#703,.F.);
#685 = FACE_BOUND('',#686,.F.);
#686 = EDGE_LOOP('',(#687,#688,#696,#702));
#687 = ORIENTED_EDGE('',*,*,#673,.F.);
#688 = ORIENTED_EDGE('',*,*,#689,.F.);
#689 = EDGE_CURVE('',#690,#666,#692,.T.);
#690 = VERTEX_POINT('',#691);
#691 = CARTESIAN_POINT('',(110.,119.,22.));
#692 = LINE('',#693,#694);
#693 = CARTESIAN_POINT('',(110.,119.,22.));
#694 = VECTOR('',#695,1.);
#695 = DIRECTION('',(0.,0.,1.));
#696 = ORIENTED_EDGE('',*,*,#697,.T.);
#697 = EDGE_CURVE('',#690,#589,#698,.T.);
#698 = LINE('',#699,#700);
#699 = CARTESIAN_POINT('',(110.,119.,22.));
#700 = VECTOR('',#701,1.);
#701 = DIRECTION('',(-0.,1.,0.));
#702 = ORIENTED_EDGE('',*,*,#596,.F.);
#703 = PLANE('',#704);
#704 = AXIS2_PLACEMENT_3D('',#705,#706,#707);
#705 = CARTESIAN_POINT('',(110.,119.,22.));
#706 = DIRECTION('',(1.,0.,-0.));
#707 = DIRECTION('',(0.,0.,1.));
#708 = ADVANCED_FACE('',(#709),#727,.T.);
#709 = FACE_BOUND('',#710,.T.);
#710 = EDGE_LOOP('',(#711,#719,#725,#726));
#711 = ORIENTED_EDGE('',*,*,#712,.F.);
#712 = EDGE_CURVE('',#713,#581,#715,.T.);
#713 = VERTEX_POINT('',#714);
#714 = CARTESIAN_POINT('',(42.,119.,22.));
#715 = LINE('',#716,#717);
#716 = CARTESIAN_POINT('',(42.,119.,22.));
#717 = VECTOR('',#718,1.);
#718 = DIRECTION('',(-0.,1.,0.));
#719 = ORIENTED_EDGE('',*,*,#720,.T.);
#720 = EDGE_CURVE('',#713,#690,#721,.T.);
#721 = LINE('',#722,#723);
#722 = CARTESIAN_POINT('',(42.,119.,22.));
#723 = VECTOR('',#724,1.);
#724 = DIRECTION('',(1.,0.,-0.));
#725 = ORIENTED_EDGE('',*,*,#697,.T.);
#726 = ORIENTED_EDGE('',*,*,#588,.F.);
#727 = PLANE('',#728);
#728 = AXIS2_PLACEMENT_3D('',#729,#730,#731);
#729 = CARTESIAN_POINT('',(42.,119.,22.));
#730 = DIRECTION('',(0.,0.,1.));
#731 = DIRECTION('',(1.,0.,-0.));
#732 = ADVANCED_FACE('',(#733),#744,.T.);
#733 = FACE_BOUND('',#734,.T.);
#734 = EDGE_LOOP('',(#735,#736,#742,#743));
#735 = ORIENTED_EDGE('',*,*,#657,.F.);
#736 = ORIENTED_EDGE('',*,*,#737,.F.);
#737 = EDGE_CURVE('',#713,#658,#738,.T.);
#738 = LINE('',#739,#740);
#739 = CARTESIAN_POINT('',(42.,119.,22.));
#740 = VECTOR('',#741,1.);
#741 = DIRECTION('',(0.,0.,1.));
#742 = ORIENTED_EDGE('',*,*,#712,.T.);
#743 = ORIENTED_EDGE('',*,*,#580,.F.);
#744 = PLANE('',#745);
#745 = AXIS2_PLACEMENT_3D('',#746,#747,#748);
#746 = CARTESIAN_POINT('',(42.,119.,22.));
#747 = DIRECTION('',(1.,0.,-0.));
#748 = DIRECTION('',(0.,0.,1.));
#749 = ADVANCED_FACE('',(#750),#756,.T.);
#750 = FACE_BOUND('',#751,.T.);
#751 = EDGE_LOOP('',(#752,#753,#754,#755));
#752 = ORIENTED_EDGE('',*,*,#720,.F.);
#753 = ORIENTED_EDGE('',*,*,#737,.T.);
#754 = ORIENTED_EDGE('',*,*,#665,.T.);
#755 = ORIENTED_EDGE('',*,*,#689,.F.);
#756 = PLANE('',#757);
#757 = AXIS2_PLACEMENT_3D('',#758,#759,#760);
#758 = CARTESIAN_POINT('',(42.,119.,22.));
#759 = DIRECTION('',(-0.,1.,0.));
#760 = DIRECTION('',(0.,0.,1.));
#761 = ( GEOMETRIC_REPRESENTATION_CONTEXT(3) 
GLOBAL_UNCERTAINTY_ASSIGNED_CONTEXT((#765)) GLOBAL_UNIT_ASSIGNED_CONTEXT
((#762,#763,#764)) REPRESENTATION_CONTEXT('Context #1',
  '3D Context with UNIT and UNCERTAINTY') );
#762 = ( LENGTH_UNIT() NAMED_UNIT(*) SI_UNIT(.MILLI.,.METRE.) );
#763 = ( NAMED_UNIT(*) PLANE_ANGLE_UNIT() SI_UNIT($,.RADIAN.) );
#764 = ( NAMED_UNIT(*) SI_UNIT($,.STERADIAN.) SOLID_ANGLE_UNIT() );
#765 = UNCERTAINTY_MEASURE_WITH_UNIT(LENGTH_MEASURE(1.E-07),#762,
  'distance_accuracy_value','confusion accuracy');
#766 = CONTEXT_DEPENDENT_SHAPE_REPRESENTATION(#767,#769);
#767 = ( REPRESENTATION_RELATIONSHIP('','',#68,#10) 
REPRESENTATION_RELATIONSHIP_WITH_TRANSFORMATION(#768) 
SHAPE_REPRESENTATION_RELATIONSHIP() );
#768 = ITEM_DEFINED_TRANSFORMATION('','',#11,#15);
#769 = PRODUCT_DEFINITION_SHAPE('Placement','Placement of an item',#770
  );
#770 = NEXT_ASSEMBLY_USAGE_OCCURRENCE('1','Protective outer case','',#5,
  #63,$);
#771 = PRODUCT_RELATED_PRODUCT_CATEGORY('part',$,(#65));
#772 = SHAPE_DEFINITION_REPRESENTATION(#773,#779);
#773 = PRODUCT_DEFINITION_SHAPE('','',#774);
#774 = PRODUCT_DEFINITION('design','',#775,#778);
#775 = PRODUCT_DEFINITION_FORMATION('','',#776);
#776 = PRODUCT('Sliding six-stamp tray','Sliding six-stamp tray','',(
    #777));
#777 = PRODUCT_CONTEXT('',#2,'mechanical');
#778 = PRODUCT_DEFINITION_CONTEXT('part definition',#2,'design');
#779 = ADVANCED_BREP_SHAPE_REPRESENTATION('',(#11,#780),#2030);
#780 = MANIFOLD_SOLID_BREP('',#781);
#781 = CLOSED_SHELL('',(#782,#822,#853,#912,#952,#983,#1014,#1210,#1268,
    #1285,#1302,#1333,#1357,#1381,#1405,#1429,#1453,#1477,#1501,#1525,
    #1549,#1573,#1597,#1621,#1645,#1669,#1693,#1717,#1741,#1765,#1782,
    #1819,#1836,#1848,#1860,#1922,#1953,#1977,#2001,#2018));
#782 = ADVANCED_FACE('',(#783),#817,.T.);
#783 = FACE_BOUND('',#784,.T.);
#784 = EDGE_LOOP('',(#785,#795,#803,#811));
#785 = ORIENTED_EDGE('',*,*,#786,.T.);
#786 = EDGE_CURVE('',#787,#789,#791,.T.);
#787 = VERTEX_POINT('',#788);
#788 = CARTESIAN_POINT('',(55.,3.,2.3));
#789 = VERTEX_POINT('',#790);
#790 = CARTESIAN_POINT('',(55.,3.,6.3));
#791 = LINE('',#792,#793);
#792 = CARTESIAN_POINT('',(55.,3.,2.3));
#793 = VECTOR('',#794,1.);
#794 = DIRECTION('',(0.,0.,1.));
#795 = ORIENTED_EDGE('',*,*,#796,.T.);
#796 = EDGE_CURVE('',#789,#797,#799,.T.);
#797 = VERTEX_POINT('',#798);
#798 = CARTESIAN_POINT('',(55.,117.,6.3));
#799 = LINE('',#800,#801);
#800 = CARTESIAN_POINT('',(55.,3.,6.3));
#801 = VECTOR('',#802,1.);
#802 = DIRECTION('',(-0.,1.,0.));
#803 = ORIENTED_EDGE('',*,*,#804,.F.);
#804 = EDGE_CURVE('',#805,#797,#807,.T.);
#805 = VERTEX_POINT('',#806);
#806 = CARTESIAN_POINT('',(55.,117.,2.3));
#807 = LINE('',#808,#809);
#808 = CARTESIAN_POINT('',(55.,117.,2.3));
#809 = VECTOR('',#810,1.);
#810 = DIRECTION('',(0.,0.,1.));
#811 = ORIENTED_EDGE('',*,*,#812,.F.);
#812 = EDGE_CURVE('',#787,#805,#813,.T.);
#813 = LINE('',#814,#815);
#814 = CARTESIAN_POINT('',(55.,3.,2.3));
#815 = VECTOR('',#816,1.);
#816 = DIRECTION('',(-0.,1.,0.));
#817 = PLANE('',#818);
#818 = AXIS2_PLACEMENT_3D('',#819,#820,#821);
#819 = CARTESIAN_POINT('',(55.,60.,4.3));
#820 = DIRECTION('',(-1.,-0.,-0.));
#821 = DIRECTION('',(0.,0.,-1.));
#822 = ADVANCED_FACE('',(#823),#848,.T.);
#823 = FACE_BOUND('',#824,.T.);
#824 = EDGE_LOOP('',(#825,#833,#841,#847));
#825 = ORIENTED_EDGE('',*,*,#826,.T.);
#826 = EDGE_CURVE('',#787,#827,#829,.T.);
#827 = VERTEX_POINT('',#828);
#828 = CARTESIAN_POINT('',(163.,3.,2.3));
#829 = LINE('',#830,#831);
#830 = CARTESIAN_POINT('',(55.,3.,2.3));
#831 = VECTOR('',#832,1.);
#832 = DIRECTION('',(1.,0.,-0.));
#833 = ORIENTED_EDGE('',*,*,#834,.T.);
#834 = EDGE_CURVE('',#827,#835,#837,.T.);
#835 = VERTEX_POINT('',#836);
#836 = CARTESIAN_POINT('',(163.,3.,6.3));
#837 = LINE('',#838,#839);
#838 = CARTESIAN_POINT('',(163.,3.,2.3));
#839 = VECTOR('',#840,1.);
#840 = DIRECTION('',(0.,0.,1.));
#841 = ORIENTED_EDGE('',*,*,#842,.F.);
#842 = EDGE_CURVE('',#789,#835,#843,.T.);
#843 = LINE('',#844,#845);
#844 = CARTESIAN_POINT('',(55.,3.,6.3));
#845 = VECTOR('',#846,1.);
#846 = DIRECTION('',(1.,0.,-0.));
#847 = ORIENTED_EDGE('',*,*,#786,.F.);
#848 = PLANE('',#849);
#849 = AXIS2_PLACEMENT_3D('',#850,#851,#852);
#850 = CARTESIAN_POINT('',(109.,3.,4.3));
#851 = DIRECTION('',(-0.,-1.,-0.));
#852 = DIRECTION('',(0.,0.,-1.));
#853 = ADVANCED_FACE('',(#854),#907,.F.);
#854 = FACE_BOUND('',#855,.T.);
#855 = EDGE_LOOP('',(#856,#857,#865,#873,#882,#891,#900,#906));
#856 = ORIENTED_EDGE('',*,*,#812,.T.);
#857 = ORIENTED_EDGE('',*,*,#858,.T.);
#858 = EDGE_CURVE('',#805,#859,#861,.T.);
#859 = VERTEX_POINT('',#860);
#860 = CARTESIAN_POINT('',(163.,117.,2.3));
#861 = LINE('',#862,#863);
#862 = CARTESIAN_POINT('',(55.,117.,2.3));
#863 = VECTOR('',#864,1.);
#864 = DIRECTION('',(1.,0.,-0.));
#865 = ORIENTED_EDGE('',*,*,#866,.F.);
#866 = EDGE_CURVE('',#867,#859,#869,.T.);
#867 = VERTEX_POINT('',#868);
#868 = CARTESIAN_POINT('',(163.,70.816653826392,2.3));
#869 = LINE('',#870,#871);
#870 = CARTESIAN_POINT('',(163.,3.,2.3));
#871 = VECTOR('',#872,1.);
#872 = DIRECTION('',(-0.,1.,0.));
#873 = ORIENTED_EDGE('',*,*,#874,.T.);
#874 = EDGE_CURVE('',#867,#875,#877,.T.);
#875 = VERTEX_POINT('',#876);
#876 = CARTESIAN_POINT('',(161.6,70.461357464498,2.3));
#877 = CIRCLE('',#878,11.);
#878 = AXIS2_PLACEMENT_3D('',#879,#880,#881);
#879 = CARTESIAN_POINT('',(165.,60.,2.3));
#880 = DIRECTION('',(0.,0.,1.));
#881 = DIRECTION('',(1.,0.,-0.));
#882 = ORIENTED_EDGE('',*,*,#883,.T.);
#883 = EDGE_CURVE('',#875,#884,#886,.T.);
#884 = VERTEX_POINT('',#885);
#885 = CARTESIAN_POINT('',(161.6,49.538642535502,2.3));
#886 = CIRCLE('',#887,11.);
#887 = AXIS2_PLACEMENT_3D('',#888,#889,#890);
#888 = CARTESIAN_POINT('',(165.,60.,2.3));
#889 = DIRECTION('',(0.,0.,1.));
#890 = DIRECTION('',(1.,0.,-0.));
#891 = ORIENTED_EDGE('',*,*,#892,.T.);
#892 = EDGE_CURVE('',#884,#893,#895,.T.);
#893 = VERTEX_POINT('',#894);
#894 = CARTESIAN_POINT('',(163.,49.183346173608,2.3));
#895 = CIRCLE('',#896,11.);
#896 = AXIS2_PLACEMENT_3D('',#897,#898,#899);
#897 = CARTESIAN_POINT('',(165.,60.,2.3));
#898 = DIRECTION('',(0.,0.,1.));
#899 = DIRECTION('',(1.,0.,-0.));
#900 = ORIENTED_EDGE('',*,*,#901,.F.);
#901 = EDGE_CURVE('',#827,#893,#902,.T.);
#902 = LINE('',#903,#904);
#903 = CARTESIAN_POINT('',(163.,3.,2.3));
#904 = VECTOR('',#905,1.);
#905 = DIRECTION('',(-0.,1.,0.));
#906 = ORIENTED_EDGE('',*,*,#826,.F.);
#907 = PLANE('',#908);
#908 = AXIS2_PLACEMENT_3D('',#909,#910,#911);
#909 = CARTESIAN_POINT('',(55.,3.,2.3));
#910 = DIRECTION('',(0.,0.,1.));
#911 = DIRECTION('',(1.,0.,-0.));
#912 = ADVANCED_FACE('',(#913),#947,.T.);
#913 = FACE_BOUND('',#914,.T.);
#914 = EDGE_LOOP('',(#915,#925,#933,#941));
#915 = ORIENTED_EDGE('',*,*,#916,.F.);
#916 = EDGE_CURVE('',#917,#919,#921,.T.);
#917 = VERTEX_POINT('',#918);
#918 = CARTESIAN_POINT('',(56.4,4.4,6.3));
#919 = VERTEX_POINT('',#920);
#920 = CARTESIAN_POINT('',(56.4,115.6,6.3));
#921 = LINE('',#922,#923);
#922 = CARTESIAN_POINT('',(56.4,3.,6.3));
#923 = VECTOR('',#924,1.);
#924 = DIRECTION('',(-0.,1.,0.));
#925 = ORIENTED_EDGE('',*,*,#926,.T.);
#926 = EDGE_CURVE('',#917,#927,#929,.T.);
#927 = VERTEX_POINT('',#928);
#928 = CARTESIAN_POINT('',(56.4,4.4,3.8));
#929 = LINE('',#930,#931);
#930 = CARTESIAN_POINT('',(56.4,4.4,2.3));
#931 = VECTOR('',#932,1.);
#932 = DIRECTION('',(-0.,0.,-1.));
#933 = ORIENTED_EDGE('',*,*,#934,.T.);
#934 = EDGE_CURVE('',#927,#935,#937,.T.);
#935 = VERTEX_POINT('',#936);
#936 = CARTESIAN_POINT('',(56.4,115.6,3.8));
#937 = LINE('',#938,#939);
#938 = CARTESIAN_POINT('',(56.4,3.,3.8));
#939 = VECTOR('',#940,1.);
#940 = DIRECTION('',(-0.,1.,0.));
#941 = ORIENTED_EDGE('',*,*,#942,.F.);
#942 = EDGE_CURVE('',#919,#935,#943,.T.);
#943 = LINE('',#944,#945);
#944 = CARTESIAN_POINT('',(56.4,115.6,2.3));
#945 = VECTOR('',#946,1.);
#946 = DIRECTION('',(-0.,0.,-1.));
#947 = PLANE('',#948);
#948 = AXIS2_PLACEMENT_3D('',#949,#950,#951);
#949 = CARTESIAN_POINT('',(56.4,3.,2.3));
#950 = DIRECTION('',(1.,0.,-0.));
#951 = DIRECTION('',(0.,0.,1.));
#952 = ADVANCED_FACE('',(#953),#978,.T.);
#953 = FACE_BOUND('',#954,.T.);
#954 = EDGE_LOOP('',(#955,#965,#971,#972));
#955 = ORIENTED_EDGE('',*,*,#956,.T.);
#956 = EDGE_CURVE('',#957,#959,#961,.T.);
#957 = VERTEX_POINT('',#958);
#958 = CARTESIAN_POINT('',(161.6,4.4,6.3));
#959 = VERTEX_POINT('',#960);
#960 = CARTESIAN_POINT('',(161.6,4.4,3.8));
#961 = LINE('',#962,#963);
#962 = CARTESIAN_POINT('',(161.6,4.4,2.3));
#963 = VECTOR('',#964,1.);
#964 = DIRECTION('',(-0.,0.,-1.));
#965 = ORIENTED_EDGE('',*,*,#966,.T.);
#966 = EDGE_CURVE('',#959,#927,#967,.T.);
#967 = LINE('',#968,#969);
#968 = CARTESIAN_POINT('',(55.,4.4,3.8));
#969 = VECTOR('',#970,1.);
#970 = DIRECTION('',(-1.,-0.,0.));
#971 = ORIENTED_EDGE('',*,*,#926,.F.);
#972 = ORIENTED_EDGE('',*,*,#973,.T.);
#973 = EDGE_CURVE('',#917,#957,#974,.T.);
#974 = LINE('',#975,#976);
#975 = CARTESIAN_POINT('',(55.,4.4,6.3));
#976 = VECTOR('',#977,1.);
#977 = DIRECTION('',(1.,0.,-0.));
#978 = PLANE('',#979);
#979 = AXIS2_PLACEMENT_3D('',#980,#981,#982);
#980 = CARTESIAN_POINT('',(55.,4.4,2.3));
#981 = DIRECTION('',(-0.,1.,0.));
#982 = DIRECTION('',(0.,0.,1.));
#983 = ADVANCED_FACE('',(#984),#1009,.F.);
#984 = FACE_BOUND('',#985,.F.);
#985 = EDGE_LOOP('',(#986,#996,#1002,#1003));
#986 = ORIENTED_EDGE('',*,*,#987,.T.);
#987 = EDGE_CURVE('',#988,#990,#992,.T.);
#988 = VERTEX_POINT('',#989);
#989 = CARTESIAN_POINT('',(161.6,115.6,6.3));
#990 = VERTEX_POINT('',#991);
#991 = CARTESIAN_POINT('',(161.6,115.6,3.8));
#992 = LINE('',#993,#994);
#993 = CARTESIAN_POINT('',(161.6,115.6,2.3));
#994 = VECTOR('',#995,1.);
#995 = DIRECTION('',(-0.,0.,-1.));
#996 = ORIENTED_EDGE('',*,*,#997,.T.);
#997 = EDGE_CURVE('',#990,#935,#998,.T.);
#998 = LINE('',#999,#1000);
#999 = CARTESIAN_POINT('',(55.,115.6,3.8));
#1000 = VECTOR('',#1001,1.);
#1001 = DIRECTION('',(-1.,-0.,0.));
#1002 = ORIENTED_EDGE('',*,*,#942,.F.);
#1003 = ORIENTED_EDGE('',*,*,#1004,.T.);
#1004 = EDGE_CURVE('',#919,#988,#1005,.T.);
#1005 = LINE('',#1006,#1007);
#1006 = CARTESIAN_POINT('',(55.,115.6,6.3));
#1007 = VECTOR('',#1008,1.);
#1008 = DIRECTION('',(1.,0.,-0.));
#1009 = PLANE('',#1010);
#1010 = AXIS2_PLACEMENT_3D('',#1011,#1012,#1013);
#1011 = CARTESIAN_POINT('',(55.,115.6,2.3));
#1012 = DIRECTION('',(-0.,1.,0.));
#1013 = DIRECTION('',(0.,0.,1.));
#1014 = ADVANCED_FACE('',(#1015,#1043),#1205,.T.);
#1015 = FACE_BOUND('',#1016,.T.);
#1016 = EDGE_LOOP('',(#1017,#1018,#1019,#1027,#1036,#1042));
#1017 = ORIENTED_EDGE('',*,*,#934,.F.);
#1018 = ORIENTED_EDGE('',*,*,#966,.F.);
#1019 = ORIENTED_EDGE('',*,*,#1020,.T.);
#1020 = EDGE_CURVE('',#959,#1021,#1023,.T.);
#1021 = VERTEX_POINT('',#1022);
#1022 = CARTESIAN_POINT('',(161.6,49.538642535502,3.8));
#1023 = LINE('',#1024,#1025);
#1024 = CARTESIAN_POINT('',(161.6,3.,3.8));
#1025 = VECTOR('',#1026,1.);
#1026 = DIRECTION('',(-0.,1.,0.));
#1027 = ORIENTED_EDGE('',*,*,#1028,.F.);
#1028 = EDGE_CURVE('',#1029,#1021,#1031,.T.);
#1029 = VERTEX_POINT('',#1030);
#1030 = CARTESIAN_POINT('',(161.6,70.461357464498,3.8));
#1031 = CIRCLE('',#1032,11.);
#1032 = AXIS2_PLACEMENT_3D('',#1033,#1034,#1035);
#1033 = CARTESIAN_POINT('',(165.,60.,3.8));
#1034 = DIRECTION('',(0.,0.,1.));
#1035 = DIRECTION('',(1.,0.,-0.));
#1036 = ORIENTED_EDGE('',*,*,#1037,.T.);
#1037 = EDGE_CURVE('',#1029,#990,#1038,.T.);
#1038 = LINE('',#1039,#1040);
#1039 = CARTESIAN_POINT('',(161.6,3.,3.8));
#1040 = VECTOR('',#1041,1.);
#1041 = DIRECTION('',(-0.,1.,0.));
#1042 = ORIENTED_EDGE('',*,*,#997,.T.);
#1043 = FACE_BOUND('',#1044,.T.);
#1044 = EDGE_LOOP('',(#1045,#1055,#1063,#1071,#1079,#1087,#1095,#1103,
    #1111,#1119,#1127,#1135,#1143,#1151,#1159,#1167,#1175,#1183,#1191,
    #1199));
#1045 = ORIENTED_EDGE('',*,*,#1046,.F.);
#1046 = EDGE_CURVE('',#1047,#1049,#1051,.T.);
#1047 = VERTEX_POINT('',#1048);
#1048 = CARTESIAN_POINT('',(89.3,5.,3.8));
#1049 = VERTEX_POINT('',#1050);
#1050 = CARTESIAN_POINT('',(90.4,5.,3.8));
#1051 = LINE('',#1052,#1053);
#1052 = CARTESIAN_POINT('',(89.3,5.,3.8));
#1053 = VECTOR('',#1054,1.);
#1054 = DIRECTION('',(1.,0.,-0.));
#1055 = ORIENTED_EDGE('',*,*,#1056,.T.);
#1056 = EDGE_CURVE('',#1047,#1057,#1059,.T.);
#1057 = VERTEX_POINT('',#1058);
#1058 = CARTESIAN_POINT('',(89.3,38.,3.8));
#1059 = LINE('',#1060,#1061);
#1060 = CARTESIAN_POINT('',(89.3,5.,3.8));
#1061 = VECTOR('',#1062,1.);
#1062 = DIRECTION('',(-0.,1.,0.));
#1063 = ORIENTED_EDGE('',*,*,#1064,.F.);
#1064 = EDGE_CURVE('',#1065,#1057,#1067,.T.);
#1065 = VERTEX_POINT('',#1066);
#1066 = CARTESIAN_POINT('',(58.,38.,3.8));
#1067 = LINE('',#1068,#1069);
#1068 = CARTESIAN_POINT('',(58.,38.,3.8));
#1069 = VECTOR('',#1070,1.);
#1070 = DIRECTION('',(1.,0.,-0.));
#1071 = ORIENTED_EDGE('',*,*,#1072,.T.);
#1072 = EDGE_CURVE('',#1065,#1073,#1075,.T.);
#1073 = VERTEX_POINT('',#1074);
#1074 = CARTESIAN_POINT('',(58.,39.1,3.8));
#1075 = LINE('',#1076,#1077);
#1076 = CARTESIAN_POINT('',(58.,38.,3.8));
#1077 = VECTOR('',#1078,1.);
#1078 = DIRECTION('',(-0.,1.,0.));
#1079 = ORIENTED_EDGE('',*,*,#1080,.T.);
#1080 = EDGE_CURVE('',#1073,#1081,#1083,.T.);
#1081 = VERTEX_POINT('',#1082);
#1082 = CARTESIAN_POINT('',(89.3,39.1,3.8));
#1083 = LINE('',#1084,#1085);
#1084 = CARTESIAN_POINT('',(58.,39.1,3.8));
#1085 = VECTOR('',#1086,1.);
#1086 = DIRECTION('',(1.,0.,-0.));
#1087 = ORIENTED_EDGE('',*,*,#1088,.T.);
#1088 = EDGE_CURVE('',#1081,#1089,#1091,.T.);
#1089 = VERTEX_POINT('',#1090);
#1090 = CARTESIAN_POINT('',(89.3,72.,3.8));
#1091 = LINE('',#1092,#1093);
#1092 = CARTESIAN_POINT('',(89.3,5.,3.8));
#1093 = VECTOR('',#1094,1.);
#1094 = DIRECTION('',(-0.,1.,0.));
#1095 = ORIENTED_EDGE('',*,*,#1096,.F.);
#1096 = EDGE_CURVE('',#1097,#1089,#1099,.T.);
#1097 = VERTEX_POINT('',#1098);
#1098 = CARTESIAN_POINT('',(58.,72.,3.8));
#1099 = LINE('',#1100,#1101);
#1100 = CARTESIAN_POINT('',(58.,72.,3.8));
#1101 = VECTOR('',#1102,1.);
#1102 = DIRECTION('',(1.,0.,-0.));
#1103 = ORIENTED_EDGE('',*,*,#1104,.T.);
#1104 = EDGE_CURVE('',#1097,#1105,#1107,.T.);
#1105 = VERTEX_POINT('',#1106);
#1106 = CARTESIAN_POINT('',(58.,73.1,3.8));
#1107 = LINE('',#1108,#1109);
#1108 = CARTESIAN_POINT('',(58.,72.,3.8));
#1109 = VECTOR('',#1110,1.);
#1110 = DIRECTION('',(-0.,1.,0.));
#1111 = ORIENTED_EDGE('',*,*,#1112,.T.);
#1112 = EDGE_CURVE('',#1105,#1113,#1115,.T.);
#1113 = VERTEX_POINT('',#1114);
#1114 = CARTESIAN_POINT('',(157.,73.1,3.8));
#1115 = LINE('',#1116,#1117);
#1116 = CARTESIAN_POINT('',(58.,73.1,3.8));
#1117 = VECTOR('',#1118,1.);
#1118 = DIRECTION('',(1.,0.,-0.));
#1119 = ORIENTED_EDGE('',*,*,#1120,.F.);
#1120 = EDGE_CURVE('',#1121,#1113,#1123,.T.);
#1121 = VERTEX_POINT('',#1122);
#1122 = CARTESIAN_POINT('',(157.,72.,3.8));
#1123 = LINE('',#1124,#1125);
#1124 = CARTESIAN_POINT('',(157.,72.,3.8));
#1125 = VECTOR('',#1126,1.);
#1126 = DIRECTION('',(-0.,1.,0.));
#1127 = ORIENTED_EDGE('',*,*,#1128,.F.);
#1128 = EDGE_CURVE('',#1129,#1121,#1131,.T.);
#1129 = VERTEX_POINT('',#1130);
#1130 = CARTESIAN_POINT('',(123.7,72.,3.8));
#1131 = LINE('',#1132,#1133);
#1132 = CARTESIAN_POINT('',(58.,72.,3.8));
#1133 = VECTOR('',#1134,1.);
#1134 = DIRECTION('',(1.,0.,-0.));
#1135 = ORIENTED_EDGE('',*,*,#1136,.F.);
#1136 = EDGE_CURVE('',#1137,#1129,#1139,.T.);
#1137 = VERTEX_POINT('',#1138);
#1138 = CARTESIAN_POINT('',(123.7,39.1,3.8));
#1139 = LINE('',#1140,#1141);
#1140 = CARTESIAN_POINT('',(123.7,5.,3.8));
#1141 = VECTOR('',#1142,1.);
#1142 = DIRECTION('',(-0.,1.,0.));
#1143 = ORIENTED_EDGE('',*,*,#1144,.T.);
#1144 = EDGE_CURVE('',#1137,#1145,#1147,.T.);
#1145 = VERTEX_POINT('',#1146);
#1146 = CARTESIAN_POINT('',(157.,39.1,3.8));
#1147 = LINE('',#1148,#1149);
#1148 = CARTESIAN_POINT('',(58.,39.1,3.8));
#1149 = VECTOR('',#1150,1.);
#1150 = DIRECTION('',(1.,0.,-0.));
#1151 = ORIENTED_EDGE('',*,*,#1152,.F.);
#1152 = EDGE_CURVE('',#1153,#1145,#1155,.T.);
#1153 = VERTEX_POINT('',#1154);
#1154 = CARTESIAN_POINT('',(157.,38.,3.8));
#1155 = LINE('',#1156,#1157);
#1156 = CARTESIAN_POINT('',(157.,38.,3.8));
#1157 = VECTOR('',#1158,1.);
#1158 = DIRECTION('',(-0.,1.,0.));
#1159 = ORIENTED_EDGE('',*,*,#1160,.F.);
#1160 = EDGE_CURVE('',#1161,#1153,#1163,.T.);
#1161 = VERTEX_POINT('',#1162);
#1162 = CARTESIAN_POINT('',(123.7,38.,3.8));
#1163 = LINE('',#1164,#1165);
#1164 = CARTESIAN_POINT('',(58.,38.,3.8));
#1165 = VECTOR('',#1166,1.);
#1166 = DIRECTION('',(1.,0.,-0.));
#1167 = ORIENTED_EDGE('',*,*,#1168,.F.);
#1168 = EDGE_CURVE('',#1169,#1161,#1171,.T.);
#1169 = VERTEX_POINT('',#1170);
#1170 = CARTESIAN_POINT('',(123.7,5.,3.8));
#1171 = LINE('',#1172,#1173);
#1172 = CARTESIAN_POINT('',(123.7,5.,3.8));
#1173 = VECTOR('',#1174,1.);
#1174 = DIRECTION('',(-0.,1.,0.));
#1175 = ORIENTED_EDGE('',*,*,#1176,.F.);
#1176 = EDGE_CURVE('',#1177,#1169,#1179,.T.);
#1177 = VERTEX_POINT('',#1178);
#1178 = CARTESIAN_POINT('',(122.6,5.,3.8));
#1179 = LINE('',#1180,#1181);
#1180 = CARTESIAN_POINT('',(122.6,5.,3.8));
#1181 = VECTOR('',#1182,1.);
#1182 = DIRECTION('',(1.,0.,-0.));
#1183 = ORIENTED_EDGE('',*,*,#1184,.T.);
#1184 = EDGE_CURVE('',#1177,#1185,#1187,.T.);
#1185 = VERTEX_POINT('',#1186);
#1186 = CARTESIAN_POINT('',(122.6,38.,3.8));
#1187 = LINE('',#1188,#1189);
#1188 = CARTESIAN_POINT('',(122.6,5.,3.8));
#1189 = VECTOR('',#1190,1.);
#1190 = DIRECTION('',(-0.,1.,0.));
#1191 = ORIENTED_EDGE('',*,*,#1192,.F.);
#1192 = EDGE_CURVE('',#1193,#1185,#1195,.T.);
#1193 = VERTEX_POINT('',#1194);
#1194 = CARTESIAN_POINT('',(90.4,38.,3.8));
#1195 = LINE('',#1196,#1197);
#1196 = CARTESIAN_POINT('',(58.,38.,3.8));
#1197 = VECTOR('',#1198,1.);
#1198 = DIRECTION('',(1.,0.,-0.));
#1199 = ORIENTED_EDGE('',*,*,#1200,.F.);
#1200 = EDGE_CURVE('',#1049,#1193,#1201,.T.);
#1201 = LINE('',#1202,#1203);
#1202 = CARTESIAN_POINT('',(90.4,5.,3.8));
#1203 = VECTOR('',#1204,1.);
#1204 = DIRECTION('',(-0.,1.,0.));
#1205 = PLANE('',#1206);
#1206 = AXIS2_PLACEMENT_3D('',#1207,#1208,#1209);
#1207 = CARTESIAN_POINT('',(55.,3.,3.8));
#1208 = DIRECTION('',(0.,0.,1.));
#1209 = DIRECTION('',(1.,0.,-0.));
#1210 = ADVANCED_FACE('',(#1211),#1263,.F.);
#1211 = FACE_BOUND('',#1212,.F.);
#1212 = EDGE_LOOP('',(#1213,#1214,#1215,#1216,#1224,#1233,#1239,#1240,
    #1248,#1257));
#1213 = ORIENTED_EDGE('',*,*,#874,.T.);
#1214 = ORIENTED_EDGE('',*,*,#883,.T.);
#1215 = ORIENTED_EDGE('',*,*,#892,.T.);
#1216 = ORIENTED_EDGE('',*,*,#1217,.T.);
#1217 = EDGE_CURVE('',#893,#1218,#1220,.T.);
#1218 = VERTEX_POINT('',#1219);
#1219 = CARTESIAN_POINT('',(163.,49.183346173608,6.3));
#1220 = LINE('',#1221,#1222);
#1221 = CARTESIAN_POINT('',(163.,49.183346173608,1.3));
#1222 = VECTOR('',#1223,1.);
#1223 = DIRECTION('',(0.,0.,1.));
#1224 = ORIENTED_EDGE('',*,*,#1225,.F.);
#1225 = EDGE_CURVE('',#1226,#1218,#1228,.T.);
#1226 = VERTEX_POINT('',#1227);
#1227 = CARTESIAN_POINT('',(161.6,49.538642535502,6.3));
#1228 = CIRCLE('',#1229,11.);
#1229 = AXIS2_PLACEMENT_3D('',#1230,#1231,#1232);
#1230 = CARTESIAN_POINT('',(165.,60.,6.3));
#1231 = DIRECTION('',(0.,0.,1.));
#1232 = DIRECTION('',(1.,0.,-0.));
#1233 = ORIENTED_EDGE('',*,*,#1234,.F.);
#1234 = EDGE_CURVE('',#1021,#1226,#1235,.T.);
#1235 = LINE('',#1236,#1237);
#1236 = CARTESIAN_POINT('',(161.6,49.538642535502,1.3));
#1237 = VECTOR('',#1238,1.);
#1238 = DIRECTION('',(0.,0.,1.));
#1239 = ORIENTED_EDGE('',*,*,#1028,.F.);
#1240 = ORIENTED_EDGE('',*,*,#1241,.T.);
#1241 = EDGE_CURVE('',#1029,#1242,#1244,.T.);
#1242 = VERTEX_POINT('',#1243);
#1243 = CARTESIAN_POINT('',(161.6,70.461357464498,6.3));
#1244 = LINE('',#1245,#1246);
#1245 = CARTESIAN_POINT('',(161.6,70.461357464498,1.3));
#1246 = VECTOR('',#1247,1.);
#1247 = DIRECTION('',(0.,0.,1.));
#1248 = ORIENTED_EDGE('',*,*,#1249,.F.);
#1249 = EDGE_CURVE('',#1250,#1242,#1252,.T.);
#1250 = VERTEX_POINT('',#1251);
#1251 = CARTESIAN_POINT('',(163.,70.816653826392,6.3));
#1252 = CIRCLE('',#1253,11.);
#1253 = AXIS2_PLACEMENT_3D('',#1254,#1255,#1256);
#1254 = CARTESIAN_POINT('',(165.,60.,6.3));
#1255 = DIRECTION('',(0.,0.,1.));
#1256 = DIRECTION('',(1.,0.,-0.));
#1257 = ORIENTED_EDGE('',*,*,#1258,.F.);
#1258 = EDGE_CURVE('',#867,#1250,#1259,.T.);
#1259 = LINE('',#1260,#1261);
#1260 = CARTESIAN_POINT('',(163.,70.816653826392,1.3));
#1261 = VECTOR('',#1262,1.);
#1262 = DIRECTION('',(0.,0.,1.));
#1263 = CYLINDRICAL_SURFACE('',#1264,11.);
#1264 = AXIS2_PLACEMENT_3D('',#1265,#1266,#1267);
#1265 = CARTESIAN_POINT('',(165.,60.,1.3));
#1266 = DIRECTION('',(0.,0.,1.));
#1267 = DIRECTION('',(1.,0.,-0.));
#1268 = ADVANCED_FACE('',(#1269),#1280,.F.);
#1269 = FACE_BOUND('',#1270,.F.);
#1270 = EDGE_LOOP('',(#1271,#1277,#1278,#1279));
#1271 = ORIENTED_EDGE('',*,*,#1272,.F.);
#1272 = EDGE_CURVE('',#957,#1226,#1273,.T.);
#1273 = LINE('',#1274,#1275);
#1274 = CARTESIAN_POINT('',(161.6,3.,6.3));
#1275 = VECTOR('',#1276,1.);
#1276 = DIRECTION('',(-0.,1.,0.));
#1277 = ORIENTED_EDGE('',*,*,#956,.T.);
#1278 = ORIENTED_EDGE('',*,*,#1020,.T.);
#1279 = ORIENTED_EDGE('',*,*,#1234,.T.);
#1280 = PLANE('',#1281);
#1281 = AXIS2_PLACEMENT_3D('',#1282,#1283,#1284);
#1282 = CARTESIAN_POINT('',(161.6,3.,2.3));
#1283 = DIRECTION('',(1.,0.,-0.));
#1284 = DIRECTION('',(0.,0.,1.));
#1285 = ADVANCED_FACE('',(#1286),#1297,.F.);
#1286 = FACE_BOUND('',#1287,.F.);
#1287 = EDGE_LOOP('',(#1288,#1294,#1295,#1296));
#1288 = ORIENTED_EDGE('',*,*,#1289,.F.);
#1289 = EDGE_CURVE('',#1242,#988,#1290,.T.);
#1290 = LINE('',#1291,#1292);
#1291 = CARTESIAN_POINT('',(161.6,3.,6.3));
#1292 = VECTOR('',#1293,1.);
#1293 = DIRECTION('',(-0.,1.,0.));
#1294 = ORIENTED_EDGE('',*,*,#1241,.F.);
#1295 = ORIENTED_EDGE('',*,*,#1037,.T.);
#1296 = ORIENTED_EDGE('',*,*,#987,.F.);
#1297 = PLANE('',#1298);
#1298 = AXIS2_PLACEMENT_3D('',#1299,#1300,#1301);
#1299 = CARTESIAN_POINT('',(161.6,3.,2.3));
#1300 = DIRECTION('',(1.,0.,-0.));
#1301 = DIRECTION('',(0.,0.,1.));
#1302 = ADVANCED_FACE('',(#1303),#1328,.F.);
#1303 = FACE_BOUND('',#1304,.F.);
#1304 = EDGE_LOOP('',(#1305,#1306,#1314,#1322));
#1305 = ORIENTED_EDGE('',*,*,#1046,.F.);
#1306 = ORIENTED_EDGE('',*,*,#1307,.T.);
#1307 = EDGE_CURVE('',#1047,#1308,#1310,.T.);
#1308 = VERTEX_POINT('',#1309);
#1309 = CARTESIAN_POINT('',(89.3,5.,6.2));
#1310 = LINE('',#1311,#1312);
#1311 = CARTESIAN_POINT('',(89.3,5.,3.8));
#1312 = VECTOR('',#1313,1.);
#1313 = DIRECTION('',(0.,0.,1.));
#1314 = ORIENTED_EDGE('',*,*,#1315,.T.);
#1315 = EDGE_CURVE('',#1308,#1316,#1318,.T.);
#1316 = VERTEX_POINT('',#1317);
#1317 = CARTESIAN_POINT('',(90.4,5.,6.2));
#1318 = LINE('',#1319,#1320);
#1319 = CARTESIAN_POINT('',(89.3,5.,6.2));
#1320 = VECTOR('',#1321,1.);
#1321 = DIRECTION('',(1.,0.,-0.));
#1322 = ORIENTED_EDGE('',*,*,#1323,.F.);
#1323 = EDGE_CURVE('',#1049,#1316,#1324,.T.);
#1324 = LINE('',#1325,#1326);
#1325 = CARTESIAN_POINT('',(90.4,5.,3.8));
#1326 = VECTOR('',#1327,1.);
#1327 = DIRECTION('',(0.,0.,1.));
#1328 = PLANE('',#1329);
#1329 = AXIS2_PLACEMENT_3D('',#1330,#1331,#1332);
#1330 = CARTESIAN_POINT('',(89.3,5.,3.8));
#1331 = DIRECTION('',(-0.,1.,0.));
#1332 = DIRECTION('',(0.,0.,1.));
#1333 = ADVANCED_FACE('',(#1334),#1352,.F.);
#1334 = FACE_BOUND('',#1335,.F.);
#1335 = EDGE_LOOP('',(#1336,#1337,#1338,#1346));
#1336 = ORIENTED_EDGE('',*,*,#1307,.F.);
#1337 = ORIENTED_EDGE('',*,*,#1056,.T.);
#1338 = ORIENTED_EDGE('',*,*,#1339,.T.);
#1339 = EDGE_CURVE('',#1057,#1340,#1342,.T.);
#1340 = VERTEX_POINT('',#1341);
#1341 = CARTESIAN_POINT('',(89.3,38.,6.2));
#1342 = LINE('',#1343,#1344);
#1343 = CARTESIAN_POINT('',(89.3,38.,3.8));
#1344 = VECTOR('',#1345,1.);
#1345 = DIRECTION('',(0.,0.,1.));
#1346 = ORIENTED_EDGE('',*,*,#1347,.F.);
#1347 = EDGE_CURVE('',#1308,#1340,#1348,.T.);
#1348 = LINE('',#1349,#1350);
#1349 = CARTESIAN_POINT('',(89.3,5.,6.2));
#1350 = VECTOR('',#1351,1.);
#1351 = DIRECTION('',(-0.,1.,0.));
#1352 = PLANE('',#1353);
#1353 = AXIS2_PLACEMENT_3D('',#1354,#1355,#1356);
#1354 = CARTESIAN_POINT('',(89.3,5.,3.8));
#1355 = DIRECTION('',(1.,0.,-0.));
#1356 = DIRECTION('',(0.,0.,1.));
#1357 = ADVANCED_FACE('',(#1358),#1376,.T.);
#1358 = FACE_BOUND('',#1359,.T.);
#1359 = EDGE_LOOP('',(#1360,#1361,#1362,#1370));
#1360 = ORIENTED_EDGE('',*,*,#1323,.F.);
#1361 = ORIENTED_EDGE('',*,*,#1200,.T.);
#1362 = ORIENTED_EDGE('',*,*,#1363,.T.);
#1363 = EDGE_CURVE('',#1193,#1364,#1366,.T.);
#1364 = VERTEX_POINT('',#1365);
#1365 = CARTESIAN_POINT('',(90.4,38.,6.2));
#1366 = LINE('',#1367,#1368);
#1367 = CARTESIAN_POINT('',(90.4,38.,3.8));
#1368 = VECTOR('',#1369,1.);
#1369 = DIRECTION('',(0.,0.,1.));
#1370 = ORIENTED_EDGE('',*,*,#1371,.F.);
#1371 = EDGE_CURVE('',#1316,#1364,#1372,.T.);
#1372 = LINE('',#1373,#1374);
#1373 = CARTESIAN_POINT('',(90.4,5.,6.2));
#1374 = VECTOR('',#1375,1.);
#1375 = DIRECTION('',(-0.,1.,0.));
#1376 = PLANE('',#1377);
#1377 = AXIS2_PLACEMENT_3D('',#1378,#1379,#1380);
#1378 = CARTESIAN_POINT('',(90.4,5.,3.8));
#1379 = DIRECTION('',(1.,0.,-0.));
#1380 = DIRECTION('',(0.,0.,1.));
#1381 = ADVANCED_FACE('',(#1382),#1400,.F.);
#1382 = FACE_BOUND('',#1383,.F.);
#1383 = EDGE_LOOP('',(#1384,#1385,#1393,#1399));
#1384 = ORIENTED_EDGE('',*,*,#1064,.F.);
#1385 = ORIENTED_EDGE('',*,*,#1386,.T.);
#1386 = EDGE_CURVE('',#1065,#1387,#1389,.T.);
#1387 = VERTEX_POINT('',#1388);
#1388 = CARTESIAN_POINT('',(58.,38.,6.2));
#1389 = LINE('',#1390,#1391);
#1390 = CARTESIAN_POINT('',(58.,38.,3.8));
#1391 = VECTOR('',#1392,1.);
#1392 = DIRECTION('',(0.,0.,1.));
#1393 = ORIENTED_EDGE('',*,*,#1394,.T.);
#1394 = EDGE_CURVE('',#1387,#1340,#1395,.T.);
#1395 = LINE('',#1396,#1397);
#1396 = CARTESIAN_POINT('',(58.,38.,6.2));
#1397 = VECTOR('',#1398,1.);
#1398 = DIRECTION('',(1.,0.,-0.));
#1399 = ORIENTED_EDGE('',*,*,#1339,.F.);
#1400 = PLANE('',#1401);
#1401 = AXIS2_PLACEMENT_3D('',#1402,#1403,#1404);
#1402 = CARTESIAN_POINT('',(58.,38.,3.8));
#1403 = DIRECTION('',(-0.,1.,0.));
#1404 = DIRECTION('',(0.,0.,1.));
#1405 = ADVANCED_FACE('',(#1406),#1424,.F.);
#1406 = FACE_BOUND('',#1407,.F.);
#1407 = EDGE_LOOP('',(#1408,#1409,#1410,#1418));
#1408 = ORIENTED_EDGE('',*,*,#1192,.F.);
#1409 = ORIENTED_EDGE('',*,*,#1363,.T.);
#1410 = ORIENTED_EDGE('',*,*,#1411,.T.);
#1411 = EDGE_CURVE('',#1364,#1412,#1414,.T.);
#1412 = VERTEX_POINT('',#1413);
#1413 = CARTESIAN_POINT('',(122.6,38.,6.2));
#1414 = LINE('',#1415,#1416);
#1415 = CARTESIAN_POINT('',(58.,38.,6.2));
#1416 = VECTOR('',#1417,1.);
#1417 = DIRECTION('',(1.,0.,-0.));
#1418 = ORIENTED_EDGE('',*,*,#1419,.F.);
#1419 = EDGE_CURVE('',#1185,#1412,#1420,.T.);
#1420 = LINE('',#1421,#1422);
#1421 = CARTESIAN_POINT('',(122.6,38.,3.8));
#1422 = VECTOR('',#1423,1.);
#1423 = DIRECTION('',(0.,0.,1.));
#1424 = PLANE('',#1425);
#1425 = AXIS2_PLACEMENT_3D('',#1426,#1427,#1428);
#1426 = CARTESIAN_POINT('',(58.,38.,3.8));
#1427 = DIRECTION('',(-0.,1.,0.));
#1428 = DIRECTION('',(0.,0.,1.));
#1429 = ADVANCED_FACE('',(#1430),#1448,.F.);
#1430 = FACE_BOUND('',#1431,.F.);
#1431 = EDGE_LOOP('',(#1432,#1433,#1434,#1442));
#1432 = ORIENTED_EDGE('',*,*,#1386,.F.);
#1433 = ORIENTED_EDGE('',*,*,#1072,.T.);
#1434 = ORIENTED_EDGE('',*,*,#1435,.T.);
#1435 = EDGE_CURVE('',#1073,#1436,#1438,.T.);
#1436 = VERTEX_POINT('',#1437);
#1437 = CARTESIAN_POINT('',(58.,39.1,6.2));
#1438 = LINE('',#1439,#1440);
#1439 = CARTESIAN_POINT('',(58.,39.1,3.8));
#1440 = VECTOR('',#1441,1.);
#1441 = DIRECTION('',(0.,0.,1.));
#1442 = ORIENTED_EDGE('',*,*,#1443,.F.);
#1443 = EDGE_CURVE('',#1387,#1436,#1444,.T.);
#1444 = LINE('',#1445,#1446);
#1445 = CARTESIAN_POINT('',(58.,38.,6.2));
#1446 = VECTOR('',#1447,1.);
#1447 = DIRECTION('',(-0.,1.,0.));
#1448 = PLANE('',#1449);
#1449 = AXIS2_PLACEMENT_3D('',#1450,#1451,#1452);
#1450 = CARTESIAN_POINT('',(58.,38.,3.8));
#1451 = DIRECTION('',(1.,0.,-0.));
#1452 = DIRECTION('',(0.,0.,1.));
#1453 = ADVANCED_FACE('',(#1454),#1472,.F.);
#1454 = FACE_BOUND('',#1455,.F.);
#1455 = EDGE_LOOP('',(#1456,#1464,#1465,#1466));
#1456 = ORIENTED_EDGE('',*,*,#1457,.F.);
#1457 = EDGE_CURVE('',#1177,#1458,#1460,.T.);
#1458 = VERTEX_POINT('',#1459);
#1459 = CARTESIAN_POINT('',(122.6,5.,6.2));
#1460 = LINE('',#1461,#1462);
#1461 = CARTESIAN_POINT('',(122.6,5.,3.8));
#1462 = VECTOR('',#1463,1.);
#1463 = DIRECTION('',(0.,0.,1.));
#1464 = ORIENTED_EDGE('',*,*,#1184,.T.);
#1465 = ORIENTED_EDGE('',*,*,#1419,.T.);
#1466 = ORIENTED_EDGE('',*,*,#1467,.F.);
#1467 = EDGE_CURVE('',#1458,#1412,#1468,.T.);
#1468 = LINE('',#1469,#1470);
#1469 = CARTESIAN_POINT('',(122.6,5.,6.2));
#1470 = VECTOR('',#1471,1.);
#1471 = DIRECTION('',(-0.,1.,0.));
#1472 = PLANE('',#1473);
#1473 = AXIS2_PLACEMENT_3D('',#1474,#1475,#1476);
#1474 = CARTESIAN_POINT('',(122.6,5.,3.8));
#1475 = DIRECTION('',(1.,0.,-0.));
#1476 = DIRECTION('',(0.,0.,1.));
#1477 = ADVANCED_FACE('',(#1478),#1496,.T.);
#1478 = FACE_BOUND('',#1479,.T.);
#1479 = EDGE_LOOP('',(#1480,#1481,#1482,#1490));
#1480 = ORIENTED_EDGE('',*,*,#1080,.F.);
#1481 = ORIENTED_EDGE('',*,*,#1435,.T.);
#1482 = ORIENTED_EDGE('',*,*,#1483,.T.);
#1483 = EDGE_CURVE('',#1436,#1484,#1486,.T.);
#1484 = VERTEX_POINT('',#1485);
#1485 = CARTESIAN_POINT('',(89.3,39.1,6.2));
#1486 = LINE('',#1487,#1488);
#1487 = CARTESIAN_POINT('',(58.,39.1,6.2));
#1488 = VECTOR('',#1489,1.);
#1489 = DIRECTION('',(1.,0.,-0.));
#1490 = ORIENTED_EDGE('',*,*,#1491,.F.);
#1491 = EDGE_CURVE('',#1081,#1484,#1492,.T.);
#1492 = LINE('',#1493,#1494);
#1493 = CARTESIAN_POINT('',(89.3,39.1,3.8));
#1494 = VECTOR('',#1495,1.);
#1495 = DIRECTION('',(0.,0.,1.));
#1496 = PLANE('',#1497);
#1497 = AXIS2_PLACEMENT_3D('',#1498,#1499,#1500);
#1498 = CARTESIAN_POINT('',(58.,39.1,3.8));
#1499 = DIRECTION('',(-0.,1.,0.));
#1500 = DIRECTION('',(0.,0.,1.));
#1501 = ADVANCED_FACE('',(#1502),#1520,.F.);
#1502 = FACE_BOUND('',#1503,.F.);
#1503 = EDGE_LOOP('',(#1504,#1505,#1506,#1514));
#1504 = ORIENTED_EDGE('',*,*,#1176,.F.);
#1505 = ORIENTED_EDGE('',*,*,#1457,.T.);
#1506 = ORIENTED_EDGE('',*,*,#1507,.T.);
#1507 = EDGE_CURVE('',#1458,#1508,#1510,.T.);
#1508 = VERTEX_POINT('',#1509);
#1509 = CARTESIAN_POINT('',(123.7,5.,6.2));
#1510 = LINE('',#1511,#1512);
#1511 = CARTESIAN_POINT('',(122.6,5.,6.2));
#1512 = VECTOR('',#1513,1.);
#1513 = DIRECTION('',(1.,0.,-0.));
#1514 = ORIENTED_EDGE('',*,*,#1515,.F.);
#1515 = EDGE_CURVE('',#1169,#1508,#1516,.T.);
#1516 = LINE('',#1517,#1518);
#1517 = CARTESIAN_POINT('',(123.7,5.,3.8));
#1518 = VECTOR('',#1519,1.);
#1519 = DIRECTION('',(0.,0.,1.));
#1520 = PLANE('',#1521);
#1521 = AXIS2_PLACEMENT_3D('',#1522,#1523,#1524);
#1522 = CARTESIAN_POINT('',(122.6,5.,3.8));
#1523 = DIRECTION('',(-0.,1.,0.));
#1524 = DIRECTION('',(0.,0.,1.));
#1525 = ADVANCED_FACE('',(#1526),#1544,.F.);
#1526 = FACE_BOUND('',#1527,.F.);
#1527 = EDGE_LOOP('',(#1528,#1529,#1530,#1538));
#1528 = ORIENTED_EDGE('',*,*,#1491,.F.);
#1529 = ORIENTED_EDGE('',*,*,#1088,.T.);
#1530 = ORIENTED_EDGE('',*,*,#1531,.T.);
#1531 = EDGE_CURVE('',#1089,#1532,#1534,.T.);
#1532 = VERTEX_POINT('',#1533);
#1533 = CARTESIAN_POINT('',(89.3,72.,6.2));
#1534 = LINE('',#1535,#1536);
#1535 = CARTESIAN_POINT('',(89.3,72.,3.8));
#1536 = VECTOR('',#1537,1.);
#1537 = DIRECTION('',(0.,0.,1.));
#1538 = ORIENTED_EDGE('',*,*,#1539,.F.);
#1539 = EDGE_CURVE('',#1484,#1532,#1540,.T.);
#1540 = LINE('',#1541,#1542);
#1541 = CARTESIAN_POINT('',(89.3,5.,6.2));
#1542 = VECTOR('',#1543,1.);
#1543 = DIRECTION('',(-0.,1.,0.));
#1544 = PLANE('',#1545);
#1545 = AXIS2_PLACEMENT_3D('',#1546,#1547,#1548);
#1546 = CARTESIAN_POINT('',(89.3,5.,3.8));
#1547 = DIRECTION('',(1.,0.,-0.));
#1548 = DIRECTION('',(0.,0.,1.));
#1549 = ADVANCED_FACE('',(#1550),#1568,.T.);
#1550 = FACE_BOUND('',#1551,.T.);
#1551 = EDGE_LOOP('',(#1552,#1553,#1554,#1562));
#1552 = ORIENTED_EDGE('',*,*,#1515,.F.);
#1553 = ORIENTED_EDGE('',*,*,#1168,.T.);
#1554 = ORIENTED_EDGE('',*,*,#1555,.T.);
#1555 = EDGE_CURVE('',#1161,#1556,#1558,.T.);
#1556 = VERTEX_POINT('',#1557);
#1557 = CARTESIAN_POINT('',(123.7,38.,6.2));
#1558 = LINE('',#1559,#1560);
#1559 = CARTESIAN_POINT('',(123.7,38.,3.8));
#1560 = VECTOR('',#1561,1.);
#1561 = DIRECTION('',(0.,0.,1.));
#1562 = ORIENTED_EDGE('',*,*,#1563,.F.);
#1563 = EDGE_CURVE('',#1508,#1556,#1564,.T.);
#1564 = LINE('',#1565,#1566);
#1565 = CARTESIAN_POINT('',(123.7,5.,6.2));
#1566 = VECTOR('',#1567,1.);
#1567 = DIRECTION('',(-0.,1.,0.));
#1568 = PLANE('',#1569);
#1569 = AXIS2_PLACEMENT_3D('',#1570,#1571,#1572);
#1570 = CARTESIAN_POINT('',(123.7,5.,3.8));
#1571 = DIRECTION('',(1.,0.,-0.));
#1572 = DIRECTION('',(0.,0.,1.));
#1573 = ADVANCED_FACE('',(#1574),#1592,.F.);
#1574 = FACE_BOUND('',#1575,.F.);
#1575 = EDGE_LOOP('',(#1576,#1577,#1585,#1591));
#1576 = ORIENTED_EDGE('',*,*,#1096,.F.);
#1577 = ORIENTED_EDGE('',*,*,#1578,.T.);
#1578 = EDGE_CURVE('',#1097,#1579,#1581,.T.);
#1579 = VERTEX_POINT('',#1580);
#1580 = CARTESIAN_POINT('',(58.,72.,6.2));
#1581 = LINE('',#1582,#1583);
#1582 = CARTESIAN_POINT('',(58.,72.,3.8));
#1583 = VECTOR('',#1584,1.);
#1584 = DIRECTION('',(0.,0.,1.));
#1585 = ORIENTED_EDGE('',*,*,#1586,.T.);
#1586 = EDGE_CURVE('',#1579,#1532,#1587,.T.);
#1587 = LINE('',#1588,#1589);
#1588 = CARTESIAN_POINT('',(58.,72.,6.2));
#1589 = VECTOR('',#1590,1.);
#1590 = DIRECTION('',(1.,0.,-0.));
#1591 = ORIENTED_EDGE('',*,*,#1531,.F.);
#1592 = PLANE('',#1593);
#1593 = AXIS2_PLACEMENT_3D('',#1594,#1595,#1596);
#1594 = CARTESIAN_POINT('',(58.,72.,3.8));
#1595 = DIRECTION('',(-0.,1.,0.));
#1596 = DIRECTION('',(0.,0.,1.));
#1597 = ADVANCED_FACE('',(#1598),#1616,.F.);
#1598 = FACE_BOUND('',#1599,.F.);
#1599 = EDGE_LOOP('',(#1600,#1601,#1602,#1610));
#1600 = ORIENTED_EDGE('',*,*,#1160,.F.);
#1601 = ORIENTED_EDGE('',*,*,#1555,.T.);
#1602 = ORIENTED_EDGE('',*,*,#1603,.T.);
#1603 = EDGE_CURVE('',#1556,#1604,#1606,.T.);
#1604 = VERTEX_POINT('',#1605);
#1605 = CARTESIAN_POINT('',(157.,38.,6.2));
#1606 = LINE('',#1607,#1608);
#1607 = CARTESIAN_POINT('',(58.,38.,6.2));
#1608 = VECTOR('',#1609,1.);
#1609 = DIRECTION('',(1.,0.,-0.));
#1610 = ORIENTED_EDGE('',*,*,#1611,.F.);
#1611 = EDGE_CURVE('',#1153,#1604,#1612,.T.);
#1612 = LINE('',#1613,#1614);
#1613 = CARTESIAN_POINT('',(157.,38.,3.8));
#1614 = VECTOR('',#1615,1.);
#1615 = DIRECTION('',(0.,0.,1.));
#1616 = PLANE('',#1617);
#1617 = AXIS2_PLACEMENT_3D('',#1618,#1619,#1620);
#1618 = CARTESIAN_POINT('',(58.,38.,3.8));
#1619 = DIRECTION('',(-0.,1.,0.));
#1620 = DIRECTION('',(0.,0.,1.));
#1621 = ADVANCED_FACE('',(#1622),#1640,.F.);
#1622 = FACE_BOUND('',#1623,.F.);
#1623 = EDGE_LOOP('',(#1624,#1625,#1626,#1634));
#1624 = ORIENTED_EDGE('',*,*,#1578,.F.);
#1625 = ORIENTED_EDGE('',*,*,#1104,.T.);
#1626 = ORIENTED_EDGE('',*,*,#1627,.T.);
#1627 = EDGE_CURVE('',#1105,#1628,#1630,.T.);
#1628 = VERTEX_POINT('',#1629);
#1629 = CARTESIAN_POINT('',(58.,73.1,6.2));
#1630 = LINE('',#1631,#1632);
#1631 = CARTESIAN_POINT('',(58.,73.1,3.8));
#1632 = VECTOR('',#1633,1.);
#1633 = DIRECTION('',(0.,0.,1.));
#1634 = ORIENTED_EDGE('',*,*,#1635,.F.);
#1635 = EDGE_CURVE('',#1579,#1628,#1636,.T.);
#1636 = LINE('',#1637,#1638);
#1637 = CARTESIAN_POINT('',(58.,72.,6.2));
#1638 = VECTOR('',#1639,1.);
#1639 = DIRECTION('',(-0.,1.,0.));
#1640 = PLANE('',#1641);
#1641 = AXIS2_PLACEMENT_3D('',#1642,#1643,#1644);
#1642 = CARTESIAN_POINT('',(58.,72.,3.8));
#1643 = DIRECTION('',(1.,0.,-0.));
#1644 = DIRECTION('',(0.,0.,1.));
#1645 = ADVANCED_FACE('',(#1646),#1664,.T.);
#1646 = FACE_BOUND('',#1647,.T.);
#1647 = EDGE_LOOP('',(#1648,#1649,#1650,#1658));
#1648 = ORIENTED_EDGE('',*,*,#1611,.F.);
#1649 = ORIENTED_EDGE('',*,*,#1152,.T.);
#1650 = ORIENTED_EDGE('',*,*,#1651,.T.);
#1651 = EDGE_CURVE('',#1145,#1652,#1654,.T.);
#1652 = VERTEX_POINT('',#1653);
#1653 = CARTESIAN_POINT('',(157.,39.1,6.2));
#1654 = LINE('',#1655,#1656);
#1655 = CARTESIAN_POINT('',(157.,39.1,3.8));
#1656 = VECTOR('',#1657,1.);
#1657 = DIRECTION('',(0.,0.,1.));
#1658 = ORIENTED_EDGE('',*,*,#1659,.F.);
#1659 = EDGE_CURVE('',#1604,#1652,#1660,.T.);
#1660 = LINE('',#1661,#1662);
#1661 = CARTESIAN_POINT('',(157.,38.,6.2));
#1662 = VECTOR('',#1663,1.);
#1663 = DIRECTION('',(-0.,1.,0.));
#1664 = PLANE('',#1665);
#1665 = AXIS2_PLACEMENT_3D('',#1666,#1667,#1668);
#1666 = CARTESIAN_POINT('',(157.,38.,3.8));
#1667 = DIRECTION('',(1.,0.,-0.));
#1668 = DIRECTION('',(0.,0.,1.));
#1669 = ADVANCED_FACE('',(#1670),#1688,.T.);
#1670 = FACE_BOUND('',#1671,.T.);
#1671 = EDGE_LOOP('',(#1672,#1673,#1674,#1682));
#1672 = ORIENTED_EDGE('',*,*,#1112,.F.);
#1673 = ORIENTED_EDGE('',*,*,#1627,.T.);
#1674 = ORIENTED_EDGE('',*,*,#1675,.T.);
#1675 = EDGE_CURVE('',#1628,#1676,#1678,.T.);
#1676 = VERTEX_POINT('',#1677);
#1677 = CARTESIAN_POINT('',(157.,73.1,6.2));
#1678 = LINE('',#1679,#1680);
#1679 = CARTESIAN_POINT('',(58.,73.1,6.2));
#1680 = VECTOR('',#1681,1.);
#1681 = DIRECTION('',(1.,0.,-0.));
#1682 = ORIENTED_EDGE('',*,*,#1683,.F.);
#1683 = EDGE_CURVE('',#1113,#1676,#1684,.T.);
#1684 = LINE('',#1685,#1686);
#1685 = CARTESIAN_POINT('',(157.,73.1,3.8));
#1686 = VECTOR('',#1687,1.);
#1687 = DIRECTION('',(0.,0.,1.));
#1688 = PLANE('',#1689);
#1689 = AXIS2_PLACEMENT_3D('',#1690,#1691,#1692);
#1690 = CARTESIAN_POINT('',(58.,73.1,3.8));
#1691 = DIRECTION('',(-0.,1.,0.));
#1692 = DIRECTION('',(0.,0.,1.));
#1693 = ADVANCED_FACE('',(#1694),#1712,.T.);
#1694 = FACE_BOUND('',#1695,.T.);
#1695 = EDGE_LOOP('',(#1696,#1697,#1705,#1711));
#1696 = ORIENTED_EDGE('',*,*,#1144,.F.);
#1697 = ORIENTED_EDGE('',*,*,#1698,.T.);
#1698 = EDGE_CURVE('',#1137,#1699,#1701,.T.);
#1699 = VERTEX_POINT('',#1700);
#1700 = CARTESIAN_POINT('',(123.7,39.1,6.2));
#1701 = LINE('',#1702,#1703);
#1702 = CARTESIAN_POINT('',(123.7,39.1,3.8));
#1703 = VECTOR('',#1704,1.);
#1704 = DIRECTION('',(0.,0.,1.));
#1705 = ORIENTED_EDGE('',*,*,#1706,.T.);
#1706 = EDGE_CURVE('',#1699,#1652,#1707,.T.);
#1707 = LINE('',#1708,#1709);
#1708 = CARTESIAN_POINT('',(58.,39.1,6.2));
#1709 = VECTOR('',#1710,1.);
#1710 = DIRECTION('',(1.,0.,-0.));
#1711 = ORIENTED_EDGE('',*,*,#1651,.F.);
#1712 = PLANE('',#1713);
#1713 = AXIS2_PLACEMENT_3D('',#1714,#1715,#1716);
#1714 = CARTESIAN_POINT('',(58.,39.1,3.8));
#1715 = DIRECTION('',(-0.,1.,0.));
#1716 = DIRECTION('',(0.,0.,1.));
#1717 = ADVANCED_FACE('',(#1718),#1736,.T.);
#1718 = FACE_BOUND('',#1719,.T.);
#1719 = EDGE_LOOP('',(#1720,#1728,#1729,#1730));
#1720 = ORIENTED_EDGE('',*,*,#1721,.F.);
#1721 = EDGE_CURVE('',#1121,#1722,#1724,.T.);
#1722 = VERTEX_POINT('',#1723);
#1723 = CARTESIAN_POINT('',(157.,72.,6.2));
#1724 = LINE('',#1725,#1726);
#1725 = CARTESIAN_POINT('',(157.,72.,3.8));
#1726 = VECTOR('',#1727,1.);
#1727 = DIRECTION('',(0.,0.,1.));
#1728 = ORIENTED_EDGE('',*,*,#1120,.T.);
#1729 = ORIENTED_EDGE('',*,*,#1683,.T.);
#1730 = ORIENTED_EDGE('',*,*,#1731,.F.);
#1731 = EDGE_CURVE('',#1722,#1676,#1732,.T.);
#1732 = LINE('',#1733,#1734);
#1733 = CARTESIAN_POINT('',(157.,72.,6.2));
#1734 = VECTOR('',#1735,1.);
#1735 = DIRECTION('',(-0.,1.,0.));
#1736 = PLANE('',#1737);
#1737 = AXIS2_PLACEMENT_3D('',#1738,#1739,#1740);
#1738 = CARTESIAN_POINT('',(157.,72.,3.8));
#1739 = DIRECTION('',(1.,0.,-0.));
#1740 = DIRECTION('',(0.,0.,1.));
#1741 = ADVANCED_FACE('',(#1742),#1760,.T.);
#1742 = FACE_BOUND('',#1743,.T.);
#1743 = EDGE_LOOP('',(#1744,#1745,#1746,#1754));
#1744 = ORIENTED_EDGE('',*,*,#1698,.F.);
#1745 = ORIENTED_EDGE('',*,*,#1136,.T.);
#1746 = ORIENTED_EDGE('',*,*,#1747,.T.);
#1747 = EDGE_CURVE('',#1129,#1748,#1750,.T.);
#1748 = VERTEX_POINT('',#1749);
#1749 = CARTESIAN_POINT('',(123.7,72.,6.2));
#1750 = LINE('',#1751,#1752);
#1751 = CARTESIAN_POINT('',(123.7,72.,3.8));
#1752 = VECTOR('',#1753,1.);
#1753 = DIRECTION('',(0.,0.,1.));
#1754 = ORIENTED_EDGE('',*,*,#1755,.F.);
#1755 = EDGE_CURVE('',#1699,#1748,#1756,.T.);
#1756 = LINE('',#1757,#1758);
#1757 = CARTESIAN_POINT('',(123.7,5.,6.2));
#1758 = VECTOR('',#1759,1.);
#1759 = DIRECTION('',(-0.,1.,0.));
#1760 = PLANE('',#1761);
#1761 = AXIS2_PLACEMENT_3D('',#1762,#1763,#1764);
#1762 = CARTESIAN_POINT('',(123.7,5.,3.8));
#1763 = DIRECTION('',(1.,0.,-0.));
#1764 = DIRECTION('',(0.,0.,1.));
#1765 = ADVANCED_FACE('',(#1766),#1777,.F.);
#1766 = FACE_BOUND('',#1767,.F.);
#1767 = EDGE_LOOP('',(#1768,#1769,#1770,#1776));
#1768 = ORIENTED_EDGE('',*,*,#1128,.F.);
#1769 = ORIENTED_EDGE('',*,*,#1747,.T.);
#1770 = ORIENTED_EDGE('',*,*,#1771,.T.);
#1771 = EDGE_CURVE('',#1748,#1722,#1772,.T.);
#1772 = LINE('',#1773,#1774);
#1773 = CARTESIAN_POINT('',(58.,72.,6.2));
#1774 = VECTOR('',#1775,1.);
#1775 = DIRECTION('',(1.,0.,-0.));
#1776 = ORIENTED_EDGE('',*,*,#1721,.F.);
#1777 = PLANE('',#1778);
#1778 = AXIS2_PLACEMENT_3D('',#1779,#1780,#1781);
#1779 = CARTESIAN_POINT('',(58.,72.,3.8));
#1780 = DIRECTION('',(-0.,1.,0.));
#1781 = DIRECTION('',(0.,0.,1.));
#1782 = ADVANCED_FACE('',(#1783),#1814,.T.);
#1783 = FACE_BOUND('',#1784,.T.);
#1784 = EDGE_LOOP('',(#1785,#1786,#1787,#1793,#1794,#1795,#1796,#1797,
    #1798,#1799,#1800,#1808));
#1785 = ORIENTED_EDGE('',*,*,#796,.F.);
#1786 = ORIENTED_EDGE('',*,*,#842,.T.);
#1787 = ORIENTED_EDGE('',*,*,#1788,.T.);
#1788 = EDGE_CURVE('',#835,#1218,#1789,.T.);
#1789 = LINE('',#1790,#1791);
#1790 = CARTESIAN_POINT('',(163.,3.,6.3));
#1791 = VECTOR('',#1792,1.);
#1792 = DIRECTION('',(-0.,1.,0.));
#1793 = ORIENTED_EDGE('',*,*,#1225,.F.);
#1794 = ORIENTED_EDGE('',*,*,#1272,.F.);
#1795 = ORIENTED_EDGE('',*,*,#973,.F.);
#1796 = ORIENTED_EDGE('',*,*,#916,.T.);
#1797 = ORIENTED_EDGE('',*,*,#1004,.T.);
#1798 = ORIENTED_EDGE('',*,*,#1289,.F.);
#1799 = ORIENTED_EDGE('',*,*,#1249,.F.);
#1800 = ORIENTED_EDGE('',*,*,#1801,.T.);
#1801 = EDGE_CURVE('',#1250,#1802,#1804,.T.);
#1802 = VERTEX_POINT('',#1803);
#1803 = CARTESIAN_POINT('',(163.,117.,6.3));
#1804 = LINE('',#1805,#1806);
#1805 = CARTESIAN_POINT('',(163.,3.,6.3));
#1806 = VECTOR('',#1807,1.);
#1807 = DIRECTION('',(-0.,1.,0.));
#1808 = ORIENTED_EDGE('',*,*,#1809,.F.);
#1809 = EDGE_CURVE('',#797,#1802,#1810,.T.);
#1810 = LINE('',#1811,#1812);
#1811 = CARTESIAN_POINT('',(55.,117.,6.3));
#1812 = VECTOR('',#1813,1.);
#1813 = DIRECTION('',(1.,0.,-0.));
#1814 = PLANE('',#1815);
#1815 = AXIS2_PLACEMENT_3D('',#1816,#1817,#1818);
#1816 = CARTESIAN_POINT('',(106.47391403863,60.,6.3));
#1817 = DIRECTION('',(0.,0.,1.));
#1818 = DIRECTION('',(1.,0.,-0.));
#1819 = ADVANCED_FACE('',(#1820),#1831,.T.);
#1820 = FACE_BOUND('',#1821,.T.);
#1821 = EDGE_LOOP('',(#1822,#1823,#1824,#1825));
#1822 = ORIENTED_EDGE('',*,*,#858,.F.);
#1823 = ORIENTED_EDGE('',*,*,#804,.T.);
#1824 = ORIENTED_EDGE('',*,*,#1809,.T.);
#1825 = ORIENTED_EDGE('',*,*,#1826,.F.);
#1826 = EDGE_CURVE('',#859,#1802,#1827,.T.);
#1827 = LINE('',#1828,#1829);
#1828 = CARTESIAN_POINT('',(163.,117.,2.3));
#1829 = VECTOR('',#1830,1.);
#1830 = DIRECTION('',(0.,0.,1.));
#1831 = PLANE('',#1832);
#1832 = AXIS2_PLACEMENT_3D('',#1833,#1834,#1835);
#1833 = CARTESIAN_POINT('',(109.,117.,4.3));
#1834 = DIRECTION('',(0.,1.,0.));
#1835 = DIRECTION('',(0.,-0.,1.));
#1836 = ADVANCED_FACE('',(#1837),#1843,.T.);
#1837 = FACE_BOUND('',#1838,.T.);
#1838 = EDGE_LOOP('',(#1839,#1840,#1841,#1842));
#1839 = ORIENTED_EDGE('',*,*,#834,.F.);
#1840 = ORIENTED_EDGE('',*,*,#901,.T.);
#1841 = ORIENTED_EDGE('',*,*,#1217,.T.);
#1842 = ORIENTED_EDGE('',*,*,#1788,.F.);
#1843 = PLANE('',#1844);
#1844 = AXIS2_PLACEMENT_3D('',#1845,#1846,#1847);
#1845 = CARTESIAN_POINT('',(163.,26.091673086804,4.3));
#1846 = DIRECTION('',(1.,0.,0.));
#1847 = DIRECTION('',(-0.,0.,1.));
#1848 = ADVANCED_FACE('',(#1849),#1855,.T.);
#1849 = FACE_BOUND('',#1850,.T.);
#1850 = EDGE_LOOP('',(#1851,#1852,#1853,#1854));
#1851 = ORIENTED_EDGE('',*,*,#1258,.F.);
#1852 = ORIENTED_EDGE('',*,*,#866,.T.);
#1853 = ORIENTED_EDGE('',*,*,#1826,.T.);
#1854 = ORIENTED_EDGE('',*,*,#1801,.F.);
#1855 = PLANE('',#1856);
#1856 = AXIS2_PLACEMENT_3D('',#1857,#1858,#1859);
#1857 = CARTESIAN_POINT('',(163.,93.908326913196,4.3));
#1858 = DIRECTION('',(1.,0.,0.));
#1859 = DIRECTION('',(-0.,0.,1.));
#1860 = ADVANCED_FACE('',(#1861,#1883),#1917,.T.);
#1861 = FACE_BOUND('',#1862,.T.);
#1862 = EDGE_LOOP('',(#1863,#1864,#1865,#1866,#1867,#1868,#1869,#1870,
    #1871,#1872,#1873,#1874,#1875,#1876,#1877,#1878,#1879,#1880,#1881,
    #1882));
#1863 = ORIENTED_EDGE('',*,*,#1347,.F.);
#1864 = ORIENTED_EDGE('',*,*,#1315,.T.);
#1865 = ORIENTED_EDGE('',*,*,#1371,.T.);
#1866 = ORIENTED_EDGE('',*,*,#1411,.T.);
#1867 = ORIENTED_EDGE('',*,*,#1467,.F.);
#1868 = ORIENTED_EDGE('',*,*,#1507,.T.);
#1869 = ORIENTED_EDGE('',*,*,#1563,.T.);
#1870 = ORIENTED_EDGE('',*,*,#1603,.T.);
#1871 = ORIENTED_EDGE('',*,*,#1659,.T.);
#1872 = ORIENTED_EDGE('',*,*,#1706,.F.);
#1873 = ORIENTED_EDGE('',*,*,#1755,.T.);
#1874 = ORIENTED_EDGE('',*,*,#1771,.T.);
#1875 = ORIENTED_EDGE('',*,*,#1731,.T.);
#1876 = ORIENTED_EDGE('',*,*,#1675,.F.);
#1877 = ORIENTED_EDGE('',*,*,#1635,.F.);
#1878 = ORIENTED_EDGE('',*,*,#1586,.T.);
#1879 = ORIENTED_EDGE('',*,*,#1539,.F.);
#1880 = ORIENTED_EDGE('',*,*,#1483,.F.);
#1881 = ORIENTED_EDGE('',*,*,#1443,.F.);
#1882 = ORIENTED_EDGE('',*,*,#1394,.T.);
#1883 = FACE_BOUND('',#1884,.T.);
#1884 = EDGE_LOOP('',(#1885,#1895,#1903,#1911));
#1885 = ORIENTED_EDGE('',*,*,#1886,.T.);
#1886 = EDGE_CURVE('',#1887,#1889,#1891,.T.);
#1887 = VERTEX_POINT('',#1888);
#1888 = CARTESIAN_POINT('',(90.4,39.1,6.2));
#1889 = VERTEX_POINT('',#1890);
#1890 = CARTESIAN_POINT('',(90.4,72.,6.2));
#1891 = LINE('',#1892,#1893);
#1892 = CARTESIAN_POINT('',(90.4,5.,6.2));
#1893 = VECTOR('',#1894,1.);
#1894 = DIRECTION('',(-0.,1.,0.));
#1895 = ORIENTED_EDGE('',*,*,#1896,.T.);
#1896 = EDGE_CURVE('',#1889,#1897,#1899,.T.);
#1897 = VERTEX_POINT('',#1898);
#1898 = CARTESIAN_POINT('',(122.6,72.,6.2));
#1899 = LINE('',#1900,#1901);
#1900 = CARTESIAN_POINT('',(58.,72.,6.2));
#1901 = VECTOR('',#1902,1.);
#1902 = DIRECTION('',(1.,0.,-0.));
#1903 = ORIENTED_EDGE('',*,*,#1904,.F.);
#1904 = EDGE_CURVE('',#1905,#1897,#1907,.T.);
#1905 = VERTEX_POINT('',#1906);
#1906 = CARTESIAN_POINT('',(122.6,39.1,6.2));
#1907 = LINE('',#1908,#1909);
#1908 = CARTESIAN_POINT('',(122.6,5.,6.2));
#1909 = VECTOR('',#1910,1.);
#1910 = DIRECTION('',(-0.,1.,0.));
#1911 = ORIENTED_EDGE('',*,*,#1912,.F.);
#1912 = EDGE_CURVE('',#1887,#1905,#1913,.T.);
#1913 = LINE('',#1914,#1915);
#1914 = CARTESIAN_POINT('',(58.,39.1,6.2));
#1915 = VECTOR('',#1916,1.);
#1916 = DIRECTION('',(1.,0.,-0.));
#1917 = PLANE('',#1918);
#1918 = AXIS2_PLACEMENT_3D('',#1919,#1920,#1921);
#1919 = CARTESIAN_POINT('',(107.25632791839,46.922874952777,6.2));
#1920 = DIRECTION('',(0.,0.,1.));
#1921 = DIRECTION('',(1.,0.,-0.));
#1922 = ADVANCED_FACE('',(#1923),#1948,.T.);
#1923 = FACE_BOUND('',#1924,.T.);
#1924 = EDGE_LOOP('',(#1925,#1935,#1941,#1942));
#1925 = ORIENTED_EDGE('',*,*,#1926,.F.);
#1926 = EDGE_CURVE('',#1927,#1929,#1931,.T.);
#1927 = VERTEX_POINT('',#1928);
#1928 = CARTESIAN_POINT('',(90.4,39.1,3.8));
#1929 = VERTEX_POINT('',#1930);
#1930 = CARTESIAN_POINT('',(122.6,39.1,3.8));
#1931 = LINE('',#1932,#1933);
#1932 = CARTESIAN_POINT('',(58.,39.1,3.8));
#1933 = VECTOR('',#1934,1.);
#1934 = DIRECTION('',(1.,0.,-0.));
#1935 = ORIENTED_EDGE('',*,*,#1936,.T.);
#1936 = EDGE_CURVE('',#1927,#1887,#1937,.T.);
#1937 = LINE('',#1938,#1939);
#1938 = CARTESIAN_POINT('',(90.4,39.1,3.8));
#1939 = VECTOR('',#1940,1.);
#1940 = DIRECTION('',(0.,0.,1.));
#1941 = ORIENTED_EDGE('',*,*,#1912,.T.);
#1942 = ORIENTED_EDGE('',*,*,#1943,.F.);
#1943 = EDGE_CURVE('',#1929,#1905,#1944,.T.);
#1944 = LINE('',#1945,#1946);
#1945 = CARTESIAN_POINT('',(122.6,39.1,3.8));
#1946 = VECTOR('',#1947,1.);
#1947 = DIRECTION('',(0.,0.,1.));
#1948 = PLANE('',#1949);
#1949 = AXIS2_PLACEMENT_3D('',#1950,#1951,#1952);
#1950 = CARTESIAN_POINT('',(58.,39.1,3.8));
#1951 = DIRECTION('',(-0.,1.,0.));
#1952 = DIRECTION('',(0.,0.,1.));
#1953 = ADVANCED_FACE('',(#1954),#1972,.T.);
#1954 = FACE_BOUND('',#1955,.T.);
#1955 = EDGE_LOOP('',(#1956,#1957,#1965,#1971));
#1956 = ORIENTED_EDGE('',*,*,#1936,.F.);
#1957 = ORIENTED_EDGE('',*,*,#1958,.T.);
#1958 = EDGE_CURVE('',#1927,#1959,#1961,.T.);
#1959 = VERTEX_POINT('',#1960);
#1960 = CARTESIAN_POINT('',(90.4,72.,3.8));
#1961 = LINE('',#1962,#1963);
#1962 = CARTESIAN_POINT('',(90.4,5.,3.8));
#1963 = VECTOR('',#1964,1.);
#1964 = DIRECTION('',(-0.,1.,0.));
#1965 = ORIENTED_EDGE('',*,*,#1966,.T.);
#1966 = EDGE_CURVE('',#1959,#1889,#1967,.T.);
#1967 = LINE('',#1968,#1969);
#1968 = CARTESIAN_POINT('',(90.4,72.,3.8));
#1969 = VECTOR('',#1970,1.);
#1970 = DIRECTION('',(0.,0.,1.));
#1971 = ORIENTED_EDGE('',*,*,#1886,.F.);
#1972 = PLANE('',#1973);
#1973 = AXIS2_PLACEMENT_3D('',#1974,#1975,#1976);
#1974 = CARTESIAN_POINT('',(90.4,5.,3.8));
#1975 = DIRECTION('',(1.,0.,-0.));
#1976 = DIRECTION('',(0.,0.,1.));
#1977 = ADVANCED_FACE('',(#1978),#1996,.F.);
#1978 = FACE_BOUND('',#1979,.F.);
#1979 = EDGE_LOOP('',(#1980,#1988,#1989,#1990));
#1980 = ORIENTED_EDGE('',*,*,#1981,.F.);
#1981 = EDGE_CURVE('',#1959,#1982,#1984,.T.);
#1982 = VERTEX_POINT('',#1983);
#1983 = CARTESIAN_POINT('',(122.6,72.,3.8));
#1984 = LINE('',#1985,#1986);
#1985 = CARTESIAN_POINT('',(58.,72.,3.8));
#1986 = VECTOR('',#1987,1.);
#1987 = DIRECTION('',(1.,0.,-0.));
#1988 = ORIENTED_EDGE('',*,*,#1966,.T.);
#1989 = ORIENTED_EDGE('',*,*,#1896,.T.);
#1990 = ORIENTED_EDGE('',*,*,#1991,.F.);
#1991 = EDGE_CURVE('',#1982,#1897,#1992,.T.);
#1992 = LINE('',#1993,#1994);
#1993 = CARTESIAN_POINT('',(122.6,72.,3.8));
#1994 = VECTOR('',#1995,1.);
#1995 = DIRECTION('',(0.,0.,1.));
#1996 = PLANE('',#1997);
#1997 = AXIS2_PLACEMENT_3D('',#1998,#1999,#2000);
#1998 = CARTESIAN_POINT('',(58.,72.,3.8));
#1999 = DIRECTION('',(-0.,1.,0.));
#2000 = DIRECTION('',(0.,0.,1.));
#2001 = ADVANCED_FACE('',(#2002),#2013,.F.);
#2002 = FACE_BOUND('',#2003,.F.);
#2003 = EDGE_LOOP('',(#2004,#2005,#2011,#2012));
#2004 = ORIENTED_EDGE('',*,*,#1943,.F.);
#2005 = ORIENTED_EDGE('',*,*,#2006,.T.);
#2006 = EDGE_CURVE('',#1929,#1982,#2007,.T.);
#2007 = LINE('',#2008,#2009);
#2008 = CARTESIAN_POINT('',(122.6,5.,3.8));
#2009 = VECTOR('',#2010,1.);
#2010 = DIRECTION('',(-0.,1.,0.));
#2011 = ORIENTED_EDGE('',*,*,#1991,.T.);
#2012 = ORIENTED_EDGE('',*,*,#1904,.F.);
#2013 = PLANE('',#2014);
#2014 = AXIS2_PLACEMENT_3D('',#2015,#2016,#2017);
#2015 = CARTESIAN_POINT('',(122.6,5.,3.8));
#2016 = DIRECTION('',(1.,0.,-0.));
#2017 = DIRECTION('',(0.,0.,1.));
#2018 = ADVANCED_FACE('',(#2019),#2025,.T.);
#2019 = FACE_BOUND('',#2020,.T.);
#2020 = EDGE_LOOP('',(#2021,#2022,#2023,#2024));
#2021 = ORIENTED_EDGE('',*,*,#1981,.F.);
#2022 = ORIENTED_EDGE('',*,*,#1958,.F.);
#2023 = ORIENTED_EDGE('',*,*,#1926,.T.);
#2024 = ORIENTED_EDGE('',*,*,#2006,.T.);
#2025 = PLANE('',#2026);
#2026 = AXIS2_PLACEMENT_3D('',#2027,#2028,#2029);
#2027 = CARTESIAN_POINT('',(55.,3.,3.8));
#2028 = DIRECTION('',(0.,0.,1.));
#2029 = DIRECTION('',(1.,0.,-0.));
#2030 = ( GEOMETRIC_REPRESENTATION_CONTEXT(3) 
GLOBAL_UNCERTAINTY_ASSIGNED_CONTEXT((#2034)) 
GLOBAL_UNIT_ASSIGNED_CONTEXT((#2031,#2032,#2033)) REPRESENTATION_CONTEXT
('Context #1','3D Context with UNIT and UNCERTAINTY') );
#2031 = ( LENGTH_UNIT() NAMED_UNIT(*) SI_UNIT(.MILLI.,.METRE.) );
#2032 = ( NAMED_UNIT(*) PLANE_ANGLE_UNIT() SI_UNIT($,.RADIAN.) );
#2033 = ( NAMED_UNIT(*) SI_UNIT($,.STERADIAN.) SOLID_ANGLE_UNIT() );
#2034 = UNCERTAINTY_MEASURE_WITH_UNIT(LENGTH_MEASURE(1.E-07),#2031,
  'distance_accuracy_value','confusion accuracy');
#2035 = CONTEXT_DEPENDENT_SHAPE_REPRESENTATION(#2036,#2038);
#2036 = ( REPRESENTATION_RELATIONSHIP('','',#779,#10) 
REPRESENTATION_RELATIONSHIP_WITH_TRANSFORMATION(#2037) 
SHAPE_REPRESENTATION_RELATIONSHIP() );
#2037 = ITEM_DEFINED_TRANSFORMATION('','',#11,#19);
#2038 = PRODUCT_DEFINITION_SHAPE('Placement','Placement of an item',
  #2039);
#2039 = NEXT_ASSEMBLY_USAGE_OCCURRENCE('2','Sliding six-stamp tray','',
  #5,#774,$);
#2040 = PRODUCT_RELATED_PRODUCT_CATEGORY('part',$,(#776));
#2041 = SHAPE_DEFINITION_REPRESENTATION(#2042,#2048);
#2042 = PRODUCT_DEFINITION_SHAPE('','',#2043);
#2043 = PRODUCT_DEFINITION('design','',#2044,#2047);
#2044 = PRODUCT_DEFINITION_FORMATION('','',#2045);
#2045 = PRODUCT('Stamp 01 — 学步桥','Stamp 01 — 学步桥','',(
    #2046));
#2046 = PRODUCT_CONTEXT('',#2,'mechanical');
#2047 = PRODUCT_DEFINITION_CONTEXT('part definition',#2,'design');
#2048 = ADVANCED_BREP_SHAPE_REPRESENTATION('',(#11,#2049),#2384);
#2049 = MANIFOLD_SOLID_BREP('',#2050);
#2050 = CLOSED_SHELL('',(#2051,#2093,#2170,#2194,#2253,#2270,#2287,#2304
    ,#2321,#2338,#2350,#2375));
#2051 = ADVANCED_FACE('',(#2052),#2088,.T.);
#2052 = FACE_BOUND('',#2053,.T.);
#2053 = EDGE_LOOP('',(#2054,#2065,#2073,#2082));
#2054 = ORIENTED_EDGE('',*,*,#2055,.F.);
#2055 = EDGE_CURVE('',#2056,#2058,#2060,.T.);
#2056 = VERTEX_POINT('',#2057);
#2057 = CARTESIAN_POINT('',(57.,9.,26.8));
#2058 = VERTEX_POINT('',#2059);
#2059 = CARTESIAN_POINT('',(61.,5.,26.8));
#2060 = CIRCLE('',#2061,4.);
#2061 = AXIS2_PLACEMENT_3D('',#2062,#2063,#2064);
#2062 = CARTESIAN_POINT('',(61.,9.,26.8));
#2063 = DIRECTION('',(0.,0.,1.));
#2064 = DIRECTION('',(1.,0.,-0.));
#2065 = ORIENTED_EDGE('',*,*,#2066,.F.);
#2066 = EDGE_CURVE('',#2067,#2056,#2069,.T.);
#2067 = VERTEX_POINT('',#2068);
#2068 = CARTESIAN_POINT('',(57.,9.,3.8));
#2069 = LINE('',#2070,#2071);
#2070 = CARTESIAN_POINT('',(57.,9.,3.8));
#2071 = VECTOR('',#2072,1.);
#2072 = DIRECTION('',(0.,0.,1.));
#2073 = ORIENTED_EDGE('',*,*,#2074,.T.);
#2074 = EDGE_CURVE('',#2067,#2075,#2077,.T.);
#2075 = VERTEX_POINT('',#2076);
#2076 = CARTESIAN_POINT('',(61.,5.,3.8));
#2077 = CIRCLE('',#2078,4.);
#2078 = AXIS2_PLACEMENT_3D('',#2079,#2080,#2081);
#2079 = CARTESIAN_POINT('',(61.,9.,3.8));
#2080 = DIRECTION('',(0.,0.,1.));
#2081 = DIRECTION('',(1.,0.,-0.));
#2082 = ORIENTED_EDGE('',*,*,#2083,.T.);
#2083 = EDGE_CURVE('',#2075,#2058,#2084,.T.);
#2084 = LINE('',#2085,#2086);
#2085 = CARTESIAN_POINT('',(61.,5.,3.8));
#2086 = VECTOR('',#2087,1.);
#2087 = DIRECTION('',(0.,0.,1.));
#2088 = CYLINDRICAL_SURFACE('',#2089,4.);
#2089 = AXIS2_PLACEMENT_3D('',#2090,#2091,#2092);
#2090 = CARTESIAN_POINT('',(61.,9.,3.8));
#2091 = DIRECTION('',(0.,0.,1.));
#2092 = DIRECTION('',(1.,0.,-0.));
#2093 = ADVANCED_FACE('',(#2094,#2154),#2165,.T.);
#2094 = FACE_BOUND('',#2095,.T.);
#2095 = EDGE_LOOP('',(#2096,#2097,#2105,#2114,#2122,#2131,#2139,#2148));
#2096 = ORIENTED_EDGE('',*,*,#2055,.T.);
#2097 = ORIENTED_EDGE('',*,*,#2098,.T.);
#2098 = EDGE_CURVE('',#2058,#2099,#2101,.T.);
#2099 = VERTEX_POINT('',#2100);
#2100 = CARTESIAN_POINT('',(85.,5.,26.8));
#2101 = LINE('',#2102,#2103);
#2102 = CARTESIAN_POINT('',(61.,5.,26.8));
#2103 = VECTOR('',#2104,1.);
#2104 = DIRECTION('',(1.,0.,-0.));
#2105 = ORIENTED_EDGE('',*,*,#2106,.T.);
#2106 = EDGE_CURVE('',#2099,#2107,#2109,.T.);
#2107 = VERTEX_POINT('',#2108);
#2108 = CARTESIAN_POINT('',(89.,9.,26.8));
#2109 = CIRCLE('',#2110,4.);
#2110 = AXIS2_PLACEMENT_3D('',#2111,#2112,#2113);
#2111 = CARTESIAN_POINT('',(85.,9.,26.8));
#2112 = DIRECTION('',(0.,0.,1.));
#2113 = DIRECTION('',(1.,0.,-0.));
#2114 = ORIENTED_EDGE('',*,*,#2115,.T.);
#2115 = EDGE_CURVE('',#2107,#2116,#2118,.T.);
#2116 = VERTEX_POINT('',#2117);
#2117 = CARTESIAN_POINT('',(89.,33.,26.8));
#2118 = LINE('',#2119,#2120);
#2119 = CARTESIAN_POINT('',(89.,9.,26.8));
#2120 = VECTOR('',#2121,1.);
#2121 = DIRECTION('',(-0.,1.,0.));
#2122 = ORIENTED_EDGE('',*,*,#2123,.T.);
#2123 = EDGE_CURVE('',#2116,#2124,#2126,.T.);
#2124 = VERTEX_POINT('',#2125);
#2125 = CARTESIAN_POINT('',(85.,37.,26.8));
#2126 = CIRCLE('',#2127,4.);
#2127 = AXIS2_PLACEMENT_3D('',#2128,#2129,#2130);
#2128 = CARTESIAN_POINT('',(85.,33.,26.8));
#2129 = DIRECTION('',(0.,0.,1.));
#2130 = DIRECTION('',(1.,0.,-0.));
#2131 = ORIENTED_EDGE('',*,*,#2132,.F.);
#2132 = EDGE_CURVE('',#2133,#2124,#2135,.T.);
#2133 = VERTEX_POINT('',#2134);
#2134 = CARTESIAN_POINT('',(61.,37.,26.8));
#2135 = LINE('',#2136,#2137);
#2136 = CARTESIAN_POINT('',(61.,37.,26.8));
#2137 = VECTOR('',#2138,1.);
#2138 = DIRECTION('',(1.,0.,-0.));
#2139 = ORIENTED_EDGE('',*,*,#2140,.T.);
#2140 = EDGE_CURVE('',#2133,#2141,#2143,.T.);
#2141 = VERTEX_POINT('',#2142);
#2142 = CARTESIAN_POINT('',(57.,33.,26.8));
#2143 = CIRCLE('',#2144,4.);
#2144 = AXIS2_PLACEMENT_3D('',#2145,#2146,#2147);
#2145 = CARTESIAN_POINT('',(61.,33.,26.8));
#2146 = DIRECTION('',(0.,0.,1.));
#2147 = DIRECTION('',(1.,0.,-0.));
#2148 = ORIENTED_EDGE('',*,*,#2149,.F.);
#2149 = EDGE_CURVE('',#2056,#2141,#2150,.T.);
#2150 = LINE('',#2151,#2152);
#2151 = CARTESIAN_POINT('',(57.,9.,26.8));
#2152 = VECTOR('',#2153,1.);
#2153 = DIRECTION('',(-0.,1.,0.));
#2154 = FACE_BOUND('',#2155,.T.);
#2155 = EDGE_LOOP('',(#2156));
#2156 = ORIENTED_EDGE('',*,*,#2157,.F.);
#2157 = EDGE_CURVE('',#2158,#2158,#2160,.T.);
#2158 = VERTEX_POINT('',#2159);
#2159 = CARTESIAN_POINT('',(67.6,13.,26.8));
#2160 = CIRCLE('',#2161,2.6);
#2161 = AXIS2_PLACEMENT_3D('',#2162,#2163,#2164);
#2162 = CARTESIAN_POINT('',(65.,13.,26.8));
#2163 = DIRECTION('',(0.,0.,1.));
#2164 = DIRECTION('',(1.,0.,-0.));
#2165 = PLANE('',#2166);
#2166 = AXIS2_PLACEMENT_3D('',#2167,#2168,#2169);
#2167 = CARTESIAN_POINT('',(73.,21.,26.8));
#2168 = DIRECTION('',(0.,0.,1.));
#2169 = DIRECTION('',(1.,0.,-0.));
#2170 = ADVANCED_FACE('',(#2171),#2189,.F.);
#2171 = FACE_BOUND('',#2172,.F.);
#2172 = EDGE_LOOP('',(#2173,#2181,#2182,#2183));
#2173 = ORIENTED_EDGE('',*,*,#2174,.F.);
#2174 = EDGE_CURVE('',#2075,#2175,#2177,.T.);
#2175 = VERTEX_POINT('',#2176);
#2176 = CARTESIAN_POINT('',(85.,5.,3.8));
#2177 = LINE('',#2178,#2179);
#2178 = CARTESIAN_POINT('',(61.,5.,3.8));
#2179 = VECTOR('',#2180,1.);
#2180 = DIRECTION('',(1.,0.,-0.));
#2181 = ORIENTED_EDGE('',*,*,#2083,.T.);
#2182 = ORIENTED_EDGE('',*,*,#2098,.T.);
#2183 = ORIENTED_EDGE('',*,*,#2184,.F.);
#2184 = EDGE_CURVE('',#2175,#2099,#2185,.T.);
#2185 = LINE('',#2186,#2187);
#2186 = CARTESIAN_POINT('',(85.,5.,3.8));
#2187 = VECTOR('',#2188,1.);
#2188 = DIRECTION('',(0.,0.,1.));
#2189 = PLANE('',#2190);
#2190 = AXIS2_PLACEMENT_3D('',#2191,#2192,#2193);
#2191 = CARTESIAN_POINT('',(61.,5.,3.8));
#2192 = DIRECTION('',(-0.,1.,0.));
#2193 = DIRECTION('',(0.,0.,1.));
#2194 = ADVANCED_FACE('',(#2195),#2248,.T.);
#2195 = FACE_BOUND('',#2196,.T.);
#2196 = EDGE_LOOP('',(#2197,#2198,#2206,#2215,#2223,#2232,#2240,#2247));
#2197 = ORIENTED_EDGE('',*,*,#2074,.F.);
#2198 = ORIENTED_EDGE('',*,*,#2199,.T.);
#2199 = EDGE_CURVE('',#2067,#2200,#2202,.T.);
#2200 = VERTEX_POINT('',#2201);
#2201 = CARTESIAN_POINT('',(57.,33.,3.8));
#2202 = LINE('',#2203,#2204);
#2203 = CARTESIAN_POINT('',(57.,9.,3.8));
#2204 = VECTOR('',#2205,1.);
#2205 = DIRECTION('',(-0.,1.,0.));
#2206 = ORIENTED_EDGE('',*,*,#2207,.F.);
#2207 = EDGE_CURVE('',#2208,#2200,#2210,.T.);
#2208 = VERTEX_POINT('',#2209);
#2209 = CARTESIAN_POINT('',(61.,37.,3.8));
#2210 = CIRCLE('',#2211,4.);
#2211 = AXIS2_PLACEMENT_3D('',#2212,#2213,#2214);
#2212 = CARTESIAN_POINT('',(61.,33.,3.8));
#2213 = DIRECTION('',(0.,0.,1.));
#2214 = DIRECTION('',(1.,0.,-0.));
#2215 = ORIENTED_EDGE('',*,*,#2216,.T.);
#2216 = EDGE_CURVE('',#2208,#2217,#2219,.T.);
#2217 = VERTEX_POINT('',#2218);
#2218 = CARTESIAN_POINT('',(85.,37.,3.8));
#2219 = LINE('',#2220,#2221);
#2220 = CARTESIAN_POINT('',(61.,37.,3.8));
#2221 = VECTOR('',#2222,1.);
#2222 = DIRECTION('',(1.,0.,-0.));
#2223 = ORIENTED_EDGE('',*,*,#2224,.F.);
#2224 = EDGE_CURVE('',#2225,#2217,#2227,.T.);
#2225 = VERTEX_POINT('',#2226);
#2226 = CARTESIAN_POINT('',(89.,33.,3.8));
#2227 = CIRCLE('',#2228,4.);
#2228 = AXIS2_PLACEMENT_3D('',#2229,#2230,#2231);
#2229 = CARTESIAN_POINT('',(85.,33.,3.8));
#2230 = DIRECTION('',(0.,0.,1.));
#2231 = DIRECTION('',(1.,0.,-0.));
#2232 = ORIENTED_EDGE('',*,*,#2233,.F.);
#2233 = EDGE_CURVE('',#2234,#2225,#2236,.T.);
#2234 = VERTEX_POINT('',#2235);
#2235 = CARTESIAN_POINT('',(89.,9.,3.8));
#2236 = LINE('',#2237,#2238);
#2237 = CARTESIAN_POINT('',(89.,9.,3.8));
#2238 = VECTOR('',#2239,1.);
#2239 = DIRECTION('',(-0.,1.,0.));
#2240 = ORIENTED_EDGE('',*,*,#2241,.F.);
#2241 = EDGE_CURVE('',#2175,#2234,#2242,.T.);
#2242 = CIRCLE('',#2243,4.);
#2243 = AXIS2_PLACEMENT_3D('',#2244,#2245,#2246);
#2244 = CARTESIAN_POINT('',(85.,9.,3.8));
#2245 = DIRECTION('',(0.,0.,1.));
#2246 = DIRECTION('',(1.,0.,-0.));
#2247 = ORIENTED_EDGE('',*,*,#2174,.F.);
#2248 = PLANE('',#2249);
#2249 = AXIS2_PLACEMENT_3D('',#2250,#2251,#2252);
#2250 = CARTESIAN_POINT('',(73.,21.,3.8));
#2251 = DIRECTION('',(-0.,-0.,-1.));
#2252 = DIRECTION('',(-1.,0.,0.));
#2253 = ADVANCED_FACE('',(#2254),#2265,.F.);
#2254 = FACE_BOUND('',#2255,.F.);
#2255 = EDGE_LOOP('',(#2256,#2257,#2258,#2264));
#2256 = ORIENTED_EDGE('',*,*,#2066,.F.);
#2257 = ORIENTED_EDGE('',*,*,#2199,.T.);
#2258 = ORIENTED_EDGE('',*,*,#2259,.T.);
#2259 = EDGE_CURVE('',#2200,#2141,#2260,.T.);
#2260 = LINE('',#2261,#2262);
#2261 = CARTESIAN_POINT('',(57.,33.,3.8));
#2262 = VECTOR('',#2263,1.);
#2263 = DIRECTION('',(0.,0.,1.));
#2264 = ORIENTED_EDGE('',*,*,#2149,.F.);
#2265 = PLANE('',#2266);
#2266 = AXIS2_PLACEMENT_3D('',#2267,#2268,#2269);
#2267 = CARTESIAN_POINT('',(57.,9.,3.8));
#2268 = DIRECTION('',(1.,0.,-0.));
#2269 = DIRECTION('',(0.,0.,1.));
#2270 = ADVANCED_FACE('',(#2271),#2282,.T.);
#2271 = FACE_BOUND('',#2272,.T.);
#2272 = EDGE_LOOP('',(#2273,#2274,#2280,#2281));
#2273 = ORIENTED_EDGE('',*,*,#2140,.F.);
#2274 = ORIENTED_EDGE('',*,*,#2275,.F.);
#2275 = EDGE_CURVE('',#2208,#2133,#2276,.T.);
#2276 = LINE('',#2277,#2278);
#2277 = CARTESIAN_POINT('',(61.,37.,3.8));
#2278 = VECTOR('',#2279,1.);
#2279 = DIRECTION('',(0.,0.,1.));
#2280 = ORIENTED_EDGE('',*,*,#2207,.T.);
#2281 = ORIENTED_EDGE('',*,*,#2259,.T.);
#2282 = CYLINDRICAL_SURFACE('',#2283,4.);
#2283 = AXIS2_PLACEMENT_3D('',#2284,#2285,#2286);
#2284 = CARTESIAN_POINT('',(61.,33.,3.8));
#2285 = DIRECTION('',(0.,0.,1.));
#2286 = DIRECTION('',(1.,0.,-0.));
#2287 = ADVANCED_FACE('',(#2288),#2299,.T.);
#2288 = FACE_BOUND('',#2289,.T.);
#2289 = EDGE_LOOP('',(#2290,#2291,#2292,#2293));
#2290 = ORIENTED_EDGE('',*,*,#2106,.F.);
#2291 = ORIENTED_EDGE('',*,*,#2184,.F.);
#2292 = ORIENTED_EDGE('',*,*,#2241,.T.);
#2293 = ORIENTED_EDGE('',*,*,#2294,.T.);
#2294 = EDGE_CURVE('',#2234,#2107,#2295,.T.);
#2295 = LINE('',#2296,#2297);
#2296 = CARTESIAN_POINT('',(89.,9.,3.8));
#2297 = VECTOR('',#2298,1.);
#2298 = DIRECTION('',(0.,0.,1.));
#2299 = CYLINDRICAL_SURFACE('',#2300,4.);
#2300 = AXIS2_PLACEMENT_3D('',#2301,#2302,#2303);
#2301 = CARTESIAN_POINT('',(85.,9.,3.8));
#2302 = DIRECTION('',(0.,0.,1.));
#2303 = DIRECTION('',(1.,0.,-0.));
#2304 = ADVANCED_FACE('',(#2305),#2316,.T.);
#2305 = FACE_BOUND('',#2306,.T.);
#2306 = EDGE_LOOP('',(#2307,#2308,#2309,#2310));
#2307 = ORIENTED_EDGE('',*,*,#2216,.F.);
#2308 = ORIENTED_EDGE('',*,*,#2275,.T.);
#2309 = ORIENTED_EDGE('',*,*,#2132,.T.);
#2310 = ORIENTED_EDGE('',*,*,#2311,.F.);
#2311 = EDGE_CURVE('',#2217,#2124,#2312,.T.);
#2312 = LINE('',#2313,#2314);
#2313 = CARTESIAN_POINT('',(85.,37.,3.8));
#2314 = VECTOR('',#2315,1.);
#2315 = DIRECTION('',(0.,0.,1.));
#2316 = PLANE('',#2317);
#2317 = AXIS2_PLACEMENT_3D('',#2318,#2319,#2320);
#2318 = CARTESIAN_POINT('',(61.,37.,3.8));
#2319 = DIRECTION('',(-0.,1.,0.));
#2320 = DIRECTION('',(0.,0.,1.));
#2321 = ADVANCED_FACE('',(#2322),#2333,.T.);
#2322 = FACE_BOUND('',#2323,.T.);
#2323 = EDGE_LOOP('',(#2324,#2325,#2326,#2332));
#2324 = ORIENTED_EDGE('',*,*,#2294,.F.);
#2325 = ORIENTED_EDGE('',*,*,#2233,.T.);
#2326 = ORIENTED_EDGE('',*,*,#2327,.T.);
#2327 = EDGE_CURVE('',#2225,#2116,#2328,.T.);
#2328 = LINE('',#2329,#2330);
#2329 = CARTESIAN_POINT('',(89.,33.,3.8));
#2330 = VECTOR('',#2331,1.);
#2331 = DIRECTION('',(0.,0.,1.));
#2332 = ORIENTED_EDGE('',*,*,#2115,.F.);
#2333 = PLANE('',#2334);
#2334 = AXIS2_PLACEMENT_3D('',#2335,#2336,#2337);
#2335 = CARTESIAN_POINT('',(89.,9.,3.8));
#2336 = DIRECTION('',(1.,0.,-0.));
#2337 = DIRECTION('',(0.,0.,1.));
#2338 = ADVANCED_FACE('',(#2339),#2345,.T.);
#2339 = FACE_BOUND('',#2340,.T.);
#2340 = EDGE_LOOP('',(#2341,#2342,#2343,#2344));
#2341 = ORIENTED_EDGE('',*,*,#2123,.F.);
#2342 = ORIENTED_EDGE('',*,*,#2327,.F.);
#2343 = ORIENTED_EDGE('',*,*,#2224,.T.);
#2344 = ORIENTED_EDGE('',*,*,#2311,.T.);
#2345 = CYLINDRICAL_SURFACE('',#2346,4.);
#2346 = AXIS2_PLACEMENT_3D('',#2347,#2348,#2349);
#2347 = CARTESIAN_POINT('',(85.,33.,3.8));
#2348 = DIRECTION('',(0.,0.,1.));
#2349 = DIRECTION('',(1.,0.,-0.));
#2350 = ADVANCED_FACE('',(#2351),#2370,.T.);
#2351 = FACE_BOUND('',#2352,.T.);
#2352 = EDGE_LOOP('',(#2353,#2362,#2368,#2369));
#2353 = ORIENTED_EDGE('',*,*,#2354,.F.);
#2354 = EDGE_CURVE('',#2355,#2355,#2357,.T.);
#2355 = VERTEX_POINT('',#2356);
#2356 = CARTESIAN_POINT('',(67.6,13.,27.4));
#2357 = CIRCLE('',#2358,2.6);
#2358 = AXIS2_PLACEMENT_3D('',#2359,#2360,#2361);
#2359 = CARTESIAN_POINT('',(65.,13.,27.4));
#2360 = DIRECTION('',(0.,0.,1.));
#2361 = DIRECTION('',(1.,0.,-0.));
#2362 = ORIENTED_EDGE('',*,*,#2363,.F.);
#2363 = EDGE_CURVE('',#2158,#2355,#2364,.T.);
#2364 = LINE('',#2365,#2366);
#2365 = CARTESIAN_POINT('',(67.6,13.,26.8));
#2366 = VECTOR('',#2367,1.);
#2367 = DIRECTION('',(0.,0.,1.));
#2368 = ORIENTED_EDGE('',*,*,#2157,.T.);
#2369 = ORIENTED_EDGE('',*,*,#2363,.T.);
#2370 = CYLINDRICAL_SURFACE('',#2371,2.6);
#2371 = AXIS2_PLACEMENT_3D('',#2372,#2373,#2374);
#2372 = CARTESIAN_POINT('',(65.,13.,26.8));
#2373 = DIRECTION('',(0.,0.,1.));
#2374 = DIRECTION('',(1.,0.,-0.));
#2375 = ADVANCED_FACE('',(#2376),#2379,.T.);
#2376 = FACE_BOUND('',#2377,.T.);
#2377 = EDGE_LOOP('',(#2378));
#2378 = ORIENTED_EDGE('',*,*,#2354,.T.);
#2379 = PLANE('',#2380);
#2380 = AXIS2_PLACEMENT_3D('',#2381,#2382,#2383);
#2381 = CARTESIAN_POINT('',(65.,13.,27.4));
#2382 = DIRECTION('',(0.,0.,1.));
#2383 = DIRECTION('',(1.,0.,-0.));
#2384 = ( GEOMETRIC_REPRESENTATION_CONTEXT(3) 
GLOBAL_UNCERTAINTY_ASSIGNED_CONTEXT((#2388)) 
GLOBAL_UNIT_ASSIGNED_CONTEXT((#2385,#2386,#2387)) REPRESENTATION_CONTEXT
('Context #1','3D Context with UNIT and UNCERTAINTY') );
#2385 = ( LENGTH_UNIT() NAMED_UNIT(*) SI_UNIT(.MILLI.,.METRE.) );
#2386 = ( NAMED_UNIT(*) PLANE_ANGLE_UNIT() SI_UNIT($,.RADIAN.) );
#2387 = ( NAMED_UNIT(*) SI_UNIT($,.STERADIAN.) SOLID_ANGLE_UNIT() );
#2388 = UNCERTAINTY_MEASURE_WITH_UNIT(LENGTH_MEASURE(1.E-07),#2385,
  'distance_accuracy_value','confusion accuracy');
#2389 = CONTEXT_DEPENDENT_SHAPE_REPRESENTATION(#2390,#2392);
#2390 = ( REPRESENTATION_RELATIONSHIP('','',#2048,#10) 
REPRESENTATION_RELATIONSHIP_WITH_TRANSFORMATION(#2391) 
SHAPE_REPRESENTATION_RELATIONSHIP() );
#2391 = ITEM_DEFINED_TRANSFORMATION('','',#11,#23);
#2392 = PRODUCT_DEFINITION_SHAPE('Placement','Placement of an item',
  #2393);
#2393 = NEXT_ASSEMBLY_USAGE_OCCURRENCE('3','Stamp 01 — 学步桥','',
  #5,#2043,$);
#2394 = PRODUCT_RELATED_PRODUCT_CATEGORY('part',$,(#2045));
#2395 = SHAPE_DEFINITION_REPRESENTATION(#2396,#2402);
#2396 = PRODUCT_DEFINITION_SHAPE('','',#2397);
#2397 = PRODUCT_DEFINITION('design','',#2398,#2401);
#2398 = PRODUCT_DEFINITION_FORMATION('','',#2399);
#2399 = PRODUCT('Stamp 02 — 回车巷','Stamp 02 — 回车巷','',(
    #2400));
#2400 = PRODUCT_CONTEXT('',#2,'mechanical');
#2401 = PRODUCT_DEFINITION_CONTEXT('part definition',#2,'design');
#2402 = ADVANCED_BREP_SHAPE_REPRESENTATION('',(#11,#2403),#2738);
#2403 = MANIFOLD_SOLID_BREP('',#2404);
#2404 = CLOSED_SHELL('',(#2405,#2447,#2524,#2548,#2607,#2624,#2641,#2658
    ,#2675,#2692,#2704,#2729));
#2405 = ADVANCED_FACE('',(#2406),#2442,.T.);
#2406 = FACE_BOUND('',#2407,.T.);
#2407 = EDGE_LOOP('',(#2408,#2419,#2427,#2436));
#2408 = ORIENTED_EDGE('',*,*,#2409,.F.);
#2409 = EDGE_CURVE('',#2410,#2412,#2414,.T.);
#2410 = VERTEX_POINT('',#2411);
#2411 = CARTESIAN_POINT('',(90.3,9.,26.8));
#2412 = VERTEX_POINT('',#2413);
#2413 = CARTESIAN_POINT('',(94.3,5.,26.8));
#2414 = CIRCLE('',#2415,4.);
#2415 = AXIS2_PLACEMENT_3D('',#2416,#2417,#2418);
#2416 = CARTESIAN_POINT('',(94.3,9.,26.8));
#2417 = DIRECTION('',(0.,0.,1.));
#2418 = DIRECTION('',(1.,0.,-0.));
#2419 = ORIENTED_EDGE('',*,*,#2420,.F.);
#2420 = EDGE_CURVE('',#2421,#2410,#2423,.T.);
#2421 = VERTEX_POINT('',#2422);
#2422 = CARTESIAN_POINT('',(90.3,9.,3.8));
#2423 = LINE('',#2424,#2425);
#2424 = CARTESIAN_POINT('',(90.3,9.,3.8));
#2425 = VECTOR('',#2426,1.);
#2426 = DIRECTION('',(0.,0.,1.));
#2427 = ORIENTED_EDGE('',*,*,#2428,.T.);
#2428 = EDGE_CURVE('',#2421,#2429,#2431,.T.);
#2429 = VERTEX_POINT('',#2430);
#2430 = CARTESIAN_POINT('',(94.3,5.,3.8));
#2431 = CIRCLE('',#2432,4.);
#2432 = AXIS2_PLACEMENT_3D('',#2433,#2434,#2435);
#2433 = CARTESIAN_POINT('',(94.3,9.,3.8));
#2434 = DIRECTION('',(0.,0.,1.));
#2435 = DIRECTION('',(1.,0.,-0.));
#2436 = ORIENTED_EDGE('',*,*,#2437,.T.);
#2437 = EDGE_CURVE('',#2429,#2412,#2438,.T.);
#2438 = LINE('',#2439,#2440);
#2439 = CARTESIAN_POINT('',(94.3,5.,3.8));
#2440 = VECTOR('',#2441,1.);
#2441 = DIRECTION('',(0.,0.,1.));
#2442 = CYLINDRICAL_SURFACE('',#2443,4.);
#2443 = AXIS2_PLACEMENT_3D('',#2444,#2445,#2446);
#2444 = CARTESIAN_POINT('',(94.3,9.,3.8));
#2445 = DIRECTION('',(0.,0.,1.));
#2446 = DIRECTION('',(1.,0.,-0.));
#2447 = ADVANCED_FACE('',(#2448,#2508),#2519,.T.);
#2448 = FACE_BOUND('',#2449,.T.);
#2449 = EDGE_LOOP('',(#2450,#2451,#2459,#2468,#2476,#2485,#2493,#2502));
#2450 = ORIENTED_EDGE('',*,*,#2409,.T.);
#2451 = ORIENTED_EDGE('',*,*,#2452,.T.);
#2452 = EDGE_CURVE('',#2412,#2453,#2455,.T.);
#2453 = VERTEX_POINT('',#2454);
#2454 = CARTESIAN_POINT('',(118.3,5.,26.8));
#2455 = LINE('',#2456,#2457);
#2456 = CARTESIAN_POINT('',(94.3,5.,26.8));
#2457 = VECTOR('',#2458,1.);
#2458 = DIRECTION('',(1.,0.,-0.));
#2459 = ORIENTED_EDGE('',*,*,#2460,.T.);
#2460 = EDGE_CURVE('',#2453,#2461,#2463,.T.);
#2461 = VERTEX_POINT('',#2462);
#2462 = CARTESIAN_POINT('',(122.3,9.,26.8));
#2463 = CIRCLE('',#2464,4.);
#2464 = AXIS2_PLACEMENT_3D('',#2465,#2466,#2467);
#2465 = CARTESIAN_POINT('',(118.3,9.,26.8));
#2466 = DIRECTION('',(0.,0.,1.));
#2467 = DIRECTION('',(1.,0.,-0.));
#2468 = ORIENTED_EDGE('',*,*,#2469,.T.);
#2469 = EDGE_CURVE('',#2461,#2470,#2472,.T.);
#2470 = VERTEX_POINT('',#2471);
#2471 = CARTESIAN_POINT('',(122.3,33.,26.8));
#2472 = LINE('',#2473,#2474);
#2473 = CARTESIAN_POINT('',(122.3,9.,26.8));
#2474 = VECTOR('',#2475,1.);
#2475 = DIRECTION('',(-0.,1.,0.));
#2476 = ORIENTED_EDGE('',*,*,#2477,.T.);
#2477 = EDGE_CURVE('',#2470,#2478,#2480,.T.);
#2478 = VERTEX_POINT('',#2479);
#2479 = CARTESIAN_POINT('',(118.3,37.,26.8));
#2480 = CIRCLE('',#2481,4.);
#2481 = AXIS2_PLACEMENT_3D('',#2482,#2483,#2484);
#2482 = CARTESIAN_POINT('',(118.3,33.,26.8));
#2483 = DIRECTION('',(0.,0.,1.));
#2484 = DIRECTION('',(1.,0.,-0.));
#2485 = ORIENTED_EDGE('',*,*,#2486,.F.);
#2486 = EDGE_CURVE('',#2487,#2478,#2489,.T.);
#2487 = VERTEX_POINT('',#2488);
#2488 = CARTESIAN_POINT('',(94.3,37.,26.8));
#2489 = LINE('',#2490,#2491);
#2490 = CARTESIAN_POINT('',(94.3,37.,26.8));
#2491 = VECTOR('',#2492,1.);
#2492 = DIRECTION('',(1.,0.,-0.));
#2493 = ORIENTED_EDGE('',*,*,#2494,.T.);
#2494 = EDGE_CURVE('',#2487,#2495,#2497,.T.);
#2495 = VERTEX_POINT('',#2496);
#2496 = CARTESIAN_POINT('',(90.3,33.,26.8));
#2497 = CIRCLE('',#2498,4.);
#2498 = AXIS2_PLACEMENT_3D('',#2499,#2500,#2501);
#2499 = CARTESIAN_POINT('',(94.3,33.,26.8));
#2500 = DIRECTION('',(0.,0.,1.));
#2501 = DIRECTION('',(1.,0.,-0.));
#2502 = ORIENTED_EDGE('',*,*,#2503,.F.);
#2503 = EDGE_CURVE('',#2410,#2495,#2504,.T.);
#2504 = LINE('',#2505,#2506);
#2505 = CARTESIAN_POINT('',(90.3,9.,26.8));
#2506 = VECTOR('',#2507,1.);
#2507 = DIRECTION('',(-0.,1.,0.));
#2508 = FACE_BOUND('',#2509,.T.);
#2509 = EDGE_LOOP('',(#2510));
#2510 = ORIENTED_EDGE('',*,*,#2511,.F.);
#2511 = EDGE_CURVE('',#2512,#2512,#2514,.T.);
#2512 = VERTEX_POINT('',#2513);
#2513 = CARTESIAN_POINT('',(105.4,13.,26.8));
#2514 = CIRCLE('',#2515,2.6);
#2515 = AXIS2_PLACEMENT_3D('',#2516,#2517,#2518);
#2516 = CARTESIAN_POINT('',(102.8,13.,26.8));
#2517 = DIRECTION('',(0.,0.,1.));
#2518 = DIRECTION('',(1.,0.,-0.));
#2519 = PLANE('',#2520);
#2520 = AXIS2_PLACEMENT_3D('',#2521,#2522,#2523);
#2521 = CARTESIAN_POINT('',(106.3,21.,26.8));
#2522 = DIRECTION('',(0.,0.,1.));
#2523 = DIRECTION('',(1.,0.,-0.));
#2524 = ADVANCED_FACE('',(#2525),#2543,.F.);
#2525 = FACE_BOUND('',#2526,.F.);
#2526 = EDGE_LOOP('',(#2527,#2535,#2536,#2537));
#2527 = ORIENTED_EDGE('',*,*,#2528,.F.);
#2528 = EDGE_CURVE('',#2429,#2529,#2531,.T.);
#2529 = VERTEX_POINT('',#2530);
#2530 = CARTESIAN_POINT('',(118.3,5.,3.8));
#2531 = LINE('',#2532,#2533);
#2532 = CARTESIAN_POINT('',(94.3,5.,3.8));
#2533 = VECTOR('',#2534,1.);
#2534 = DIRECTION('',(1.,0.,-0.));
#2535 = ORIENTED_EDGE('',*,*,#2437,.T.);
#2536 = ORIENTED_EDGE('',*,*,#2452,.T.);
#2537 = ORIENTED_EDGE('',*,*,#2538,.F.);
#2538 = EDGE_CURVE('',#2529,#2453,#2539,.T.);
#2539 = LINE('',#2540,#2541);
#2540 = CARTESIAN_POINT('',(118.3,5.,3.8));
#2541 = VECTOR('',#2542,1.);
#2542 = DIRECTION('',(0.,0.,1.));
#2543 = PLANE('',#2544);
#2544 = AXIS2_PLACEMENT_3D('',#2545,#2546,#2547);
#2545 = CARTESIAN_POINT('',(94.3,5.,3.8));
#2546 = DIRECTION('',(-0.,1.,0.));
#2547 = DIRECTION('',(0.,0.,1.));
#2548 = ADVANCED_FACE('',(#2549),#2602,.T.);
#2549 = FACE_BOUND('',#2550,.T.);
#2550 = EDGE_LOOP('',(#2551,#2552,#2560,#2569,#2577,#2586,#2594,#2601));
#2551 = ORIENTED_EDGE('',*,*,#2428,.F.);
#2552 = ORIENTED_EDGE('',*,*,#2553,.T.);
#2553 = EDGE_CURVE('',#2421,#2554,#2556,.T.);
#2554 = VERTEX_POINT('',#2555);
#2555 = CARTESIAN_POINT('',(90.3,33.,3.8));
#2556 = LINE('',#2557,#2558);
#2557 = CARTESIAN_POINT('',(90.3,9.,3.8));
#2558 = VECTOR('',#2559,1.);
#2559 = DIRECTION('',(-0.,1.,0.));
#2560 = ORIENTED_EDGE('',*,*,#2561,.F.);
#2561 = EDGE_CURVE('',#2562,#2554,#2564,.T.);
#2562 = VERTEX_POINT('',#2563);
#2563 = CARTESIAN_POINT('',(94.3,37.,3.8));
#2564 = CIRCLE('',#2565,4.);
#2565 = AXIS2_PLACEMENT_3D('',#2566,#2567,#2568);
#2566 = CARTESIAN_POINT('',(94.3,33.,3.8));
#2567 = DIRECTION('',(0.,0.,1.));
#2568 = DIRECTION('',(1.,0.,-0.));
#2569 = ORIENTED_EDGE('',*,*,#2570,.T.);
#2570 = EDGE_CURVE('',#2562,#2571,#2573,.T.);
#2571 = VERTEX_POINT('',#2572);
#2572 = CARTESIAN_POINT('',(118.3,37.,3.8));
#2573 = LINE('',#2574,#2575);
#2574 = CARTESIAN_POINT('',(94.3,37.,3.8));
#2575 = VECTOR('',#2576,1.);
#2576 = DIRECTION('',(1.,0.,-0.));
#2577 = ORIENTED_EDGE('',*,*,#2578,.F.);
#2578 = EDGE_CURVE('',#2579,#2571,#2581,.T.);
#2579 = VERTEX_POINT('',#2580);
#2580 = CARTESIAN_POINT('',(122.3,33.,3.8));
#2581 = CIRCLE('',#2582,4.);
#2582 = AXIS2_PLACEMENT_3D('',#2583,#2584,#2585);
#2583 = CARTESIAN_POINT('',(118.3,33.,3.8));
#2584 = DIRECTION('',(0.,0.,1.));
#2585 = DIRECTION('',(1.,0.,-0.));
#2586 = ORIENTED_EDGE('',*,*,#2587,.F.);
#2587 = EDGE_CURVE('',#2588,#2579,#2590,.T.);
#2588 = VERTEX_POINT('',#2589);
#2589 = CARTESIAN_POINT('',(122.3,9.,3.8));
#2590 = LINE('',#2591,#2592);
#2591 = CARTESIAN_POINT('',(122.3,9.,3.8));
#2592 = VECTOR('',#2593,1.);
#2593 = DIRECTION('',(-0.,1.,0.));
#2594 = ORIENTED_EDGE('',*,*,#2595,.F.);
#2595 = EDGE_CURVE('',#2529,#2588,#2596,.T.);
#2596 = CIRCLE('',#2597,4.);
#2597 = AXIS2_PLACEMENT_3D('',#2598,#2599,#2600);
#2598 = CARTESIAN_POINT('',(118.3,9.,3.8));
#2599 = DIRECTION('',(0.,0.,1.));
#2600 = DIRECTION('',(1.,0.,-0.));
#2601 = ORIENTED_EDGE('',*,*,#2528,.F.);
#2602 = PLANE('',#2603);
#2603 = AXIS2_PLACEMENT_3D('',#2604,#2605,#2606);
#2604 = CARTESIAN_POINT('',(106.3,21.,3.8));
#2605 = DIRECTION('',(-0.,-0.,-1.));
#2606 = DIRECTION('',(-1.,0.,0.));
#2607 = ADVANCED_FACE('',(#2608),#2619,.F.);
#2608 = FACE_BOUND('',#2609,.F.);
#2609 = EDGE_LOOP('',(#2610,#2611,#2612,#2618));
#2610 = ORIENTED_EDGE('',*,*,#2420,.F.);
#2611 = ORIENTED_EDGE('',*,*,#2553,.T.);
#2612 = ORIENTED_EDGE('',*,*,#2613,.T.);
#2613 = EDGE_CURVE('',#2554,#2495,#2614,.T.);
#2614 = LINE('',#2615,#2616);
#2615 = CARTESIAN_POINT('',(90.3,33.,3.8));
#2616 = VECTOR('',#2617,1.);
#2617 = DIRECTION('',(0.,0.,1.));
#2618 = ORIENTED_EDGE('',*,*,#2503,.F.);
#2619 = PLANE('',#2620);
#2620 = AXIS2_PLACEMENT_3D('',#2621,#2622,#2623);
#2621 = CARTESIAN_POINT('',(90.3,9.,3.8));
#2622 = DIRECTION('',(1.,0.,-0.));
#2623 = DIRECTION('',(0.,0.,1.));
#2624 = ADVANCED_FACE('',(#2625),#2636,.T.);
#2625 = FACE_BOUND('',#2626,.T.);
#2626 = EDGE_LOOP('',(#2627,#2628,#2634,#2635));
#2627 = ORIENTED_EDGE('',*,*,#2494,.F.);
#2628 = ORIENTED_EDGE('',*,*,#2629,.F.);
#2629 = EDGE_CURVE('',#2562,#2487,#2630,.T.);
#2630 = LINE('',#2631,#2632);
#2631 = CARTESIAN_POINT('',(94.3,37.,3.8));
#2632 = VECTOR('',#2633,1.);
#2633 = DIRECTION('',(0.,0.,1.));
#2634 = ORIENTED_EDGE('',*,*,#2561,.T.);
#2635 = ORIENTED_EDGE('',*,*,#2613,.T.);
#2636 = CYLINDRICAL_SURFACE('',#2637,4.);
#2637 = AXIS2_PLACEMENT_3D('',#2638,#2639,#2640);
#2638 = CARTESIAN_POINT('',(94.3,33.,3.8));
#2639 = DIRECTION('',(0.,0.,1.));
#2640 = DIRECTION('',(1.,0.,-0.));
#2641 = ADVANCED_FACE('',(#2642),#2653,.T.);
#2642 = FACE_BOUND('',#2643,.T.);
#2643 = EDGE_LOOP('',(#2644,#2645,#2646,#2647));
#2644 = ORIENTED_EDGE('',*,*,#2460,.F.);
#2645 = ORIENTED_EDGE('',*,*,#2538,.F.);
#2646 = ORIENTED_EDGE('',*,*,#2595,.T.);
#2647 = ORIENTED_EDGE('',*,*,#2648,.T.);
#2648 = EDGE_CURVE('',#2588,#2461,#2649,.T.);
#2649 = LINE('',#2650,#2651);
#2650 = CARTESIAN_POINT('',(122.3,9.,3.8));
#2651 = VECTOR('',#2652,1.);
#2652 = DIRECTION('',(0.,0.,1.));
#2653 = CYLINDRICAL_SURFACE('',#2654,4.);
#2654 = AXIS2_PLACEMENT_3D('',#2655,#2656,#2657);
#2655 = CARTESIAN_POINT('',(118.3,9.,3.8));
#2656 = DIRECTION('',(0.,0.,1.));
#2657 = DIRECTION('',(1.,0.,-0.));
#2658 = ADVANCED_FACE('',(#2659),#2670,.T.);
#2659 = FACE_BOUND('',#2660,.T.);
#2660 = EDGE_LOOP('',(#2661,#2662,#2663,#2664));
#2661 = ORIENTED_EDGE('',*,*,#2570,.F.);
#2662 = ORIENTED_EDGE('',*,*,#2629,.T.);
#2663 = ORIENTED_EDGE('',*,*,#2486,.T.);
#2664 = ORIENTED_EDGE('',*,*,#2665,.F.);
#2665 = EDGE_CURVE('',#2571,#2478,#2666,.T.);
#2666 = LINE('',#2667,#2668);
#2667 = CARTESIAN_POINT('',(118.3,37.,3.8));
#2668 = VECTOR('',#2669,1.);
#2669 = DIRECTION('',(0.,0.,1.));
#2670 = PLANE('',#2671);
#2671 = AXIS2_PLACEMENT_3D('',#2672,#2673,#2674);
#2672 = CARTESIAN_POINT('',(94.3,37.,3.8));
#2673 = DIRECTION('',(-0.,1.,0.));
#2674 = DIRECTION('',(0.,0.,1.));
#2675 = ADVANCED_FACE('',(#2676),#2687,.T.);
#2676 = FACE_BOUND('',#2677,.T.);
#2677 = EDGE_LOOP('',(#2678,#2679,#2680,#2686));
#2678 = ORIENTED_EDGE('',*,*,#2648,.F.);
#2679 = ORIENTED_EDGE('',*,*,#2587,.T.);
#2680 = ORIENTED_EDGE('',*,*,#2681,.T.);
#2681 = EDGE_CURVE('',#2579,#2470,#2682,.T.);
#2682 = LINE('',#2683,#2684);
#2683 = CARTESIAN_POINT('',(122.3,33.,3.8));
#2684 = VECTOR('',#2685,1.);
#2685 = DIRECTION('',(0.,0.,1.));
#2686 = ORIENTED_EDGE('',*,*,#2469,.F.);
#2687 = PLANE('',#2688);
#2688 = AXIS2_PLACEMENT_3D('',#2689,#2690,#2691);
#2689 = CARTESIAN_POINT('',(122.3,9.,3.8));
#2690 = DIRECTION('',(1.,0.,-0.));
#2691 = DIRECTION('',(0.,0.,1.));
#2692 = ADVANCED_FACE('',(#2693),#2699,.T.);
#2693 = FACE_BOUND('',#2694,.T.);
#2694 = EDGE_LOOP('',(#2695,#2696,#2697,#2698));
#2695 = ORIENTED_EDGE('',*,*,#2477,.F.);
#2696 = ORIENTED_EDGE('',*,*,#2681,.F.);
#2697 = ORIENTED_EDGE('',*,*,#2578,.T.);
#2698 = ORIENTED_EDGE('',*,*,#2665,.T.);
#2699 = CYLINDRICAL_SURFACE('',#2700,4.);
#2700 = AXIS2_PLACEMENT_3D('',#2701,#2702,#2703);
#2701 = CARTESIAN_POINT('',(118.3,33.,3.8));
#2702 = DIRECTION('',(0.,0.,1.));
#2703 = DIRECTION('',(1.,0.,-0.));
#2704 = ADVANCED_FACE('',(#2705),#2724,.T.);
#2705 = FACE_BOUND('',#2706,.T.);
#2706 = EDGE_LOOP('',(#2707,#2716,#2722,#2723));
#2707 = ORIENTED_EDGE('',*,*,#2708,.F.);
#2708 = EDGE_CURVE('',#2709,#2709,#2711,.T.);
#2709 = VERTEX_POINT('',#2710);
#2710 = CARTESIAN_POINT('',(105.4,13.,27.4));
#2711 = CIRCLE('',#2712,2.6);
#2712 = AXIS2_PLACEMENT_3D('',#2713,#2714,#2715);
#2713 = CARTESIAN_POINT('',(102.8,13.,27.4));
#2714 = DIRECTION('',(0.,0.,1.));
#2715 = DIRECTION('',(1.,0.,-0.));
#2716 = ORIENTED_EDGE('',*,*,#2717,.F.);
#2717 = EDGE_CURVE('',#2512,#2709,#2718,.T.);
#2718 = LINE('',#2719,#2720);
#2719 = CARTESIAN_POINT('',(105.4,13.,26.8));
#2720 = VECTOR('',#2721,1.);
#2721 = DIRECTION('',(0.,0.,1.));
#2722 = ORIENTED_EDGE('',*,*,#2511,.T.);
#2723 = ORIENTED_EDGE('',*,*,#2717,.T.);
#2724 = CYLINDRICAL_SURFACE('',#2725,2.6);
#2725 = AXIS2_PLACEMENT_3D('',#2726,#2727,#2728);
#2726 = CARTESIAN_POINT('',(102.8,13.,26.8));
#2727 = DIRECTION('',(0.,0.,1.));
#2728 = DIRECTION('',(1.,0.,-0.));
#2729 = ADVANCED_FACE('',(#2730),#2733,.T.);
#2730 = FACE_BOUND('',#2731,.T.);
#2731 = EDGE_LOOP('',(#2732));
#2732 = ORIENTED_EDGE('',*,*,#2708,.T.);
#2733 = PLANE('',#2734);
#2734 = AXIS2_PLACEMENT_3D('',#2735,#2736,#2737);
#2735 = CARTESIAN_POINT('',(102.8,13.,27.4));
#2736 = DIRECTION('',(0.,0.,1.));
#2737 = DIRECTION('',(1.,0.,-0.));
#2738 = ( GEOMETRIC_REPRESENTATION_CONTEXT(3) 
GLOBAL_UNCERTAINTY_ASSIGNED_CONTEXT((#2742)) 
GLOBAL_UNIT_ASSIGNED_CONTEXT((#2739,#2740,#2741)) REPRESENTATION_CONTEXT
('Context #1','3D Context with UNIT and UNCERTAINTY') );
#2739 = ( LENGTH_UNIT() NAMED_UNIT(*) SI_UNIT(.MILLI.,.METRE.) );
#2740 = ( NAMED_UNIT(*) PLANE_ANGLE_UNIT() SI_UNIT($,.RADIAN.) );
#2741 = ( NAMED_UNIT(*) SI_UNIT($,.STERADIAN.) SOLID_ANGLE_UNIT() );
#2742 = UNCERTAINTY_MEASURE_WITH_UNIT(LENGTH_MEASURE(1.E-07),#2739,
  'distance_accuracy_value','confusion accuracy');
#2743 = CONTEXT_DEPENDENT_SHAPE_REPRESENTATION(#2744,#2746);
#2744 = ( REPRESENTATION_RELATIONSHIP('','',#2402,#10) 
REPRESENTATION_RELATIONSHIP_WITH_TRANSFORMATION(#2745) 
SHAPE_REPRESENTATION_RELATIONSHIP() );
#2745 = ITEM_DEFINED_TRANSFORMATION('','',#11,#27);
#2746 = PRODUCT_DEFINITION_SHAPE('Placement','Placement of an item',
  #2747);
#2747 = NEXT_ASSEMBLY_USAGE_OCCURRENCE('4','Stamp 02 — 回车巷','',
  #5,#2397,$);
#2748 = PRODUCT_RELATED_PRODUCT_CATEGORY('part',$,(#2399));
#2749 = SHAPE_DEFINITION_REPRESENTATION(#2750,#2756);
#2750 = PRODUCT_DEFINITION_SHAPE('','',#2751);
#2751 = PRODUCT_DEFINITION('design','',#2752,#2755);
#2752 = PRODUCT_DEFINITION_FORMATION('','',#2753);
#2753 = PRODUCT('Stamp 03 — 武灵丛台','Stamp 03 — 武灵丛台',
  '',(#2754));
#2754 = PRODUCT_CONTEXT('',#2,'mechanical');
#2755 = PRODUCT_DEFINITION_CONTEXT('part definition',#2,'design');
#2756 = ADVANCED_BREP_SHAPE_REPRESENTATION('',(#11,#2757),#3092);
#2757 = MANIFOLD_SOLID_BREP('',#2758);
#2758 = CLOSED_SHELL('',(#2759,#2801,#2878,#2902,#2961,#2978,#2995,#3012
    ,#3029,#3046,#3058,#3083));
#2759 = ADVANCED_FACE('',(#2760),#2796,.T.);
#2760 = FACE_BOUND('',#2761,.T.);
#2761 = EDGE_LOOP('',(#2762,#2773,#2781,#2790));
#2762 = ORIENTED_EDGE('',*,*,#2763,.F.);
#2763 = EDGE_CURVE('',#2764,#2766,#2768,.T.);
#2764 = VERTEX_POINT('',#2765);
#2765 = CARTESIAN_POINT('',(123.6,9.,26.8));
#2766 = VERTEX_POINT('',#2767);
#2767 = CARTESIAN_POINT('',(127.6,5.,26.8));
#2768 = CIRCLE('',#2769,4.);
#2769 = AXIS2_PLACEMENT_3D('',#2770,#2771,#2772);
#2770 = CARTESIAN_POINT('',(127.6,9.,26.8));
#2771 = DIRECTION('',(0.,0.,1.));
#2772 = DIRECTION('',(1.,0.,-0.));
#2773 = ORIENTED_EDGE('',*,*,#2774,.F.);
#2774 = EDGE_CURVE('',#2775,#2764,#2777,.T.);
#2775 = VERTEX_POINT('',#2776);
#2776 = CARTESIAN_POINT('',(123.6,9.,3.8));
#2777 = LINE('',#2778,#2779);
#2778 = CARTESIAN_POINT('',(123.6,9.,3.8));
#2779 = VECTOR('',#2780,1.);
#2780 = DIRECTION('',(0.,0.,1.));
#2781 = ORIENTED_EDGE('',*,*,#2782,.T.);
#2782 = EDGE_CURVE('',#2775,#2783,#2785,.T.);
#2783 = VERTEX_POINT('',#2784);
#2784 = CARTESIAN_POINT('',(127.6,5.,3.8));
#2785 = CIRCLE('',#2786,4.);
#2786 = AXIS2_PLACEMENT_3D('',#2787,#2788,#2789);
#2787 = CARTESIAN_POINT('',(127.6,9.,3.8));
#2788 = DIRECTION('',(0.,0.,1.));
#2789 = DIRECTION('',(1.,0.,-0.));
#2790 = ORIENTED_EDGE('',*,*,#2791,.T.);
#2791 = EDGE_CURVE('',#2783,#2766,#2792,.T.);
#2792 = LINE('',#2793,#2794);
#2793 = CARTESIAN_POINT('',(127.6,5.,3.8));
#2794 = VECTOR('',#2795,1.);
#2795 = DIRECTION('',(0.,0.,1.));
#2796 = CYLINDRICAL_SURFACE('',#2797,4.);
#2797 = AXIS2_PLACEMENT_3D('',#2798,#2799,#2800);
#2798 = CARTESIAN_POINT('',(127.6,9.,3.8));
#2799 = DIRECTION('',(0.,0.,1.));
#2800 = DIRECTION('',(1.,0.,-0.));
#2801 = ADVANCED_FACE('',(#2802,#2862),#2873,.T.);
#2802 = FACE_BOUND('',#2803,.T.);
#2803 = EDGE_LOOP('',(#2804,#2805,#2813,#2822,#2830,#2839,#2847,#2856));
#2804 = ORIENTED_EDGE('',*,*,#2763,.T.);
#2805 = ORIENTED_EDGE('',*,*,#2806,.T.);
#2806 = EDGE_CURVE('',#2766,#2807,#2809,.T.);
#2807 = VERTEX_POINT('',#2808);
#2808 = CARTESIAN_POINT('',(151.6,5.,26.8));
#2809 = LINE('',#2810,#2811);
#2810 = CARTESIAN_POINT('',(127.6,5.,26.8));
#2811 = VECTOR('',#2812,1.);
#2812 = DIRECTION('',(1.,0.,-0.));
#2813 = ORIENTED_EDGE('',*,*,#2814,.T.);
#2814 = EDGE_CURVE('',#2807,#2815,#2817,.T.);
#2815 = VERTEX_POINT('',#2816);
#2816 = CARTESIAN_POINT('',(155.6,9.,26.8));
#2817 = CIRCLE('',#2818,4.);
#2818 = AXIS2_PLACEMENT_3D('',#2819,#2820,#2821);
#2819 = CARTESIAN_POINT('',(151.6,9.,26.8));
#2820 = DIRECTION('',(0.,0.,1.));
#2821 = DIRECTION('',(1.,0.,-0.));
#2822 = ORIENTED_EDGE('',*,*,#2823,.T.);
#2823 = EDGE_CURVE('',#2815,#2824,#2826,.T.);
#2824 = VERTEX_POINT('',#2825);
#2825 = CARTESIAN_POINT('',(155.6,33.,26.8));
#2826 = LINE('',#2827,#2828);
#2827 = CARTESIAN_POINT('',(155.6,9.,26.8));
#2828 = VECTOR('',#2829,1.);
#2829 = DIRECTION('',(-0.,1.,0.));
#2830 = ORIENTED_EDGE('',*,*,#2831,.T.);
#2831 = EDGE_CURVE('',#2824,#2832,#2834,.T.);
#2832 = VERTEX_POINT('',#2833);
#2833 = CARTESIAN_POINT('',(151.6,37.,26.8));
#2834 = CIRCLE('',#2835,4.);
#2835 = AXIS2_PLACEMENT_3D('',#2836,#2837,#2838);
#2836 = CARTESIAN_POINT('',(151.6,33.,26.8));
#2837 = DIRECTION('',(0.,0.,1.));
#2838 = DIRECTION('',(1.,0.,-0.));
#2839 = ORIENTED_EDGE('',*,*,#2840,.F.);
#2840 = EDGE_CURVE('',#2841,#2832,#2843,.T.);
#2841 = VERTEX_POINT('',#2842);
#2842 = CARTESIAN_POINT('',(127.6,37.,26.8));
#2843 = LINE('',#2844,#2845);
#2844 = CARTESIAN_POINT('',(127.6,37.,26.8));
#2845 = VECTOR('',#2846,1.);
#2846 = DIRECTION('',(1.,0.,-0.));
#2847 = ORIENTED_EDGE('',*,*,#2848,.T.);
#2848 = EDGE_CURVE('',#2841,#2849,#2851,.T.);
#2849 = VERTEX_POINT('',#2850);
#2850 = CARTESIAN_POINT('',(123.6,33.,26.8));
#2851 = CIRCLE('',#2852,4.);
#2852 = AXIS2_PLACEMENT_3D('',#2853,#2854,#2855);
#2853 = CARTESIAN_POINT('',(127.6,33.,26.8));
#2854 = DIRECTION('',(0.,0.,1.));
#2855 = DIRECTION('',(1.,0.,-0.));
#2856 = ORIENTED_EDGE('',*,*,#2857,.F.);
#2857 = EDGE_CURVE('',#2764,#2849,#2858,.T.);
#2858 = LINE('',#2859,#2860);
#2859 = CARTESIAN_POINT('',(123.6,9.,26.8));
#2860 = VECTOR('',#2861,1.);
#2861 = DIRECTION('',(-0.,1.,0.));
#2862 = FACE_BOUND('',#2863,.T.);
#2863 = EDGE_LOOP('',(#2864));
#2864 = ORIENTED_EDGE('',*,*,#2865,.F.);
#2865 = EDGE_CURVE('',#2866,#2866,#2868,.T.);
#2866 = VERTEX_POINT('',#2867);
#2867 = CARTESIAN_POINT('',(143.2,13.,26.8));
#2868 = CIRCLE('',#2869,2.6);
#2869 = AXIS2_PLACEMENT_3D('',#2870,#2871,#2872);
#2870 = CARTESIAN_POINT('',(140.6,13.,26.8));
#2871 = DIRECTION('',(0.,0.,1.));
#2872 = DIRECTION('',(1.,0.,-0.));
#2873 = PLANE('',#2874);
#2874 = AXIS2_PLACEMENT_3D('',#2875,#2876,#2877);
#2875 = CARTESIAN_POINT('',(139.6,21.,26.8));
#2876 = DIRECTION('',(0.,0.,1.));
#2877 = DIRECTION('',(1.,0.,-0.));
#2878 = ADVANCED_FACE('',(#2879),#2897,.F.);
#2879 = FACE_BOUND('',#2880,.F.);
#2880 = EDGE_LOOP('',(#2881,#2889,#2890,#2891));
#2881 = ORIENTED_EDGE('',*,*,#2882,.F.);
#2882 = EDGE_CURVE('',#2783,#2883,#2885,.T.);
#2883 = VERTEX_POINT('',#2884);
#2884 = CARTESIAN_POINT('',(151.6,5.,3.8));
#2885 = LINE('',#2886,#2887);
#2886 = CARTESIAN_POINT('',(127.6,5.,3.8));
#2887 = VECTOR('',#2888,1.);
#2888 = DIRECTION('',(1.,0.,-0.));
#2889 = ORIENTED_EDGE('',*,*,#2791,.T.);
#2890 = ORIENTED_EDGE('',*,*,#2806,.T.);
#2891 = ORIENTED_EDGE('',*,*,#2892,.F.);
#2892 = EDGE_CURVE('',#2883,#2807,#2893,.T.);
#2893 = LINE('',#2894,#2895);
#2894 = CARTESIAN_POINT('',(151.6,5.,3.8));
#2895 = VECTOR('',#2896,1.);
#2896 = DIRECTION('',(0.,0.,1.));
#2897 = PLANE('',#2898);
#2898 = AXIS2_PLACEMENT_3D('',#2899,#2900,#2901);
#2899 = CARTESIAN_POINT('',(127.6,5.,3.8));
#2900 = DIRECTION('',(-0.,1.,0.));
#2901 = DIRECTION('',(0.,0.,1.));
#2902 = ADVANCED_FACE('',(#2903),#2956,.T.);
#2903 = FACE_BOUND('',#2904,.T.);
#2904 = EDGE_LOOP('',(#2905,#2906,#2914,#2923,#2931,#2940,#2948,#2955));
#2905 = ORIENTED_EDGE('',*,*,#2782,.F.);
#2906 = ORIENTED_EDGE('',*,*,#2907,.T.);
#2907 = EDGE_CURVE('',#2775,#2908,#2910,.T.);
#2908 = VERTEX_POINT('',#2909);
#2909 = CARTESIAN_POINT('',(123.6,33.,3.8));
#2910 = LINE('',#2911,#2912);
#2911 = CARTESIAN_POINT('',(123.6,9.,3.8));
#2912 = VECTOR('',#2913,1.);
#2913 = DIRECTION('',(-0.,1.,0.));
#2914 = ORIENTED_EDGE('',*,*,#2915,.F.);
#2915 = EDGE_CURVE('',#2916,#2908,#2918,.T.);
#2916 = VERTEX_POINT('',#2917);
#2917 = CARTESIAN_POINT('',(127.6,37.,3.8));
#2918 = CIRCLE('',#2919,4.);
#2919 = AXIS2_PLACEMENT_3D('',#2920,#2921,#2922);
#2920 = CARTESIAN_POINT('',(127.6,33.,3.8));
#2921 = DIRECTION('',(0.,0.,1.));
#2922 = DIRECTION('',(1.,0.,-0.));
#2923 = ORIENTED_EDGE('',*,*,#2924,.T.);
#2924 = EDGE_CURVE('',#2916,#2925,#2927,.T.);
#2925 = VERTEX_POINT('',#2926);
#2926 = CARTESIAN_POINT('',(151.6,37.,3.8));
#2927 = LINE('',#2928,#2929);
#2928 = CARTESIAN_POINT('',(127.6,37.,3.8));
#2929 = VECTOR('',#2930,1.);
#2930 = DIRECTION('',(1.,0.,-0.));
#2931 = ORIENTED_EDGE('',*,*,#2932,.F.);
#2932 = EDGE_CURVE('',#2933,#2925,#2935,.T.);
#2933 = VERTEX_POINT('',#2934);
#2934 = CARTESIAN_POINT('',(155.6,33.,3.8));
#2935 = CIRCLE('',#2936,4.);
#2936 = AXIS2_PLACEMENT_3D('',#2937,#2938,#2939);
#2937 = CARTESIAN_POINT('',(151.6,33.,3.8));
#2938 = DIRECTION('',(0.,0.,1.));
#2939 = DIRECTION('',(1.,0.,-0.));
#2940 = ORIENTED_EDGE('',*,*,#2941,.F.);
#2941 = EDGE_CURVE('',#2942,#2933,#2944,.T.);
#2942 = VERTEX_POINT('',#2943);
#2943 = CARTESIAN_POINT('',(155.6,9.,3.8));
#2944 = LINE('',#2945,#2946);
#2945 = CARTESIAN_POINT('',(155.6,9.,3.8));
#2946 = VECTOR('',#2947,1.);
#2947 = DIRECTION('',(-0.,1.,0.));
#2948 = ORIENTED_EDGE('',*,*,#2949,.F.);
#2949 = EDGE_CURVE('',#2883,#2942,#2950,.T.);
#2950 = CIRCLE('',#2951,4.);
#2951 = AXIS2_PLACEMENT_3D('',#2952,#2953,#2954);
#2952 = CARTESIAN_POINT('',(151.6,9.,3.8));
#2953 = DIRECTION('',(0.,0.,1.));
#2954 = DIRECTION('',(1.,0.,-0.));
#2955 = ORIENTED_EDGE('',*,*,#2882,.F.);
#2956 = PLANE('',#2957);
#2957 = AXIS2_PLACEMENT_3D('',#2958,#2959,#2960);
#2958 = CARTESIAN_POINT('',(139.6,21.,3.8));
#2959 = DIRECTION('',(-0.,-0.,-1.));
#2960 = DIRECTION('',(-1.,0.,0.));
#2961 = ADVANCED_FACE('',(#2962),#2973,.F.);
#2962 = FACE_BOUND('',#2963,.F.);
#2963 = EDGE_LOOP('',(#2964,#2965,#2966,#2972));
#2964 = ORIENTED_EDGE('',*,*,#2774,.F.);
#2965 = ORIENTED_EDGE('',*,*,#2907,.T.);
#2966 = ORIENTED_EDGE('',*,*,#2967,.T.);
#2967 = EDGE_CURVE('',#2908,#2849,#2968,.T.);
#2968 = LINE('',#2969,#2970);
#2969 = CARTESIAN_POINT('',(123.6,33.,3.8));
#2970 = VECTOR('',#2971,1.);
#2971 = DIRECTION('',(0.,0.,1.));
#2972 = ORIENTED_EDGE('',*,*,#2857,.F.);
#2973 = PLANE('',#2974);
#2974 = AXIS2_PLACEMENT_3D('',#2975,#2976,#2977);
#2975 = CARTESIAN_POINT('',(123.6,9.,3.8));
#2976 = DIRECTION('',(1.,0.,-0.));
#2977 = DIRECTION('',(0.,0.,1.));
#2978 = ADVANCED_FACE('',(#2979),#2990,.T.);
#2979 = FACE_BOUND('',#2980,.T.);
#2980 = EDGE_LOOP('',(#2981,#2982,#2988,#2989));
#2981 = ORIENTED_EDGE('',*,*,#2848,.F.);
#2982 = ORIENTED_EDGE('',*,*,#2983,.F.);
#2983 = EDGE_CURVE('',#2916,#2841,#2984,.T.);
#2984 = LINE('',#2985,#2986);
#2985 = CARTESIAN_POINT('',(127.6,37.,3.8));
#2986 = VECTOR('',#2987,1.);
#2987 = DIRECTION('',(0.,0.,1.));
#2988 = ORIENTED_EDGE('',*,*,#2915,.T.);
#2989 = ORIENTED_EDGE('',*,*,#2967,.T.);
#2990 = CYLINDRICAL_SURFACE('',#2991,4.);
#2991 = AXIS2_PLACEMENT_3D('',#2992,#2993,#2994);
#2992 = CARTESIAN_POINT('',(127.6,33.,3.8));
#2993 = DIRECTION('',(0.,0.,1.));
#2994 = DIRECTION('',(1.,0.,-0.));
#2995 = ADVANCED_FACE('',(#2996),#3007,.T.);
#2996 = FACE_BOUND('',#2997,.T.);
#2997 = EDGE_LOOP('',(#2998,#2999,#3000,#3001));
#2998 = ORIENTED_EDGE('',*,*,#2814,.F.);
#2999 = ORIENTED_EDGE('',*,*,#2892,.F.);
#3000 = ORIENTED_EDGE('',*,*,#2949,.T.);
#3001 = ORIENTED_EDGE('',*,*,#3002,.T.);
#3002 = EDGE_CURVE('',#2942,#2815,#3003,.T.);
#3003 = LINE('',#3004,#3005);
#3004 = CARTESIAN_POINT('',(155.6,9.,3.8));
#3005 = VECTOR('',#3006,1.);
#3006 = DIRECTION('',(0.,0.,1.));
#3007 = CYLINDRICAL_SURFACE('',#3008,4.);
#3008 = AXIS2_PLACEMENT_3D('',#3009,#3010,#3011);
#3009 = CARTESIAN_POINT('',(151.6,9.,3.8));
#3010 = DIRECTION('',(0.,0.,1.));
#3011 = DIRECTION('',(1.,0.,-0.));
#3012 = ADVANCED_FACE('',(#3013),#3024,.T.);
#3013 = FACE_BOUND('',#3014,.T.);
#3014 = EDGE_LOOP('',(#3015,#3016,#3017,#3018));
#3015 = ORIENTED_EDGE('',*,*,#2924,.F.);
#3016 = ORIENTED_EDGE('',*,*,#2983,.T.);
#3017 = ORIENTED_EDGE('',*,*,#2840,.T.);
#3018 = ORIENTED_EDGE('',*,*,#3019,.F.);
#3019 = EDGE_CURVE('',#2925,#2832,#3020,.T.);
#3020 = LINE('',#3021,#3022);
#3021 = CARTESIAN_POINT('',(151.6,37.,3.8));
#3022 = VECTOR('',#3023,1.);
#3023 = DIRECTION('',(0.,0.,1.));
#3024 = PLANE('',#3025);
#3025 = AXIS2_PLACEMENT_3D('',#3026,#3027,#3028);
#3026 = CARTESIAN_POINT('',(127.6,37.,3.8));
#3027 = DIRECTION('',(-0.,1.,0.));
#3028 = DIRECTION('',(0.,0.,1.));
#3029 = ADVANCED_FACE('',(#3030),#3041,.T.);
#3030 = FACE_BOUND('',#3031,.T.);
#3031 = EDGE_LOOP('',(#3032,#3033,#3034,#3040));
#3032 = ORIENTED_EDGE('',*,*,#3002,.F.);
#3033 = ORIENTED_EDGE('',*,*,#2941,.T.);
#3034 = ORIENTED_EDGE('',*,*,#3035,.T.);
#3035 = EDGE_CURVE('',#2933,#2824,#3036,.T.);
#3036 = LINE('',#3037,#3038);
#3037 = CARTESIAN_POINT('',(155.6,33.,3.8));
#3038 = VECTOR('',#3039,1.);
#3039 = DIRECTION('',(0.,0.,1.));
#3040 = ORIENTED_EDGE('',*,*,#2823,.F.);
#3041 = PLANE('',#3042);
#3042 = AXIS2_PLACEMENT_3D('',#3043,#3044,#3045);
#3043 = CARTESIAN_POINT('',(155.6,9.,3.8));
#3044 = DIRECTION('',(1.,0.,-0.));
#3045 = DIRECTION('',(0.,0.,1.));
#3046 = ADVANCED_FACE('',(#3047),#3053,.T.);
#3047 = FACE_BOUND('',#3048,.T.);
#3048 = EDGE_LOOP('',(#3049,#3050,#3051,#3052));
#3049 = ORIENTED_EDGE('',*,*,#2831,.F.);
#3050 = ORIENTED_EDGE('',*,*,#3035,.F.);
#3051 = ORIENTED_EDGE('',*,*,#2932,.T.);
#3052 = ORIENTED_EDGE('',*,*,#3019,.T.);
#3053 = CYLINDRICAL_SURFACE('',#3054,4.);
#3054 = AXIS2_PLACEMENT_3D('',#3055,#3056,#3057);
#3055 = CARTESIAN_POINT('',(151.6,33.,3.8));
#3056 = DIRECTION('',(0.,0.,1.));
#3057 = DIRECTION('',(1.,0.,-0.));
#3058 = ADVANCED_FACE('',(#3059),#3078,.T.);
#3059 = FACE_BOUND('',#3060,.T.);
#3060 = EDGE_LOOP('',(#3061,#3070,#3076,#3077));
#3061 = ORIENTED_EDGE('',*,*,#3062,.F.);
#3062 = EDGE_CURVE('',#3063,#3063,#3065,.T.);
#3063 = VERTEX_POINT('',#3064);
#3064 = CARTESIAN_POINT('',(143.2,13.,27.4));
#3065 = CIRCLE('',#3066,2.6);
#3066 = AXIS2_PLACEMENT_3D('',#3067,#3068,#3069);
#3067 = CARTESIAN_POINT('',(140.6,13.,27.4));
#3068 = DIRECTION('',(0.,0.,1.));
#3069 = DIRECTION('',(1.,0.,-0.));
#3070 = ORIENTED_EDGE('',*,*,#3071,.F.);
#3071 = EDGE_CURVE('',#2866,#3063,#3072,.T.);
#3072 = LINE('',#3073,#3074);
#3073 = CARTESIAN_POINT('',(143.2,13.,26.8));
#3074 = VECTOR('',#3075,1.);
#3075 = DIRECTION('',(0.,0.,1.));
#3076 = ORIENTED_EDGE('',*,*,#2865,.T.);
#3077 = ORIENTED_EDGE('',*,*,#3071,.T.);
#3078 = CYLINDRICAL_SURFACE('',#3079,2.6);
#3079 = AXIS2_PLACEMENT_3D('',#3080,#3081,#3082);
#3080 = CARTESIAN_POINT('',(140.6,13.,26.8));
#3081 = DIRECTION('',(0.,0.,1.));
#3082 = DIRECTION('',(1.,0.,-0.));
#3083 = ADVANCED_FACE('',(#3084),#3087,.T.);
#3084 = FACE_BOUND('',#3085,.T.);
#3085 = EDGE_LOOP('',(#3086));
#3086 = ORIENTED_EDGE('',*,*,#3062,.T.);
#3087 = PLANE('',#3088);
#3088 = AXIS2_PLACEMENT_3D('',#3089,#3090,#3091);
#3089 = CARTESIAN_POINT('',(140.6,13.,27.4));
#3090 = DIRECTION('',(0.,0.,1.));
#3091 = DIRECTION('',(1.,0.,-0.));
#3092 = ( GEOMETRIC_REPRESENTATION_CONTEXT(3) 
GLOBAL_UNCERTAINTY_ASSIGNED_CONTEXT((#3096)) 
GLOBAL_UNIT_ASSIGNED_CONTEXT((#3093,#3094,#3095)) REPRESENTATION_CONTEXT
('Context #1','3D Context with UNIT and UNCERTAINTY') );
#3093 = ( LENGTH_UNIT() NAMED_UNIT(*) SI_UNIT(.MILLI.,.METRE.) );
#3094 = ( NAMED_UNIT(*) PLANE_ANGLE_UNIT() SI_UNIT($,.RADIAN.) );
#3095 = ( NAMED_UNIT(*) SI_UNIT($,.STERADIAN.) SOLID_ANGLE_UNIT() );
#3096 = UNCERTAINTY_MEASURE_WITH_UNIT(LENGTH_MEASURE(1.E-07),#3093,
  'distance_accuracy_value','confusion accuracy');
#3097 = CONTEXT_DEPENDENT_SHAPE_REPRESENTATION(#3098,#3100);
#3098 = ( REPRESENTATION_RELATIONSHIP('','',#2756,#10) 
REPRESENTATION_RELATIONSHIP_WITH_TRANSFORMATION(#3099) 
SHAPE_REPRESENTATION_RELATIONSHIP() );
#3099 = ITEM_DEFINED_TRANSFORMATION('','',#11,#31);
#3100 = PRODUCT_DEFINITION_SHAPE('Placement','Placement of an item',
  #3101);
#3101 = NEXT_ASSEMBLY_USAGE_OCCURRENCE('5','Stamp 03 — 武灵丛台',
  '',#5,#2751,$);
#3102 = PRODUCT_RELATED_PRODUCT_CATEGORY('part',$,(#2753));
#3103 = SHAPE_DEFINITION_REPRESENTATION(#3104,#3110);
#3104 = PRODUCT_DEFINITION_SHAPE('','',#3105);
#3105 = PRODUCT_DEFINITION('design','',#3106,#3109);
#3106 = PRODUCT_DEFINITION_FORMATION('','',#3107);
#3107 = PRODUCT('Stamp 04 — 邯郸市博物馆',
  'Stamp 04 — 邯郸市博物馆','',(#3108));
#3108 = PRODUCT_CONTEXT('',#2,'mechanical');
#3109 = PRODUCT_DEFINITION_CONTEXT('part definition',#2,'design');
#3110 = ADVANCED_BREP_SHAPE_REPRESENTATION('',(#11,#3111),#3446);
#3111 = MANIFOLD_SOLID_BREP('',#3112);
#3112 = CLOSED_SHELL('',(#3113,#3155,#3232,#3256,#3315,#3332,#3349,#3366
    ,#3383,#3400,#3412,#3437));
#3113 = ADVANCED_FACE('',(#3114),#3150,.T.);
#3114 = FACE_BOUND('',#3115,.T.);
#3115 = EDGE_LOOP('',(#3116,#3127,#3135,#3144));
#3116 = ORIENTED_EDGE('',*,*,#3117,.F.);
#3117 = EDGE_CURVE('',#3118,#3120,#3122,.T.);
#3118 = VERTEX_POINT('',#3119);
#3119 = CARTESIAN_POINT('',(57.,43.,26.8));
#3120 = VERTEX_POINT('',#3121);
#3121 = CARTESIAN_POINT('',(61.,39.,26.8));
#3122 = CIRCLE('',#3123,4.);
#3123 = AXIS2_PLACEMENT_3D('',#3124,#3125,#3126);
#3124 = CARTESIAN_POINT('',(61.,43.,26.8));
#3125 = DIRECTION('',(0.,0.,1.));
#3126 = DIRECTION('',(1.,0.,-0.));
#3127 = ORIENTED_EDGE('',*,*,#3128,.F.);
#3128 = EDGE_CURVE('',#3129,#3118,#3131,.T.);
#3129 = VERTEX_POINT('',#3130);
#3130 = CARTESIAN_POINT('',(57.,43.,3.8));
#3131 = LINE('',#3132,#3133);
#3132 = CARTESIAN_POINT('',(57.,43.,3.8));
#3133 = VECTOR('',#3134,1.);
#3134 = DIRECTION('',(0.,0.,1.));
#3135 = ORIENTED_EDGE('',*,*,#3136,.T.);
#3136 = EDGE_CURVE('',#3129,#3137,#3139,.T.);
#3137 = VERTEX_POINT('',#3138);
#3138 = CARTESIAN_POINT('',(61.,39.,3.8));
#3139 = CIRCLE('',#3140,4.);
#3140 = AXIS2_PLACEMENT_3D('',#3141,#3142,#3143);
#3141 = CARTESIAN_POINT('',(61.,43.,3.8));
#3142 = DIRECTION('',(0.,0.,1.));
#3143 = DIRECTION('',(1.,0.,-0.));
#3144 = ORIENTED_EDGE('',*,*,#3145,.T.);
#3145 = EDGE_CURVE('',#3137,#3120,#3146,.T.);
#3146 = LINE('',#3147,#3148);
#3147 = CARTESIAN_POINT('',(61.,39.,3.8));
#3148 = VECTOR('',#3149,1.);
#3149 = DIRECTION('',(0.,0.,1.));
#3150 = CYLINDRICAL_SURFACE('',#3151,4.);
#3151 = AXIS2_PLACEMENT_3D('',#3152,#3153,#3154);
#3152 = CARTESIAN_POINT('',(61.,43.,3.8));
#3153 = DIRECTION('',(0.,0.,1.));
#3154 = DIRECTION('',(1.,0.,-0.));
#3155 = ADVANCED_FACE('',(#3156,#3216),#3227,.T.);
#3156 = FACE_BOUND('',#3157,.T.);
#3157 = EDGE_LOOP('',(#3158,#3159,#3167,#3176,#3184,#3193,#3201,#3210));
#3158 = ORIENTED_EDGE('',*,*,#3117,.T.);
#3159 = ORIENTED_EDGE('',*,*,#3160,.T.);
#3160 = EDGE_CURVE('',#3120,#3161,#3163,.T.);
#3161 = VERTEX_POINT('',#3162);
#3162 = CARTESIAN_POINT('',(85.,39.,26.8));
#3163 = LINE('',#3164,#3165);
#3164 = CARTESIAN_POINT('',(61.,39.,26.8));
#3165 = VECTOR('',#3166,1.);
#3166 = DIRECTION('',(1.,0.,-0.));
#3167 = ORIENTED_EDGE('',*,*,#3168,.T.);
#3168 = EDGE_CURVE('',#3161,#3169,#3171,.T.);
#3169 = VERTEX_POINT('',#3170);
#3170 = CARTESIAN_POINT('',(89.,43.,26.8));
#3171 = CIRCLE('',#3172,4.);
#3172 = AXIS2_PLACEMENT_3D('',#3173,#3174,#3175);
#3173 = CARTESIAN_POINT('',(85.,43.,26.8));
#3174 = DIRECTION('',(0.,0.,1.));
#3175 = DIRECTION('',(1.,0.,-0.));
#3176 = ORIENTED_EDGE('',*,*,#3177,.T.);
#3177 = EDGE_CURVE('',#3169,#3178,#3180,.T.);
#3178 = VERTEX_POINT('',#3179);
#3179 = CARTESIAN_POINT('',(89.,67.,26.8));
#3180 = LINE('',#3181,#3182);
#3181 = CARTESIAN_POINT('',(89.,43.,26.8));
#3182 = VECTOR('',#3183,1.);
#3183 = DIRECTION('',(-0.,1.,0.));
#3184 = ORIENTED_EDGE('',*,*,#3185,.T.);
#3185 = EDGE_CURVE('',#3178,#3186,#3188,.T.);
#3186 = VERTEX_POINT('',#3187);
#3187 = CARTESIAN_POINT('',(85.,71.,26.8));
#3188 = CIRCLE('',#3189,4.);
#3189 = AXIS2_PLACEMENT_3D('',#3190,#3191,#3192);
#3190 = CARTESIAN_POINT('',(85.,67.,26.8));
#3191 = DIRECTION('',(0.,0.,1.));
#3192 = DIRECTION('',(1.,0.,-0.));
#3193 = ORIENTED_EDGE('',*,*,#3194,.F.);
#3194 = EDGE_CURVE('',#3195,#3186,#3197,.T.);
#3195 = VERTEX_POINT('',#3196);
#3196 = CARTESIAN_POINT('',(61.,71.,26.8));
#3197 = LINE('',#3198,#3199);
#3198 = CARTESIAN_POINT('',(61.,71.,26.8));
#3199 = VECTOR('',#3200,1.);
#3200 = DIRECTION('',(1.,0.,-0.));
#3201 = ORIENTED_EDGE('',*,*,#3202,.T.);
#3202 = EDGE_CURVE('',#3195,#3203,#3205,.T.);
#3203 = VERTEX_POINT('',#3204);
#3204 = CARTESIAN_POINT('',(57.,67.,26.8));
#3205 = CIRCLE('',#3206,4.);
#3206 = AXIS2_PLACEMENT_3D('',#3207,#3208,#3209);
#3207 = CARTESIAN_POINT('',(61.,67.,26.8));
#3208 = DIRECTION('',(0.,0.,1.));
#3209 = DIRECTION('',(1.,0.,-0.));
#3210 = ORIENTED_EDGE('',*,*,#3211,.F.);
#3211 = EDGE_CURVE('',#3118,#3203,#3212,.T.);
#3212 = LINE('',#3213,#3214);
#3213 = CARTESIAN_POINT('',(57.,43.,26.8));
#3214 = VECTOR('',#3215,1.);
#3215 = DIRECTION('',(-0.,1.,0.));
#3216 = FACE_BOUND('',#3217,.T.);
#3217 = EDGE_LOOP('',(#3218));
#3218 = ORIENTED_EDGE('',*,*,#3219,.F.);
#3219 = EDGE_CURVE('',#3220,#3220,#3222,.T.);
#3220 = VERTEX_POINT('',#3221);
#3221 = CARTESIAN_POINT('',(67.6,55.,26.8));
#3222 = CIRCLE('',#3223,2.6);
#3223 = AXIS2_PLACEMENT_3D('',#3224,#3225,#3226);
#3224 = CARTESIAN_POINT('',(65.,55.,26.8));
#3225 = DIRECTION('',(0.,0.,1.));
#3226 = DIRECTION('',(1.,0.,-0.));
#3227 = PLANE('',#3228);
#3228 = AXIS2_PLACEMENT_3D('',#3229,#3230,#3231);
#3229 = CARTESIAN_POINT('',(73.,55.,26.8));
#3230 = DIRECTION('',(0.,0.,1.));
#3231 = DIRECTION('',(1.,0.,-0.));
#3232 = ADVANCED_FACE('',(#3233),#3251,.F.);
#3233 = FACE_BOUND('',#3234,.F.);
#3234 = EDGE_LOOP('',(#3235,#3243,#3244,#3245));
#3235 = ORIENTED_EDGE('',*,*,#3236,.F.);
#3236 = EDGE_CURVE('',#3137,#3237,#3239,.T.);
#3237 = VERTEX_POINT('',#3238);
#3238 = CARTESIAN_POINT('',(85.,39.,3.8));
#3239 = LINE('',#3240,#3241);
#3240 = CARTESIAN_POINT('',(61.,39.,3.8));
#3241 = VECTOR('',#3242,1.);
#3242 = DIRECTION('',(1.,0.,-0.));
#3243 = ORIENTED_EDGE('',*,*,#3145,.T.);
#3244 = ORIENTED_EDGE('',*,*,#3160,.T.);
#3245 = ORIENTED_EDGE('',*,*,#3246,.F.);
#3246 = EDGE_CURVE('',#3237,#3161,#3247,.T.);
#3247 = LINE('',#3248,#3249);
#3248 = CARTESIAN_POINT('',(85.,39.,3.8));
#3249 = VECTOR('',#3250,1.);
#3250 = DIRECTION('',(0.,0.,1.));
#3251 = PLANE('',#3252);
#3252 = AXIS2_PLACEMENT_3D('',#3253,#3254,#3255);
#3253 = CARTESIAN_POINT('',(61.,39.,3.8));
#3254 = DIRECTION('',(-0.,1.,0.));
#3255 = DIRECTION('',(0.,0.,1.));
#3256 = ADVANCED_FACE('',(#3257),#3310,.T.);
#3257 = FACE_BOUND('',#3258,.T.);
#3258 = EDGE_LOOP('',(#3259,#3260,#3268,#3277,#3285,#3294,#3302,#3309));
#3259 = ORIENTED_EDGE('',*,*,#3136,.F.);
#3260 = ORIENTED_EDGE('',*,*,#3261,.T.);
#3261 = EDGE_CURVE('',#3129,#3262,#3264,.T.);
#3262 = VERTEX_POINT('',#3263);
#3263 = CARTESIAN_POINT('',(57.,67.,3.8));
#3264 = LINE('',#3265,#3266);
#3265 = CARTESIAN_POINT('',(57.,43.,3.8));
#3266 = VECTOR('',#3267,1.);
#3267 = DIRECTION('',(-0.,1.,0.));
#3268 = ORIENTED_EDGE('',*,*,#3269,.F.);
#3269 = EDGE_CURVE('',#3270,#3262,#3272,.T.);
#3270 = VERTEX_POINT('',#3271);
#3271 = CARTESIAN_POINT('',(61.,71.,3.8));
#3272 = CIRCLE('',#3273,4.);
#3273 = AXIS2_PLACEMENT_3D('',#3274,#3275,#3276);
#3274 = CARTESIAN_POINT('',(61.,67.,3.8));
#3275 = DIRECTION('',(0.,0.,1.));
#3276 = DIRECTION('',(1.,0.,-0.));
#3277 = ORIENTED_EDGE('',*,*,#3278,.T.);
#3278 = EDGE_CURVE('',#3270,#3279,#3281,.T.);
#3279 = VERTEX_POINT('',#3280);
#3280 = CARTESIAN_POINT('',(85.,71.,3.8));
#3281 = LINE('',#3282,#3283);
#3282 = CARTESIAN_POINT('',(61.,71.,3.8));
#3283 = VECTOR('',#3284,1.);
#3284 = DIRECTION('',(1.,0.,-0.));
#3285 = ORIENTED_EDGE('',*,*,#3286,.F.);
#3286 = EDGE_CURVE('',#3287,#3279,#3289,.T.);
#3287 = VERTEX_POINT('',#3288);
#3288 = CARTESIAN_POINT('',(89.,67.,3.8));
#3289 = CIRCLE('',#3290,4.);
#3290 = AXIS2_PLACEMENT_3D('',#3291,#3292,#3293);
#3291 = CARTESIAN_POINT('',(85.,67.,3.8));
#3292 = DIRECTION('',(0.,0.,1.));
#3293 = DIRECTION('',(1.,0.,-0.));
#3294 = ORIENTED_EDGE('',*,*,#3295,.F.);
#3295 = EDGE_CURVE('',#3296,#3287,#3298,.T.);
#3296 = VERTEX_POINT('',#3297);
#3297 = CARTESIAN_POINT('',(89.,43.,3.8));
#3298 = LINE('',#3299,#3300);
#3299 = CARTESIAN_POINT('',(89.,43.,3.8));
#3300 = VECTOR('',#3301,1.);
#3301 = DIRECTION('',(-0.,1.,0.));
#3302 = ORIENTED_EDGE('',*,*,#3303,.F.);
#3303 = EDGE_CURVE('',#3237,#3296,#3304,.T.);
#3304 = CIRCLE('',#3305,4.);
#3305 = AXIS2_PLACEMENT_3D('',#3306,#3307,#3308);
#3306 = CARTESIAN_POINT('',(85.,43.,3.8));
#3307 = DIRECTION('',(0.,0.,1.));
#3308 = DIRECTION('',(1.,0.,-0.));
#3309 = ORIENTED_EDGE('',*,*,#3236,.F.);
#3310 = PLANE('',#3311);
#3311 = AXIS2_PLACEMENT_3D('',#3312,#3313,#3314);
#3312 = CARTESIAN_POINT('',(73.,55.,3.8));
#3313 = DIRECTION('',(-0.,-0.,-1.));
#3314 = DIRECTION('',(-1.,0.,0.));
#3315 = ADVANCED_FACE('',(#3316),#3327,.F.);
#3316 = FACE_BOUND('',#3317,.F.);
#3317 = EDGE_LOOP('',(#3318,#3319,#3320,#3326));
#3318 = ORIENTED_EDGE('',*,*,#3128,.F.);
#3319 = ORIENTED_EDGE('',*,*,#3261,.T.);
#3320 = ORIENTED_EDGE('',*,*,#3321,.T.);
#3321 = EDGE_CURVE('',#3262,#3203,#3322,.T.);
#3322 = LINE('',#3323,#3324);
#3323 = CARTESIAN_POINT('',(57.,67.,3.8));
#3324 = VECTOR('',#3325,1.);
#3325 = DIRECTION('',(0.,0.,1.));
#3326 = ORIENTED_EDGE('',*,*,#3211,.F.);
#3327 = PLANE('',#3328);
#3328 = AXIS2_PLACEMENT_3D('',#3329,#3330,#3331);
#3329 = CARTESIAN_POINT('',(57.,43.,3.8));
#3330 = DIRECTION('',(1.,0.,-0.));
#3331 = DIRECTION('',(0.,0.,1.));
#3332 = ADVANCED_FACE('',(#3333),#3344,.T.);
#3333 = FACE_BOUND('',#3334,.T.);
#3334 = EDGE_LOOP('',(#3335,#3336,#3342,#3343));
#3335 = ORIENTED_EDGE('',*,*,#3202,.F.);
#3336 = ORIENTED_EDGE('',*,*,#3337,.F.);
#3337 = EDGE_CURVE('',#3270,#3195,#3338,.T.);
#3338 = LINE('',#3339,#3340);
#3339 = CARTESIAN_POINT('',(61.,71.,3.8));
#3340 = VECTOR('',#3341,1.);
#3341 = DIRECTION('',(0.,0.,1.));
#3342 = ORIENTED_EDGE('',*,*,#3269,.T.);
#3343 = ORIENTED_EDGE('',*,*,#3321,.T.);
#3344 = CYLINDRICAL_SURFACE('',#3345,4.);
#3345 = AXIS2_PLACEMENT_3D('',#3346,#3347,#3348);
#3346 = CARTESIAN_POINT('',(61.,67.,3.8));
#3347 = DIRECTION('',(0.,0.,1.));
#3348 = DIRECTION('',(1.,0.,-0.));
#3349 = ADVANCED_FACE('',(#3350),#3361,.T.);
#3350 = FACE_BOUND('',#3351,.T.);
#3351 = EDGE_LOOP('',(#3352,#3353,#3354,#3355));
#3352 = ORIENTED_EDGE('',*,*,#3168,.F.);
#3353 = ORIENTED_EDGE('',*,*,#3246,.F.);
#3354 = ORIENTED_EDGE('',*,*,#3303,.T.);
#3355 = ORIENTED_EDGE('',*,*,#3356,.T.);
#3356 = EDGE_CURVE('',#3296,#3169,#3357,.T.);
#3357 = LINE('',#3358,#3359);
#3358 = CARTESIAN_POINT('',(89.,43.,3.8));
#3359 = VECTOR('',#3360,1.);
#3360 = DIRECTION('',(0.,0.,1.));
#3361 = CYLINDRICAL_SURFACE('',#3362,4.);
#3362 = AXIS2_PLACEMENT_3D('',#3363,#3364,#3365);
#3363 = CARTESIAN_POINT('',(85.,43.,3.8));
#3364 = DIRECTION('',(0.,0.,1.));
#3365 = DIRECTION('',(1.,0.,-0.));
#3366 = ADVANCED_FACE('',(#3367),#3378,.T.);
#3367 = FACE_BOUND('',#3368,.T.);
#3368 = EDGE_LOOP('',(#3369,#3370,#3371,#3372));
#3369 = ORIENTED_EDGE('',*,*,#3278,.F.);
#3370 = ORIENTED_EDGE('',*,*,#3337,.T.);
#3371 = ORIENTED_EDGE('',*,*,#3194,.T.);
#3372 = ORIENTED_EDGE('',*,*,#3373,.F.);
#3373 = EDGE_CURVE('',#3279,#3186,#3374,.T.);
#3374 = LINE('',#3375,#3376);
#3375 = CARTESIAN_POINT('',(85.,71.,3.8));
#3376 = VECTOR('',#3377,1.);
#3377 = DIRECTION('',(0.,0.,1.));
#3378 = PLANE('',#3379);
#3379 = AXIS2_PLACEMENT_3D('',#3380,#3381,#3382);
#3380 = CARTESIAN_POINT('',(61.,71.,3.8));
#3381 = DIRECTION('',(-0.,1.,0.));
#3382 = DIRECTION('',(0.,0.,1.));
#3383 = ADVANCED_FACE('',(#3384),#3395,.T.);
#3384 = FACE_BOUND('',#3385,.T.);
#3385 = EDGE_LOOP('',(#3386,#3387,#3388,#3394));
#3386 = ORIENTED_EDGE('',*,*,#3356,.F.);
#3387 = ORIENTED_EDGE('',*,*,#3295,.T.);
#3388 = ORIENTED_EDGE('',*,*,#3389,.T.);
#3389 = EDGE_CURVE('',#3287,#3178,#3390,.T.);
#3390 = LINE('',#3391,#3392);
#3391 = CARTESIAN_POINT('',(89.,67.,3.8));
#3392 = VECTOR('',#3393,1.);
#3393 = DIRECTION('',(0.,0.,1.));
#3394 = ORIENTED_EDGE('',*,*,#3177,.F.);
#3395 = PLANE('',#3396);
#3396 = AXIS2_PLACEMENT_3D('',#3397,#3398,#3399);
#3397 = CARTESIAN_POINT('',(89.,43.,3.8));
#3398 = DIRECTION('',(1.,0.,-0.));
#3399 = DIRECTION('',(0.,0.,1.));
#3400 = ADVANCED_FACE('',(#3401),#3407,.T.);
#3401 = FACE_BOUND('',#3402,.T.);
#3402 = EDGE_LOOP('',(#3403,#3404,#3405,#3406));
#3403 = ORIENTED_EDGE('',*,*,#3185,.F.);
#3404 = ORIENTED_EDGE('',*,*,#3389,.F.);
#3405 = ORIENTED_EDGE('',*,*,#3286,.T.);
#3406 = ORIENTED_EDGE('',*,*,#3373,.T.);
#3407 = CYLINDRICAL_SURFACE('',#3408,4.);
#3408 = AXIS2_PLACEMENT_3D('',#3409,#3410,#3411);
#3409 = CARTESIAN_POINT('',(85.,67.,3.8));
#3410 = DIRECTION('',(0.,0.,1.));
#3411 = DIRECTION('',(1.,0.,-0.));
#3412 = ADVANCED_FACE('',(#3413),#3432,.T.);
#3413 = FACE_BOUND('',#3414,.T.);
#3414 = EDGE_LOOP('',(#3415,#3424,#3430,#3431));
#3415 = ORIENTED_EDGE('',*,*,#3416,.F.);
#3416 = EDGE_CURVE('',#3417,#3417,#3419,.T.);
#3417 = VERTEX_POINT('',#3418);
#3418 = CARTESIAN_POINT('',(67.6,55.,27.4));
#3419 = CIRCLE('',#3420,2.6);
#3420 = AXIS2_PLACEMENT_3D('',#3421,#3422,#3423);
#3421 = CARTESIAN_POINT('',(65.,55.,27.4));
#3422 = DIRECTION('',(0.,0.,1.));
#3423 = DIRECTION('',(1.,0.,-0.));
#3424 = ORIENTED_EDGE('',*,*,#3425,.F.);
#3425 = EDGE_CURVE('',#3220,#3417,#3426,.T.);
#3426 = LINE('',#3427,#3428);
#3427 = CARTESIAN_POINT('',(67.6,55.,26.8));
#3428 = VECTOR('',#3429,1.);
#3429 = DIRECTION('',(0.,0.,1.));
#3430 = ORIENTED_EDGE('',*,*,#3219,.T.);
#3431 = ORIENTED_EDGE('',*,*,#3425,.T.);
#3432 = CYLINDRICAL_SURFACE('',#3433,2.6);
#3433 = AXIS2_PLACEMENT_3D('',#3434,#3435,#3436);
#3434 = CARTESIAN_POINT('',(65.,55.,26.8));
#3435 = DIRECTION('',(0.,0.,1.));
#3436 = DIRECTION('',(1.,0.,-0.));
#3437 = ADVANCED_FACE('',(#3438),#3441,.T.);
#3438 = FACE_BOUND('',#3439,.T.);
#3439 = EDGE_LOOP('',(#3440));
#3440 = ORIENTED_EDGE('',*,*,#3416,.T.);
#3441 = PLANE('',#3442);
#3442 = AXIS2_PLACEMENT_3D('',#3443,#3444,#3445);
#3443 = CARTESIAN_POINT('',(65.,55.,27.4));
#3444 = DIRECTION('',(0.,0.,1.));
#3445 = DIRECTION('',(1.,0.,-0.));
#3446 = ( GEOMETRIC_REPRESENTATION_CONTEXT(3) 
GLOBAL_UNCERTAINTY_ASSIGNED_CONTEXT((#3450)) 
GLOBAL_UNIT_ASSIGNED_CONTEXT((#3447,#3448,#3449)) REPRESENTATION_CONTEXT
('Context #1','3D Context with UNIT and UNCERTAINTY') );
#3447 = ( LENGTH_UNIT() NAMED_UNIT(*) SI_UNIT(.MILLI.,.METRE.) );
#3448 = ( NAMED_UNIT(*) PLANE_ANGLE_UNIT() SI_UNIT($,.RADIAN.) );
#3449 = ( NAMED_UNIT(*) SI_UNIT($,.STERADIAN.) SOLID_ANGLE_UNIT() );
#3450 = UNCERTAINTY_MEASURE_WITH_UNIT(LENGTH_MEASURE(1.E-07),#3447,
  'distance_accuracy_value','confusion accuracy');
#3451 = CONTEXT_DEPENDENT_SHAPE_REPRESENTATION(#3452,#3454);
#3452 = ( REPRESENTATION_RELATIONSHIP('','',#3110,#10) 
REPRESENTATION_RELATIONSHIP_WITH_TRANSFORMATION(#3453) 
SHAPE_REPRESENTATION_RELATIONSHIP() );
#3453 = ITEM_DEFINED_TRANSFORMATION('','',#11,#35);
#3454 = PRODUCT_DEFINITION_SHAPE('Placement','Placement of an item',
  #3455);
#3455 = NEXT_ASSEMBLY_USAGE_OCCURRENCE('6',
  'Stamp 04 — 邯郸市博物馆','',#5,#3105,$);
#3456 = PRODUCT_RELATED_PRODUCT_CATEGORY('part',$,(#3107));
#3457 = SHAPE_DEFINITION_REPRESENTATION(#3458,#3464);
#3458 = PRODUCT_DEFINITION_SHAPE('','',#3459);
#3459 = PRODUCT_DEFINITION('design','',#3460,#3463);
#3460 = PRODUCT_DEFINITION_FORMATION('','',#3461);
#3461 = PRODUCT('Stamp 05 — 月满邯郸','Stamp 05 — 月满邯郸',
  '',(#3462));
#3462 = PRODUCT_CONTEXT('',#2,'mechanical');
#3463 = PRODUCT_DEFINITION_CONTEXT('part definition',#2,'design');
#3464 = ADVANCED_BREP_SHAPE_REPRESENTATION('',(#11,#3465),#3800);
#3465 = MANIFOLD_SOLID_BREP('',#3466);
#3466 = CLOSED_SHELL('',(#3467,#3509,#3586,#3610,#3669,#3686,#3703,#3720
    ,#3737,#3754,#3766,#3791));
#3467 = ADVANCED_FACE('',(#3468),#3504,.T.);
#3468 = FACE_BOUND('',#3469,.T.);
#3469 = EDGE_LOOP('',(#3470,#3481,#3489,#3498));
#3470 = ORIENTED_EDGE('',*,*,#3471,.F.);
#3471 = EDGE_CURVE('',#3472,#3474,#3476,.T.);
#3472 = VERTEX_POINT('',#3473);
#3473 = CARTESIAN_POINT('',(90.3,43.,26.8));
#3474 = VERTEX_POINT('',#3475);
#3475 = CARTESIAN_POINT('',(94.3,39.,26.8));
#3476 = CIRCLE('',#3477,4.);
#3477 = AXIS2_PLACEMENT_3D('',#3478,#3479,#3480);
#3478 = CARTESIAN_POINT('',(94.3,43.,26.8));
#3479 = DIRECTION('',(0.,0.,1.));
#3480 = DIRECTION('',(1.,0.,-0.));
#3481 = ORIENTED_EDGE('',*,*,#3482,.F.);
#3482 = EDGE_CURVE('',#3483,#3472,#3485,.T.);
#3483 = VERTEX_POINT('',#3484);
#3484 = CARTESIAN_POINT('',(90.3,43.,3.8));
#3485 = LINE('',#3486,#3487);
#3486 = CARTESIAN_POINT('',(90.3,43.,3.8));
#3487 = VECTOR('',#3488,1.);
#3488 = DIRECTION('',(0.,0.,1.));
#3489 = ORIENTED_EDGE('',*,*,#3490,.T.);
#3490 = EDGE_CURVE('',#3483,#3491,#3493,.T.);
#3491 = VERTEX_POINT('',#3492);
#3492 = CARTESIAN_POINT('',(94.3,39.,3.8));
#3493 = CIRCLE('',#3494,4.);
#3494 = AXIS2_PLACEMENT_3D('',#3495,#3496,#3497);
#3495 = CARTESIAN_POINT('',(94.3,43.,3.8));
#3496 = DIRECTION('',(0.,0.,1.));
#3497 = DIRECTION('',(1.,0.,-0.));
#3498 = ORIENTED_EDGE('',*,*,#3499,.T.);
#3499 = EDGE_CURVE('',#3491,#3474,#3500,.T.);
#3500 = LINE('',#3501,#3502);
#3501 = CARTESIAN_POINT('',(94.3,39.,3.8));
#3502 = VECTOR('',#3503,1.);
#3503 = DIRECTION('',(0.,0.,1.));
#3504 = CYLINDRICAL_SURFACE('',#3505,4.);
#3505 = AXIS2_PLACEMENT_3D('',#3506,#3507,#3508);
#3506 = CARTESIAN_POINT('',(94.3,43.,3.8));
#3507 = DIRECTION('',(0.,0.,1.));
#3508 = DIRECTION('',(1.,0.,-0.));
#3509 = ADVANCED_FACE('',(#3510,#3570),#3581,.T.);
#3510 = FACE_BOUND('',#3511,.T.);
#3511 = EDGE_LOOP('',(#3512,#3513,#3521,#3530,#3538,#3547,#3555,#3564));
#3512 = ORIENTED_EDGE('',*,*,#3471,.T.);
#3513 = ORIENTED_EDGE('',*,*,#3514,.T.);
#3514 = EDGE_CURVE('',#3474,#3515,#3517,.T.);
#3515 = VERTEX_POINT('',#3516);
#3516 = CARTESIAN_POINT('',(118.3,39.,26.8));
#3517 = LINE('',#3518,#3519);
#3518 = CARTESIAN_POINT('',(94.3,39.,26.8));
#3519 = VECTOR('',#3520,1.);
#3520 = DIRECTION('',(1.,0.,-0.));
#3521 = ORIENTED_EDGE('',*,*,#3522,.T.);
#3522 = EDGE_CURVE('',#3515,#3523,#3525,.T.);
#3523 = VERTEX_POINT('',#3524);
#3524 = CARTESIAN_POINT('',(122.3,43.,26.8));
#3525 = CIRCLE('',#3526,4.);
#3526 = AXIS2_PLACEMENT_3D('',#3527,#3528,#3529);
#3527 = CARTESIAN_POINT('',(118.3,43.,26.8));
#3528 = DIRECTION('',(0.,0.,1.));
#3529 = DIRECTION('',(1.,0.,-0.));
#3530 = ORIENTED_EDGE('',*,*,#3531,.T.);
#3531 = EDGE_CURVE('',#3523,#3532,#3534,.T.);
#3532 = VERTEX_POINT('',#3533);
#3533 = CARTESIAN_POINT('',(122.3,67.,26.8));
#3534 = LINE('',#3535,#3536);
#3535 = CARTESIAN_POINT('',(122.3,43.,26.8));
#3536 = VECTOR('',#3537,1.);
#3537 = DIRECTION('',(-0.,1.,0.));
#3538 = ORIENTED_EDGE('',*,*,#3539,.T.);
#3539 = EDGE_CURVE('',#3532,#3540,#3542,.T.);
#3540 = VERTEX_POINT('',#3541);
#3541 = CARTESIAN_POINT('',(118.3,71.,26.8));
#3542 = CIRCLE('',#3543,4.);
#3543 = AXIS2_PLACEMENT_3D('',#3544,#3545,#3546);
#3544 = CARTESIAN_POINT('',(118.3,67.,26.8));
#3545 = DIRECTION('',(0.,0.,1.));
#3546 = DIRECTION('',(1.,0.,-0.));
#3547 = ORIENTED_EDGE('',*,*,#3548,.F.);
#3548 = EDGE_CURVE('',#3549,#3540,#3551,.T.);
#3549 = VERTEX_POINT('',#3550);
#3550 = CARTESIAN_POINT('',(94.3,71.,26.8));
#3551 = LINE('',#3552,#3553);
#3552 = CARTESIAN_POINT('',(94.3,71.,26.8));
#3553 = VECTOR('',#3554,1.);
#3554 = DIRECTION('',(1.,0.,-0.));
#3555 = ORIENTED_EDGE('',*,*,#3556,.T.);
#3556 = EDGE_CURVE('',#3549,#3557,#3559,.T.);
#3557 = VERTEX_POINT('',#3558);
#3558 = CARTESIAN_POINT('',(90.3,67.,26.8));
#3559 = CIRCLE('',#3560,4.);
#3560 = AXIS2_PLACEMENT_3D('',#3561,#3562,#3563);
#3561 = CARTESIAN_POINT('',(94.3,67.,26.8));
#3562 = DIRECTION('',(0.,0.,1.));
#3563 = DIRECTION('',(1.,0.,-0.));
#3564 = ORIENTED_EDGE('',*,*,#3565,.F.);
#3565 = EDGE_CURVE('',#3472,#3557,#3566,.T.);
#3566 = LINE('',#3567,#3568);
#3567 = CARTESIAN_POINT('',(90.3,43.,26.8));
#3568 = VECTOR('',#3569,1.);
#3569 = DIRECTION('',(-0.,1.,0.));
#3570 = FACE_BOUND('',#3571,.T.);
#3571 = EDGE_LOOP('',(#3572));
#3572 = ORIENTED_EDGE('',*,*,#3573,.F.);
#3573 = EDGE_CURVE('',#3574,#3574,#3576,.T.);
#3574 = VERTEX_POINT('',#3575);
#3575 = CARTESIAN_POINT('',(105.4,55.,26.8));
#3576 = CIRCLE('',#3577,2.6);
#3577 = AXIS2_PLACEMENT_3D('',#3578,#3579,#3580);
#3578 = CARTESIAN_POINT('',(102.8,55.,26.8));
#3579 = DIRECTION('',(0.,0.,1.));
#3580 = DIRECTION('',(1.,0.,-0.));
#3581 = PLANE('',#3582);
#3582 = AXIS2_PLACEMENT_3D('',#3583,#3584,#3585);
#3583 = CARTESIAN_POINT('',(106.3,55.,26.8));
#3584 = DIRECTION('',(0.,0.,1.));
#3585 = DIRECTION('',(1.,0.,-0.));
#3586 = ADVANCED_FACE('',(#3587),#3605,.F.);
#3587 = FACE_BOUND('',#3588,.F.);
#3588 = EDGE_LOOP('',(#3589,#3597,#3598,#3599));
#3589 = ORIENTED_EDGE('',*,*,#3590,.F.);
#3590 = EDGE_CURVE('',#3491,#3591,#3593,.T.);
#3591 = VERTEX_POINT('',#3592);
#3592 = CARTESIAN_POINT('',(118.3,39.,3.8));
#3593 = LINE('',#3594,#3595);
#3594 = CARTESIAN_POINT('',(94.3,39.,3.8));
#3595 = VECTOR('',#3596,1.);
#3596 = DIRECTION('',(1.,0.,-0.));
#3597 = ORIENTED_EDGE('',*,*,#3499,.T.);
#3598 = ORIENTED_EDGE('',*,*,#3514,.T.);
#3599 = ORIENTED_EDGE('',*,*,#3600,.F.);
#3600 = EDGE_CURVE('',#3591,#3515,#3601,.T.);
#3601 = LINE('',#3602,#3603);
#3602 = CARTESIAN_POINT('',(118.3,39.,3.8));
#3603 = VECTOR('',#3604,1.);
#3604 = DIRECTION('',(0.,0.,1.));
#3605 = PLANE('',#3606);
#3606 = AXIS2_PLACEMENT_3D('',#3607,#3608,#3609);
#3607 = CARTESIAN_POINT('',(94.3,39.,3.8));
#3608 = DIRECTION('',(-0.,1.,0.));
#3609 = DIRECTION('',(0.,0.,1.));
#3610 = ADVANCED_FACE('',(#3611),#3664,.T.);
#3611 = FACE_BOUND('',#3612,.T.);
#3612 = EDGE_LOOP('',(#3613,#3614,#3622,#3631,#3639,#3648,#3656,#3663));
#3613 = ORIENTED_EDGE('',*,*,#3490,.F.);
#3614 = ORIENTED_EDGE('',*,*,#3615,.T.);
#3615 = EDGE_CURVE('',#3483,#3616,#3618,.T.);
#3616 = VERTEX_POINT('',#3617);
#3617 = CARTESIAN_POINT('',(90.3,67.,3.8));
#3618 = LINE('',#3619,#3620);
#3619 = CARTESIAN_POINT('',(90.3,43.,3.8));
#3620 = VECTOR('',#3621,1.);
#3621 = DIRECTION('',(-0.,1.,0.));
#3622 = ORIENTED_EDGE('',*,*,#3623,.F.);
#3623 = EDGE_CURVE('',#3624,#3616,#3626,.T.);
#3624 = VERTEX_POINT('',#3625);
#3625 = CARTESIAN_POINT('',(94.3,71.,3.8));
#3626 = CIRCLE('',#3627,4.);
#3627 = AXIS2_PLACEMENT_3D('',#3628,#3629,#3630);
#3628 = CARTESIAN_POINT('',(94.3,67.,3.8));
#3629 = DIRECTION('',(0.,0.,1.));
#3630 = DIRECTION('',(1.,0.,-0.));
#3631 = ORIENTED_EDGE('',*,*,#3632,.T.);
#3632 = EDGE_CURVE('',#3624,#3633,#3635,.T.);
#3633 = VERTEX_POINT('',#3634);
#3634 = CARTESIAN_POINT('',(118.3,71.,3.8));
#3635 = LINE('',#3636,#3637);
#3636 = CARTESIAN_POINT('',(94.3,71.,3.8));
#3637 = VECTOR('',#3638,1.);
#3638 = DIRECTION('',(1.,0.,-0.));
#3639 = ORIENTED_EDGE('',*,*,#3640,.F.);
#3640 = EDGE_CURVE('',#3641,#3633,#3643,.T.);
#3641 = VERTEX_POINT('',#3642);
#3642 = CARTESIAN_POINT('',(122.3,67.,3.8));
#3643 = CIRCLE('',#3644,4.);
#3644 = AXIS2_PLACEMENT_3D('',#3645,#3646,#3647);
#3645 = CARTESIAN_POINT('',(118.3,67.,3.8));
#3646 = DIRECTION('',(0.,0.,1.));
#3647 = DIRECTION('',(1.,0.,-0.));
#3648 = ORIENTED_EDGE('',*,*,#3649,.F.);
#3649 = EDGE_CURVE('',#3650,#3641,#3652,.T.);
#3650 = VERTEX_POINT('',#3651);
#3651 = CARTESIAN_POINT('',(122.3,43.,3.8));
#3652 = LINE('',#3653,#3654);
#3653 = CARTESIAN_POINT('',(122.3,43.,3.8));
#3654 = VECTOR('',#3655,1.);
#3655 = DIRECTION('',(-0.,1.,0.));
#3656 = ORIENTED_EDGE('',*,*,#3657,.F.);
#3657 = EDGE_CURVE('',#3591,#3650,#3658,.T.);
#3658 = CIRCLE('',#3659,4.);
#3659 = AXIS2_PLACEMENT_3D('',#3660,#3661,#3662);
#3660 = CARTESIAN_POINT('',(118.3,43.,3.8));
#3661 = DIRECTION('',(0.,0.,1.));
#3662 = DIRECTION('',(1.,0.,-0.));
#3663 = ORIENTED_EDGE('',*,*,#3590,.F.);
#3664 = PLANE('',#3665);
#3665 = AXIS2_PLACEMENT_3D('',#3666,#3667,#3668);
#3666 = CARTESIAN_POINT('',(106.3,55.,3.8));
#3667 = DIRECTION('',(-0.,-0.,-1.));
#3668 = DIRECTION('',(-1.,0.,0.));
#3669 = ADVANCED_FACE('',(#3670),#3681,.F.);
#3670 = FACE_BOUND('',#3671,.F.);
#3671 = EDGE_LOOP('',(#3672,#3673,#3674,#3680));
#3672 = ORIENTED_EDGE('',*,*,#3482,.F.);
#3673 = ORIENTED_EDGE('',*,*,#3615,.T.);
#3674 = ORIENTED_EDGE('',*,*,#3675,.T.);
#3675 = EDGE_CURVE('',#3616,#3557,#3676,.T.);
#3676 = LINE('',#3677,#3678);
#3677 = CARTESIAN_POINT('',(90.3,67.,3.8));
#3678 = VECTOR('',#3679,1.);
#3679 = DIRECTION('',(0.,0.,1.));
#3680 = ORIENTED_EDGE('',*,*,#3565,.F.);
#3681 = PLANE('',#3682);
#3682 = AXIS2_PLACEMENT_3D('',#3683,#3684,#3685);
#3683 = CARTESIAN_POINT('',(90.3,43.,3.8));
#3684 = DIRECTION('',(1.,0.,-0.));
#3685 = DIRECTION('',(0.,0.,1.));
#3686 = ADVANCED_FACE('',(#3687),#3698,.T.);
#3687 = FACE_BOUND('',#3688,.T.);
#3688 = EDGE_LOOP('',(#3689,#3690,#3696,#3697));
#3689 = ORIENTED_EDGE('',*,*,#3556,.F.);
#3690 = ORIENTED_EDGE('',*,*,#3691,.F.);
#3691 = EDGE_CURVE('',#3624,#3549,#3692,.T.);
#3692 = LINE('',#3693,#3694);
#3693 = CARTESIAN_POINT('',(94.3,71.,3.8));
#3694 = VECTOR('',#3695,1.);
#3695 = DIRECTION('',(0.,0.,1.));
#3696 = ORIENTED_EDGE('',*,*,#3623,.T.);
#3697 = ORIENTED_EDGE('',*,*,#3675,.T.);
#3698 = CYLINDRICAL_SURFACE('',#3699,4.);
#3699 = AXIS2_PLACEMENT_3D('',#3700,#3701,#3702);
#3700 = CARTESIAN_POINT('',(94.3,67.,3.8));
#3701 = DIRECTION('',(0.,0.,1.));
#3702 = DIRECTION('',(1.,0.,-0.));
#3703 = ADVANCED_FACE('',(#3704),#3715,.T.);
#3704 = FACE_BOUND('',#3705,.T.);
#3705 = EDGE_LOOP('',(#3706,#3707,#3708,#3709));
#3706 = ORIENTED_EDGE('',*,*,#3522,.F.);
#3707 = ORIENTED_EDGE('',*,*,#3600,.F.);
#3708 = ORIENTED_EDGE('',*,*,#3657,.T.);
#3709 = ORIENTED_EDGE('',*,*,#3710,.T.);
#3710 = EDGE_CURVE('',#3650,#3523,#3711,.T.);
#3711 = LINE('',#3712,#3713);
#3712 = CARTESIAN_POINT('',(122.3,43.,3.8));
#3713 = VECTOR('',#3714,1.);
#3714 = DIRECTION('',(0.,0.,1.));
#3715 = CYLINDRICAL_SURFACE('',#3716,4.);
#3716 = AXIS2_PLACEMENT_3D('',#3717,#3718,#3719);
#3717 = CARTESIAN_POINT('',(118.3,43.,3.8));
#3718 = DIRECTION('',(0.,0.,1.));
#3719 = DIRECTION('',(1.,0.,-0.));
#3720 = ADVANCED_FACE('',(#3721),#3732,.T.);
#3721 = FACE_BOUND('',#3722,.T.);
#3722 = EDGE_LOOP('',(#3723,#3724,#3725,#3726));
#3723 = ORIENTED_EDGE('',*,*,#3632,.F.);
#3724 = ORIENTED_EDGE('',*,*,#3691,.T.);
#3725 = ORIENTED_EDGE('',*,*,#3548,.T.);
#3726 = ORIENTED_EDGE('',*,*,#3727,.F.);
#3727 = EDGE_CURVE('',#3633,#3540,#3728,.T.);
#3728 = LINE('',#3729,#3730);
#3729 = CARTESIAN_POINT('',(118.3,71.,3.8));
#3730 = VECTOR('',#3731,1.);
#3731 = DIRECTION('',(0.,0.,1.));
#3732 = PLANE('',#3733);
#3733 = AXIS2_PLACEMENT_3D('',#3734,#3735,#3736);
#3734 = CARTESIAN_POINT('',(94.3,71.,3.8));
#3735 = DIRECTION('',(-0.,1.,0.));
#3736 = DIRECTION('',(0.,0.,1.));
#3737 = ADVANCED_FACE('',(#3738),#3749,.T.);
#3738 = FACE_BOUND('',#3739,.T.);
#3739 = EDGE_LOOP('',(#3740,#3741,#3742,#3748));
#3740 = ORIENTED_EDGE('',*,*,#3710,.F.);
#3741 = ORIENTED_EDGE('',*,*,#3649,.T.);
#3742 = ORIENTED_EDGE('',*,*,#3743,.T.);
#3743 = EDGE_CURVE('',#3641,#3532,#3744,.T.);
#3744 = LINE('',#3745,#3746);
#3745 = CARTESIAN_POINT('',(122.3,67.,3.8));
#3746 = VECTOR('',#3747,1.);
#3747 = DIRECTION('',(0.,0.,1.));
#3748 = ORIENTED_EDGE('',*,*,#3531,.F.);
#3749 = PLANE('',#3750);
#3750 = AXIS2_PLACEMENT_3D('',#3751,#3752,#3753);
#3751 = CARTESIAN_POINT('',(122.3,43.,3.8));
#3752 = DIRECTION('',(1.,0.,-0.));
#3753 = DIRECTION('',(0.,0.,1.));
#3754 = ADVANCED_FACE('',(#3755),#3761,.T.);
#3755 = FACE_BOUND('',#3756,.T.);
#3756 = EDGE_LOOP('',(#3757,#3758,#3759,#3760));
#3757 = ORIENTED_EDGE('',*,*,#3539,.F.);
#3758 = ORIENTED_EDGE('',*,*,#3743,.F.);
#3759 = ORIENTED_EDGE('',*,*,#3640,.T.);
#3760 = ORIENTED_EDGE('',*,*,#3727,.T.);
#3761 = CYLINDRICAL_SURFACE('',#3762,4.);
#3762 = AXIS2_PLACEMENT_3D('',#3763,#3764,#3765);
#3763 = CARTESIAN_POINT('',(118.3,67.,3.8));
#3764 = DIRECTION('',(0.,0.,1.));
#3765 = DIRECTION('',(1.,0.,-0.));
#3766 = ADVANCED_FACE('',(#3767),#3786,.T.);
#3767 = FACE_BOUND('',#3768,.T.);
#3768 = EDGE_LOOP('',(#3769,#3778,#3784,#3785));
#3769 = ORIENTED_EDGE('',*,*,#3770,.F.);
#3770 = EDGE_CURVE('',#3771,#3771,#3773,.T.);
#3771 = VERTEX_POINT('',#3772);
#3772 = CARTESIAN_POINT('',(105.4,55.,27.4));
#3773 = CIRCLE('',#3774,2.6);
#3774 = AXIS2_PLACEMENT_3D('',#3775,#3776,#3777);
#3775 = CARTESIAN_POINT('',(102.8,55.,27.4));
#3776 = DIRECTION('',(0.,0.,1.));
#3777 = DIRECTION('',(1.,0.,-0.));
#3778 = ORIENTED_EDGE('',*,*,#3779,.F.);
#3779 = EDGE_CURVE('',#3574,#3771,#3780,.T.);
#3780 = LINE('',#3781,#3782);
#3781 = CARTESIAN_POINT('',(105.4,55.,26.8));
#3782 = VECTOR('',#3783,1.);
#3783 = DIRECTION('',(0.,0.,1.));
#3784 = ORIENTED_EDGE('',*,*,#3573,.T.);
#3785 = ORIENTED_EDGE('',*,*,#3779,.T.);
#3786 = CYLINDRICAL_SURFACE('',#3787,2.6);
#3787 = AXIS2_PLACEMENT_3D('',#3788,#3789,#3790);
#3788 = CARTESIAN_POINT('',(102.8,55.,26.8));
#3789 = DIRECTION('',(0.,0.,1.));
#3790 = DIRECTION('',(1.,0.,-0.));
#3791 = ADVANCED_FACE('',(#3792),#3795,.T.);
#3792 = FACE_BOUND('',#3793,.T.);
#3793 = EDGE_LOOP('',(#3794));
#3794 = ORIENTED_EDGE('',*,*,#3770,.T.);
#3795 = PLANE('',#3796);
#3796 = AXIS2_PLACEMENT_3D('',#3797,#3798,#3799);
#3797 = CARTESIAN_POINT('',(102.8,55.,27.4));
#3798 = DIRECTION('',(0.,0.,1.));
#3799 = DIRECTION('',(1.,0.,-0.));
#3800 = ( GEOMETRIC_REPRESENTATION_CONTEXT(3) 
GLOBAL_UNCERTAINTY_ASSIGNED_CONTEXT((#3804)) 
GLOBAL_UNIT_ASSIGNED_CONTEXT((#3801,#3802,#3803)) REPRESENTATION_CONTEXT
('Context #1','3D Context with UNIT and UNCERTAINTY') );
#3801 = ( LENGTH_UNIT() NAMED_UNIT(*) SI_UNIT(.MILLI.,.METRE.) );
#3802 = ( NAMED_UNIT(*) PLANE_ANGLE_UNIT() SI_UNIT($,.RADIAN.) );
#3803 = ( NAMED_UNIT(*) SI_UNIT($,.STERADIAN.) SOLID_ANGLE_UNIT() );
#3804 = UNCERTAINTY_MEASURE_WITH_UNIT(LENGTH_MEASURE(1.E-07),#3801,
  'distance_accuracy_value','confusion accuracy');
#3805 = CONTEXT_DEPENDENT_SHAPE_REPRESENTATION(#3806,#3808);
#3806 = ( REPRESENTATION_RELATIONSHIP('','',#3464,#10) 
REPRESENTATION_RELATIONSHIP_WITH_TRANSFORMATION(#3807) 
SHAPE_REPRESENTATION_RELATIONSHIP() );
#3807 = ITEM_DEFINED_TRANSFORMATION('','',#11,#39);
#3808 = PRODUCT_DEFINITION_SHAPE('Placement','Placement of an item',
  #3809);
#3809 = NEXT_ASSEMBLY_USAGE_OCCURRENCE('7','Stamp 05 — 月满邯郸',
  '',#5,#3459,$);
#3810 = PRODUCT_RELATED_PRODUCT_CATEGORY('part',$,(#3461));
#3811 = SHAPE_DEFINITION_REPRESENTATION(#3812,#3818);
#3812 = PRODUCT_DEFINITION_SHAPE('','',#3813);
#3813 = PRODUCT_DEFINITION('design','',#3814,#3817);
#3814 = PRODUCT_DEFINITION_FORMATION('','',#3815);
#3815 = PRODUCT('Stamp 06 — 山河同游','Stamp 06 — 山河同游',
  '',(#3816));
#3816 = PRODUCT_CONTEXT('',#2,'mechanical');
#3817 = PRODUCT_DEFINITION_CONTEXT('part definition',#2,'design');
#3818 = ADVANCED_BREP_SHAPE_REPRESENTATION('',(#11,#3819),#4154);
#3819 = MANIFOLD_SOLID_BREP('',#3820);
#3820 = CLOSED_SHELL('',(#3821,#3863,#3940,#3964,#4023,#4040,#4057,#4074
    ,#4091,#4108,#4120,#4145));
#3821 = ADVANCED_FACE('',(#3822),#3858,.T.);
#3822 = FACE_BOUND('',#3823,.T.);
#3823 = EDGE_LOOP('',(#3824,#3835,#3843,#3852));
#3824 = ORIENTED_EDGE('',*,*,#3825,.F.);
#3825 = EDGE_CURVE('',#3826,#3828,#3830,.T.);
#3826 = VERTEX_POINT('',#3827);
#3827 = CARTESIAN_POINT('',(123.6,43.,26.8));
#3828 = VERTEX_POINT('',#3829);
#3829 = CARTESIAN_POINT('',(127.6,39.,26.8));
#3830 = CIRCLE('',#3831,4.);
#3831 = AXIS2_PLACEMENT_3D('',#3832,#3833,#3834);
#3832 = CARTESIAN_POINT('',(127.6,43.,26.8));
#3833 = DIRECTION('',(0.,0.,1.));
#3834 = DIRECTION('',(1.,0.,-0.));
#3835 = ORIENTED_EDGE('',*,*,#3836,.F.);
#3836 = EDGE_CURVE('',#3837,#3826,#3839,.T.);
#3837 = VERTEX_POINT('',#3838);
#3838 = CARTESIAN_POINT('',(123.6,43.,3.8));
#3839 = LINE('',#3840,#3841);
#3840 = CARTESIAN_POINT('',(123.6,43.,3.8));
#3841 = VECTOR('',#3842,1.);
#3842 = DIRECTION('',(0.,0.,1.));
#3843 = ORIENTED_EDGE('',*,*,#3844,.T.);
#3844 = EDGE_CURVE('',#3837,#3845,#3847,.T.);
#3845 = VERTEX_POINT('',#3846);
#3846 = CARTESIAN_POINT('',(127.6,39.,3.8));
#3847 = CIRCLE('',#3848,4.);
#3848 = AXIS2_PLACEMENT_3D('',#3849,#3850,#3851);
#3849 = CARTESIAN_POINT('',(127.6,43.,3.8));
#3850 = DIRECTION('',(0.,0.,1.));
#3851 = DIRECTION('',(1.,0.,-0.));
#3852 = ORIENTED_EDGE('',*,*,#3853,.T.);
#3853 = EDGE_CURVE('',#3845,#3828,#3854,.T.);
#3854 = LINE('',#3855,#3856);
#3855 = CARTESIAN_POINT('',(127.6,39.,3.8));
#3856 = VECTOR('',#3857,1.);
#3857 = DIRECTION('',(0.,0.,1.));
#3858 = CYLINDRICAL_SURFACE('',#3859,4.);
#3859 = AXIS2_PLACEMENT_3D('',#3860,#3861,#3862);
#3860 = CARTESIAN_POINT('',(127.6,43.,3.8));
#3861 = DIRECTION('',(0.,0.,1.));
#3862 = DIRECTION('',(1.,0.,-0.));
#3863 = ADVANCED_FACE('',(#3864,#3924),#3935,.T.);
#3864 = FACE_BOUND('',#3865,.T.);
#3865 = EDGE_LOOP('',(#3866,#3867,#3875,#3884,#3892,#3901,#3909,#3918));
#3866 = ORIENTED_EDGE('',*,*,#3825,.T.);
#3867 = ORIENTED_EDGE('',*,*,#3868,.T.);
#3868 = EDGE_CURVE('',#3828,#3869,#3871,.T.);
#3869 = VERTEX_POINT('',#3870);
#3870 = CARTESIAN_POINT('',(151.6,39.,26.8));
#3871 = LINE('',#3872,#3873);
#3872 = CARTESIAN_POINT('',(127.6,39.,26.8));
#3873 = VECTOR('',#3874,1.);
#3874 = DIRECTION('',(1.,0.,-0.));
#3875 = ORIENTED_EDGE('',*,*,#3876,.T.);
#3876 = EDGE_CURVE('',#3869,#3877,#3879,.T.);
#3877 = VERTEX_POINT('',#3878);
#3878 = CARTESIAN_POINT('',(155.6,43.,26.8));
#3879 = CIRCLE('',#3880,4.);
#3880 = AXIS2_PLACEMENT_3D('',#3881,#3882,#3883);
#3881 = CARTESIAN_POINT('',(151.6,43.,26.8));
#3882 = DIRECTION('',(0.,0.,1.));
#3883 = DIRECTION('',(1.,0.,-0.));
#3884 = ORIENTED_EDGE('',*,*,#3885,.T.);
#3885 = EDGE_CURVE('',#3877,#3886,#3888,.T.);
#3886 = VERTEX_POINT('',#3887);
#3887 = CARTESIAN_POINT('',(155.6,67.,26.8));
#3888 = LINE('',#3889,#3890);
#3889 = CARTESIAN_POINT('',(155.6,43.,26.8));
#3890 = VECTOR('',#3891,1.);
#3891 = DIRECTION('',(-0.,1.,0.));
#3892 = ORIENTED_EDGE('',*,*,#3893,.T.);
#3893 = EDGE_CURVE('',#3886,#3894,#3896,.T.);
#3894 = VERTEX_POINT('',#3895);
#3895 = CARTESIAN_POINT('',(151.6,71.,26.8));
#3896 = CIRCLE('',#3897,4.);
#3897 = AXIS2_PLACEMENT_3D('',#3898,#3899,#3900);
#3898 = CARTESIAN_POINT('',(151.6,67.,26.8));
#3899 = DIRECTION('',(0.,0.,1.));
#3900 = DIRECTION('',(1.,0.,-0.));
#3901 = ORIENTED_EDGE('',*,*,#3902,.F.);
#3902 = EDGE_CURVE('',#3903,#3894,#3905,.T.);
#3903 = VERTEX_POINT('',#3904);
#3904 = CARTESIAN_POINT('',(127.6,71.,26.8));
#3905 = LINE('',#3906,#3907);
#3906 = CARTESIAN_POINT('',(127.6,71.,26.8));
#3907 = VECTOR('',#3908,1.);
#3908 = DIRECTION('',(1.,0.,-0.));
#3909 = ORIENTED_EDGE('',*,*,#3910,.T.);
#3910 = EDGE_CURVE('',#3903,#3911,#3913,.T.);
#3911 = VERTEX_POINT('',#3912);
#3912 = CARTESIAN_POINT('',(123.6,67.,26.8));
#3913 = CIRCLE('',#3914,4.);
#3914 = AXIS2_PLACEMENT_3D('',#3915,#3916,#3917);
#3915 = CARTESIAN_POINT('',(127.6,67.,26.8));
#3916 = DIRECTION('',(0.,0.,1.));
#3917 = DIRECTION('',(1.,0.,-0.));
#3918 = ORIENTED_EDGE('',*,*,#3919,.F.);
#3919 = EDGE_CURVE('',#3826,#3911,#3920,.T.);
#3920 = LINE('',#3921,#3922);
#3921 = CARTESIAN_POINT('',(123.6,43.,26.8));
#3922 = VECTOR('',#3923,1.);
#3923 = DIRECTION('',(-0.,1.,0.));
#3924 = FACE_BOUND('',#3925,.T.);
#3925 = EDGE_LOOP('',(#3926));
#3926 = ORIENTED_EDGE('',*,*,#3927,.F.);
#3927 = EDGE_CURVE('',#3928,#3928,#3930,.T.);
#3928 = VERTEX_POINT('',#3929);
#3929 = CARTESIAN_POINT('',(143.2,55.,26.8));
#3930 = CIRCLE('',#3931,2.6);
#3931 = AXIS2_PLACEMENT_3D('',#3932,#3933,#3934);
#3932 = CARTESIAN_POINT('',(140.6,55.,26.8));
#3933 = DIRECTION('',(0.,0.,1.));
#3934 = DIRECTION('',(1.,0.,-0.));
#3935 = PLANE('',#3936);
#3936 = AXIS2_PLACEMENT_3D('',#3937,#3938,#3939);
#3937 = CARTESIAN_POINT('',(139.6,55.,26.8));
#3938 = DIRECTION('',(0.,0.,1.));
#3939 = DIRECTION('',(1.,0.,-0.));
#3940 = ADVANCED_FACE('',(#3941),#3959,.F.);
#3941 = FACE_BOUND('',#3942,.F.);
#3942 = EDGE_LOOP('',(#3943,#3951,#3952,#3953));
#3943 = ORIENTED_EDGE('',*,*,#3944,.F.);
#3944 = EDGE_CURVE('',#3845,#3945,#3947,.T.);
#3945 = VERTEX_POINT('',#3946);
#3946 = CARTESIAN_POINT('',(151.6,39.,3.8));
#3947 = LINE('',#3948,#3949);
#3948 = CARTESIAN_POINT('',(127.6,39.,3.8));
#3949 = VECTOR('',#3950,1.);
#3950 = DIRECTION('',(1.,0.,-0.));
#3951 = ORIENTED_EDGE('',*,*,#3853,.T.);
#3952 = ORIENTED_EDGE('',*,*,#3868,.T.);
#3953 = ORIENTED_EDGE('',*,*,#3954,.F.);
#3954 = EDGE_CURVE('',#3945,#3869,#3955,.T.);
#3955 = LINE('',#3956,#3957);
#3956 = CARTESIAN_POINT('',(151.6,39.,3.8));
#3957 = VECTOR('',#3958,1.);
#3958 = DIRECTION('',(0.,0.,1.));
#3959 = PLANE('',#3960);
#3960 = AXIS2_PLACEMENT_3D('',#3961,#3962,#3963);
#3961 = CARTESIAN_POINT('',(127.6,39.,3.8));
#3962 = DIRECTION('',(-0.,1.,0.));
#3963 = DIRECTION('',(0.,0.,1.));
#3964 = ADVANCED_FACE('',(#3965),#4018,.T.);
#3965 = FACE_BOUND('',#3966,.T.);
#3966 = EDGE_LOOP('',(#3967,#3968,#3976,#3985,#3993,#4002,#4010,#4017));
#3967 = ORIENTED_EDGE('',*,*,#3844,.F.);
#3968 = ORIENTED_EDGE('',*,*,#3969,.T.);
#3969 = EDGE_CURVE('',#3837,#3970,#3972,.T.);
#3970 = VERTEX_POINT('',#3971);
#3971 = CARTESIAN_POINT('',(123.6,67.,3.8));
#3972 = LINE('',#3973,#3974);
#3973 = CARTESIAN_POINT('',(123.6,43.,3.8));
#3974 = VECTOR('',#3975,1.);
#3975 = DIRECTION('',(-0.,1.,0.));
#3976 = ORIENTED_EDGE('',*,*,#3977,.F.);
#3977 = EDGE_CURVE('',#3978,#3970,#3980,.T.);
#3978 = VERTEX_POINT('',#3979);
#3979 = CARTESIAN_POINT('',(127.6,71.,3.8));
#3980 = CIRCLE('',#3981,4.);
#3981 = AXIS2_PLACEMENT_3D('',#3982,#3983,#3984);
#3982 = CARTESIAN_POINT('',(127.6,67.,3.8));
#3983 = DIRECTION('',(0.,0.,1.));
#3984 = DIRECTION('',(1.,0.,-0.));
#3985 = ORIENTED_EDGE('',*,*,#3986,.T.);
#3986 = EDGE_CURVE('',#3978,#3987,#3989,.T.);
#3987 = VERTEX_POINT('',#3988);
#3988 = CARTESIAN_POINT('',(151.6,71.,3.8));
#3989 = LINE('',#3990,#3991);
#3990 = CARTESIAN_POINT('',(127.6,71.,3.8));
#3991 = VECTOR('',#3992,1.);
#3992 = DIRECTION('',(1.,0.,-0.));
#3993 = ORIENTED_EDGE('',*,*,#3994,.F.);
#3994 = EDGE_CURVE('',#3995,#3987,#3997,.T.);
#3995 = VERTEX_POINT('',#3996);
#3996 = CARTESIAN_POINT('',(155.6,67.,3.8));
#3997 = CIRCLE('',#3998,4.);
#3998 = AXIS2_PLACEMENT_3D('',#3999,#4000,#4001);
#3999 = CARTESIAN_POINT('',(151.6,67.,3.8));
#4000 = DIRECTION('',(0.,0.,1.));
#4001 = DIRECTION('',(1.,0.,-0.));
#4002 = ORIENTED_EDGE('',*,*,#4003,.F.);
#4003 = EDGE_CURVE('',#4004,#3995,#4006,.T.);
#4004 = VERTEX_POINT('',#4005);
#4005 = CARTESIAN_POINT('',(155.6,43.,3.8));
#4006 = LINE('',#4007,#4008);
#4007 = CARTESIAN_POINT('',(155.6,43.,3.8));
#4008 = VECTOR('',#4009,1.);
#4009 = DIRECTION('',(-0.,1.,0.));
#4010 = ORIENTED_EDGE('',*,*,#4011,.F.);
#4011 = EDGE_CURVE('',#3945,#4004,#4012,.T.);
#4012 = CIRCLE('',#4013,4.);
#4013 = AXIS2_PLACEMENT_3D('',#4014,#4015,#4016);
#4014 = CARTESIAN_POINT('',(151.6,43.,3.8));
#4015 = DIRECTION('',(0.,0.,1.));
#4016 = DIRECTION('',(1.,0.,-0.));
#4017 = ORIENTED_EDGE('',*,*,#3944,.F.);
#4018 = PLANE('',#4019);
#4019 = AXIS2_PLACEMENT_3D('',#4020,#4021,#4022);
#4020 = CARTESIAN_POINT('',(139.6,55.,3.8));
#4021 = DIRECTION('',(-0.,-0.,-1.));
#4022 = DIRECTION('',(-1.,0.,0.));
#4023 = ADVANCED_FACE('',(#4024),#4035,.F.);
#4024 = FACE_BOUND('',#4025,.F.);
#4025 = EDGE_LOOP('',(#4026,#4027,#4028,#4034));
#4026 = ORIENTED_EDGE('',*,*,#3836,.F.);
#4027 = ORIENTED_EDGE('',*,*,#3969,.T.);
#4028 = ORIENTED_EDGE('',*,*,#4029,.T.);
#4029 = EDGE_CURVE('',#3970,#3911,#4030,.T.);
#4030 = LINE('',#4031,#4032);
#4031 = CARTESIAN_POINT('',(123.6,67.,3.8));
#4032 = VECTOR('',#4033,1.);
#4033 = DIRECTION('',(0.,0.,1.));
#4034 = ORIENTED_EDGE('',*,*,#3919,.F.);
#4035 = PLANE('',#4036);
#4036 = AXIS2_PLACEMENT_3D('',#4037,#4038,#4039);
#4037 = CARTESIAN_POINT('',(123.6,43.,3.8));
#4038 = DIRECTION('',(1.,0.,-0.));
#4039 = DIRECTION('',(0.,0.,1.));
#4040 = ADVANCED_FACE('',(#4041),#4052,.T.);
#4041 = FACE_BOUND('',#4042,.T.);
#4042 = EDGE_LOOP('',(#4043,#4044,#4050,#4051));
#4043 = ORIENTED_EDGE('',*,*,#3910,.F.);
#4044 = ORIENTED_EDGE('',*,*,#4045,.F.);
#4045 = EDGE_CURVE('',#3978,#3903,#4046,.T.);
#4046 = LINE('',#4047,#4048);
#4047 = CARTESIAN_POINT('',(127.6,71.,3.8));
#4048 = VECTOR('',#4049,1.);
#4049 = DIRECTION('',(0.,0.,1.));
#4050 = ORIENTED_EDGE('',*,*,#3977,.T.);
#4051 = ORIENTED_EDGE('',*,*,#4029,.T.);
#4052 = CYLINDRICAL_SURFACE('',#4053,4.);
#4053 = AXIS2_PLACEMENT_3D('',#4054,#4055,#4056);
#4054 = CARTESIAN_POINT('',(127.6,67.,3.8));
#4055 = DIRECTION('',(0.,0.,1.));
#4056 = DIRECTION('',(1.,0.,-0.));
#4057 = ADVANCED_FACE('',(#4058),#4069,.T.);
#4058 = FACE_BOUND('',#4059,.T.);
#4059 = EDGE_LOOP('',(#4060,#4061,#4062,#4063));
#4060 = ORIENTED_EDGE('',*,*,#3876,.F.);
#4061 = ORIENTED_EDGE('',*,*,#3954,.F.);
#4062 = ORIENTED_EDGE('',*,*,#4011,.T.);
#4063 = ORIENTED_EDGE('',*,*,#4064,.T.);
#4064 = EDGE_CURVE('',#4004,#3877,#4065,.T.);
#4065 = LINE('',#4066,#4067);
#4066 = CARTESIAN_POINT('',(155.6,43.,3.8));
#4067 = VECTOR('',#4068,1.);
#4068 = DIRECTION('',(0.,0.,1.));
#4069 = CYLINDRICAL_SURFACE('',#4070,4.);
#4070 = AXIS2_PLACEMENT_3D('',#4071,#4072,#4073);
#4071 = CARTESIAN_POINT('',(151.6,43.,3.8));
#4072 = DIRECTION('',(0.,0.,1.));
#4073 = DIRECTION('',(1.,0.,-0.));
#4074 = ADVANCED_FACE('',(#4075),#4086,.T.);
#4075 = FACE_BOUND('',#4076,.T.);
#4076 = EDGE_LOOP('',(#4077,#4078,#4079,#4080));
#4077 = ORIENTED_EDGE('',*,*,#3986,.F.);
#4078 = ORIENTED_EDGE('',*,*,#4045,.T.);
#4079 = ORIENTED_EDGE('',*,*,#3902,.T.);
#4080 = ORIENTED_EDGE('',*,*,#4081,.F.);
#4081 = EDGE_CURVE('',#3987,#3894,#4082,.T.);
#4082 = LINE('',#4083,#4084);
#4083 = CARTESIAN_POINT('',(151.6,71.,3.8));
#4084 = VECTOR('',#4085,1.);
#4085 = DIRECTION('',(0.,0.,1.));
#4086 = PLANE('',#4087);
#4087 = AXIS2_PLACEMENT_3D('',#4088,#4089,#4090);
#4088 = CARTESIAN_POINT('',(127.6,71.,3.8));
#4089 = DIRECTION('',(-0.,1.,0.));
#4090 = DIRECTION('',(0.,0.,1.));
#4091 = ADVANCED_FACE('',(#4092),#4103,.T.);
#4092 = FACE_BOUND('',#4093,.T.);
#4093 = EDGE_LOOP('',(#4094,#4095,#4096,#4102));
#4094 = ORIENTED_EDGE('',*,*,#4064,.F.);
#4095 = ORIENTED_EDGE('',*,*,#4003,.T.);
#4096 = ORIENTED_EDGE('',*,*,#4097,.T.);
#4097 = EDGE_CURVE('',#3995,#3886,#4098,.T.);
#4098 = LINE('',#4099,#4100);
#4099 = CARTESIAN_POINT('',(155.6,67.,3.8));
#4100 = VECTOR('',#4101,1.);
#4101 = DIRECTION('',(0.,0.,1.));
#4102 = ORIENTED_EDGE('',*,*,#3885,.F.);
#4103 = PLANE('',#4104);
#4104 = AXIS2_PLACEMENT_3D('',#4105,#4106,#4107);
#4105 = CARTESIAN_POINT('',(155.6,43.,3.8));
#4106 = DIRECTION('',(1.,0.,-0.));
#4107 = DIRECTION('',(0.,0.,1.));
#4108 = ADVANCED_FACE('',(#4109),#4115,.T.);
#4109 = FACE_BOUND('',#4110,.T.);
#4110 = EDGE_LOOP('',(#4111,#4112,#4113,#4114));
#4111 = ORIENTED_EDGE('',*,*,#3893,.F.);
#4112 = ORIENTED_EDGE('',*,*,#4097,.F.);
#4113 = ORIENTED_EDGE('',*,*,#3994,.T.);
#4114 = ORIENTED_EDGE('',*,*,#4081,.T.);
#4115 = CYLINDRICAL_SURFACE('',#4116,4.);
#4116 = AXIS2_PLACEMENT_3D('',#4117,#4118,#4119);
#4117 = CARTESIAN_POINT('',(151.6,67.,3.8));
#4118 = DIRECTION('',(0.,0.,1.));
#4119 = DIRECTION('',(1.,0.,-0.));
#4120 = ADVANCED_FACE('',(#4121),#4140,.T.);
#4121 = FACE_BOUND('',#4122,.T.);
#4122 = EDGE_LOOP('',(#4123,#4132,#4138,#4139));
#4123 = ORIENTED_EDGE('',*,*,#4124,.F.);
#4124 = EDGE_CURVE('',#4125,#4125,#4127,.T.);
#4125 = VERTEX_POINT('',#4126);
#4126 = CARTESIAN_POINT('',(143.2,55.,27.4));
#4127 = CIRCLE('',#4128,2.6);
#4128 = AXIS2_PLACEMENT_3D('',#4129,#4130,#4131);
#4129 = CARTESIAN_POINT('',(140.6,55.,27.4));
#4130 = DIRECTION('',(0.,0.,1.));
#4131 = DIRECTION('',(1.,0.,-0.));
#4132 = ORIENTED_EDGE('',*,*,#4133,.F.);
#4133 = EDGE_CURVE('',#3928,#4125,#4134,.T.);
#4134 = LINE('',#4135,#4136);
#4135 = CARTESIAN_POINT('',(143.2,55.,26.8));
#4136 = VECTOR('',#4137,1.);
#4137 = DIRECTION('',(0.,0.,1.));
#4138 = ORIENTED_EDGE('',*,*,#3927,.T.);
#4139 = ORIENTED_EDGE('',*,*,#4133,.T.);
#4140 = CYLINDRICAL_SURFACE('',#4141,2.6);
#4141 = AXIS2_PLACEMENT_3D('',#4142,#4143,#4144);
#4142 = CARTESIAN_POINT('',(140.6,55.,26.8));
#4143 = DIRECTION('',(0.,0.,1.));
#4144 = DIRECTION('',(1.,0.,-0.));
#4145 = ADVANCED_FACE('',(#4146),#4149,.T.);
#4146 = FACE_BOUND('',#4147,.T.);
#4147 = EDGE_LOOP('',(#4148));
#4148 = ORIENTED_EDGE('',*,*,#4124,.T.);
#4149 = PLANE('',#4150);
#4150 = AXIS2_PLACEMENT_3D('',#4151,#4152,#4153);
#4151 = CARTESIAN_POINT('',(140.6,55.,27.4));
#4152 = DIRECTION('',(0.,0.,1.));
#4153 = DIRECTION('',(1.,0.,-0.));
#4154 = ( GEOMETRIC_REPRESENTATION_CONTEXT(3) 
GLOBAL_UNCERTAINTY_ASSIGNED_CONTEXT((#4158)) 
GLOBAL_UNIT_ASSIGNED_CONTEXT((#4155,#4156,#4157)) REPRESENTATION_CONTEXT
('Context #1','3D Context with UNIT and UNCERTAINTY') );
#4155 = ( LENGTH_UNIT() NAMED_UNIT(*) SI_UNIT(.MILLI.,.METRE.) );
#4156 = ( NAMED_UNIT(*) PLANE_ANGLE_UNIT() SI_UNIT($,.RADIAN.) );
#4157 = ( NAMED_UNIT(*) SI_UNIT($,.STERADIAN.) SOLID_ANGLE_UNIT() );
#4158 = UNCERTAINTY_MEASURE_WITH_UNIT(LENGTH_MEASURE(1.E-07),#4155,
  'distance_accuracy_value','confusion accuracy');
#4159 = CONTEXT_DEPENDENT_SHAPE_REPRESENTATION(#4160,#4162);
#4160 = ( REPRESENTATION_RELATIONSHIP('','',#3818,#10) 
REPRESENTATION_RELATIONSHIP_WITH_TRANSFORMATION(#4161) 
SHAPE_REPRESENTATION_RELATIONSHIP() );
#4161 = ITEM_DEFINED_TRANSFORMATION('','',#11,#43);
#4162 = PRODUCT_DEFINITION_SHAPE('Placement','Placement of an item',
  #4163);
#4163 = NEXT_ASSEMBLY_USAGE_OCCURRENCE('8','Stamp 06 — 山河同游',
  '',#5,#3813,$);
#4164 = PRODUCT_RELATED_PRODUCT_CATEGORY('part',$,(#3815));
#4165 = SHAPE_DEFINITION_REPRESENTATION(#4166,#4172);
#4166 = PRODUCT_DEFINITION_SHAPE('','',#4167);
#4167 = PRODUCT_DEFINITION('design','',#4168,#4171);
#4168 = PRODUCT_DEFINITION_FORMATION('','',#4169);
#4169 = PRODUCT('Isolated water-based ink pad case',
  'Isolated water-based ink pad case','',(#4170));
#4170 = PRODUCT_CONTEXT('',#2,'mechanical');
#4171 = PRODUCT_DEFINITION_CONTEXT('part definition',#2,'design');
#4172 = ADVANCED_BREP_SHAPE_REPRESENTATION('',(#11,#4173),#4463);
#4173 = MANIFOLD_SOLID_BREP('',#4174);
#4174 = CLOSED_SHELL('',(#4175,#4217,#4248,#4279,#4312,#4345,#4376,#4407
    ,#4431,#4447));
#4175 = ADVANCED_FACE('',(#4176),#4212,.T.);
#4176 = FACE_BOUND('',#4177,.T.);
#4177 = EDGE_LOOP('',(#4178,#4189,#4197,#4206));
#4178 = ORIENTED_EDGE('',*,*,#4179,.F.);
#4179 = EDGE_CURVE('',#4180,#4182,#4184,.T.);
#4180 = VERTEX_POINT('',#4181);
#4181 = CARTESIAN_POINT('',(58.,79.,15.8));
#4182 = VERTEX_POINT('',#4183);
#4183 = CARTESIAN_POINT('',(63.,74.,15.8));
#4184 = CIRCLE('',#4185,5.);
#4185 = AXIS2_PLACEMENT_3D('',#4186,#4187,#4188);
#4186 = CARTESIAN_POINT('',(63.,79.,15.8));
#4187 = DIRECTION('',(0.,0.,1.));
#4188 = DIRECTION('',(1.,0.,-0.));
#4189 = ORIENTED_EDGE('',*,*,#4190,.F.);
#4190 = EDGE_CURVE('',#4191,#4180,#4193,.T.);
#4191 = VERTEX_POINT('',#4192);
#4192 = CARTESIAN_POINT('',(58.,79.,3.8));
#4193 = LINE('',#4194,#4195);
#4194 = CARTESIAN_POINT('',(58.,79.,3.8));
#4195 = VECTOR('',#4196,1.);
#4196 = DIRECTION('',(0.,0.,1.));
#4197 = ORIENTED_EDGE('',*,*,#4198,.T.);
#4198 = EDGE_CURVE('',#4191,#4199,#4201,.T.);
#4199 = VERTEX_POINT('',#4200);
#4200 = CARTESIAN_POINT('',(63.,74.,3.8));
#4201 = CIRCLE('',#4202,5.);
#4202 = AXIS2_PLACEMENT_3D('',#4203,#4204,#4205);
#4203 = CARTESIAN_POINT('',(63.,79.,3.8));
#4204 = DIRECTION('',(0.,0.,1.));
#4205 = DIRECTION('',(1.,0.,-0.));
#4206 = ORIENTED_EDGE('',*,*,#4207,.T.);
#4207 = EDGE_CURVE('',#4199,#4182,#4208,.T.);
#4208 = LINE('',#4209,#4210);
#4209 = CARTESIAN_POINT('',(63.,74.,3.8));
#4210 = VECTOR('',#4211,1.);
#4211 = DIRECTION('',(0.,0.,1.));
#4212 = CYLINDRICAL_SURFACE('',#4213,5.);
#4213 = AXIS2_PLACEMENT_3D('',#4214,#4215,#4216);
#4214 = CARTESIAN_POINT('',(63.,79.,3.8));
#4215 = DIRECTION('',(0.,0.,1.));
#4216 = DIRECTION('',(1.,0.,-0.));
#4217 = ADVANCED_FACE('',(#4218),#4243,.F.);
#4218 = FACE_BOUND('',#4219,.F.);
#4219 = EDGE_LOOP('',(#4220,#4228,#4229,#4237));
#4220 = ORIENTED_EDGE('',*,*,#4221,.F.);
#4221 = EDGE_CURVE('',#4199,#4222,#4224,.T.);
#4222 = VERTEX_POINT('',#4223);
#4223 = CARTESIAN_POINT('',(95.,74.,3.8));
#4224 = LINE('',#4225,#4226);
#4225 = CARTESIAN_POINT('',(63.,74.,3.8));
#4226 = VECTOR('',#4227,1.);
#4227 = DIRECTION('',(1.,0.,-0.));
#4228 = ORIENTED_EDGE('',*,*,#4207,.T.);
#4229 = ORIENTED_EDGE('',*,*,#4230,.T.);
#4230 = EDGE_CURVE('',#4182,#4231,#4233,.T.);
#4231 = VERTEX_POINT('',#4232);
#4232 = CARTESIAN_POINT('',(95.,74.,15.8));
#4233 = LINE('',#4234,#4235);
#4234 = CARTESIAN_POINT('',(63.,74.,15.8));
#4235 = VECTOR('',#4236,1.);
#4236 = DIRECTION('',(1.,0.,-0.));
#4237 = ORIENTED_EDGE('',*,*,#4238,.F.);
#4238 = EDGE_CURVE('',#4222,#4231,#4239,.T.);
#4239 = LINE('',#4240,#4241);
#4240 = CARTESIAN_POINT('',(95.,74.,3.8));
#4241 = VECTOR('',#4242,1.);
#4242 = DIRECTION('',(0.,0.,1.));
#4243 = PLANE('',#4244);
#4244 = AXIS2_PLACEMENT_3D('',#4245,#4246,#4247);
#4245 = CARTESIAN_POINT('',(63.,74.,3.8));
#4246 = DIRECTION('',(-0.,1.,0.));
#4247 = DIRECTION('',(0.,0.,1.));
#4248 = ADVANCED_FACE('',(#4249),#4274,.F.);
#4249 = FACE_BOUND('',#4250,.F.);
#4250 = EDGE_LOOP('',(#4251,#4252,#4260,#4268));
#4251 = ORIENTED_EDGE('',*,*,#4190,.F.);
#4252 = ORIENTED_EDGE('',*,*,#4253,.T.);
#4253 = EDGE_CURVE('',#4191,#4254,#4256,.T.);
#4254 = VERTEX_POINT('',#4255);
#4255 = CARTESIAN_POINT('',(58.,111.,3.8));
#4256 = LINE('',#4257,#4258);
#4257 = CARTESIAN_POINT('',(58.,79.,3.8));
#4258 = VECTOR('',#4259,1.);
#4259 = DIRECTION('',(-0.,1.,0.));
#4260 = ORIENTED_EDGE('',*,*,#4261,.T.);
#4261 = EDGE_CURVE('',#4254,#4262,#4264,.T.);
#4262 = VERTEX_POINT('',#4263);
#4263 = CARTESIAN_POINT('',(58.,111.,15.8));
#4264 = LINE('',#4265,#4266);
#4265 = CARTESIAN_POINT('',(58.,111.,3.8));
#4266 = VECTOR('',#4267,1.);
#4267 = DIRECTION('',(0.,0.,1.));
#4268 = ORIENTED_EDGE('',*,*,#4269,.F.);
#4269 = EDGE_CURVE('',#4180,#4262,#4270,.T.);
#4270 = LINE('',#4271,#4272);
#4271 = CARTESIAN_POINT('',(58.,79.,15.8));
#4272 = VECTOR('',#4273,1.);
#4273 = DIRECTION('',(-0.,1.,0.));
#4274 = PLANE('',#4275);
#4275 = AXIS2_PLACEMENT_3D('',#4276,#4277,#4278);
#4276 = CARTESIAN_POINT('',(58.,79.,3.8));
#4277 = DIRECTION('',(1.,0.,-0.));
#4278 = DIRECTION('',(0.,0.,1.));
#4279 = ADVANCED_FACE('',(#4280),#4307,.T.);
#4280 = FACE_BOUND('',#4281,.T.);
#4281 = EDGE_LOOP('',(#4282,#4291,#4292,#4301));
#4282 = ORIENTED_EDGE('',*,*,#4283,.F.);
#4283 = EDGE_CURVE('',#4231,#4284,#4286,.T.);
#4284 = VERTEX_POINT('',#4285);
#4285 = CARTESIAN_POINT('',(100.,79.,15.8));
#4286 = CIRCLE('',#4287,5.);
#4287 = AXIS2_PLACEMENT_3D('',#4288,#4289,#4290);
#4288 = CARTESIAN_POINT('',(95.,79.,15.8));
#4289 = DIRECTION('',(0.,0.,1.));
#4290 = DIRECTION('',(1.,0.,-0.));
#4291 = ORIENTED_EDGE('',*,*,#4238,.F.);
#4292 = ORIENTED_EDGE('',*,*,#4293,.T.);
#4293 = EDGE_CURVE('',#4222,#4294,#4296,.T.);
#4294 = VERTEX_POINT('',#4295);
#4295 = CARTESIAN_POINT('',(100.,79.,3.8));
#4296 = CIRCLE('',#4297,5.);
#4297 = AXIS2_PLACEMENT_3D('',#4298,#4299,#4300);
#4298 = CARTESIAN_POINT('',(95.,79.,3.8));
#4299 = DIRECTION('',(0.,0.,1.));
#4300 = DIRECTION('',(1.,0.,-0.));
#4301 = ORIENTED_EDGE('',*,*,#4302,.T.);
#4302 = EDGE_CURVE('',#4294,#4284,#4303,.T.);
#4303 = LINE('',#4304,#4305);
#4304 = CARTESIAN_POINT('',(100.,79.,3.8));
#4305 = VECTOR('',#4306,1.);
#4306 = DIRECTION('',(0.,0.,1.));
#4307 = CYLINDRICAL_SURFACE('',#4308,5.);
#4308 = AXIS2_PLACEMENT_3D('',#4309,#4310,#4311);
#4309 = CARTESIAN_POINT('',(95.,79.,3.8));
#4310 = DIRECTION('',(0.,0.,1.));
#4311 = DIRECTION('',(1.,0.,-0.));
#4312 = ADVANCED_FACE('',(#4313),#4340,.T.);
#4313 = FACE_BOUND('',#4314,.T.);
#4314 = EDGE_LOOP('',(#4315,#4324,#4332,#4339));
#4315 = ORIENTED_EDGE('',*,*,#4316,.F.);
#4316 = EDGE_CURVE('',#4317,#4262,#4319,.T.);
#4317 = VERTEX_POINT('',#4318);
#4318 = CARTESIAN_POINT('',(63.,116.,15.8));
#4319 = CIRCLE('',#4320,5.);
#4320 = AXIS2_PLACEMENT_3D('',#4321,#4322,#4323);
#4321 = CARTESIAN_POINT('',(63.,111.,15.8));
#4322 = DIRECTION('',(0.,0.,1.));
#4323 = DIRECTION('',(1.,0.,-0.));
#4324 = ORIENTED_EDGE('',*,*,#4325,.F.);
#4325 = EDGE_CURVE('',#4326,#4317,#4328,.T.);
#4326 = VERTEX_POINT('',#4327);
#4327 = CARTESIAN_POINT('',(63.,116.,3.8));
#4328 = LINE('',#4329,#4330);
#4329 = CARTESIAN_POINT('',(63.,116.,3.8));
#4330 = VECTOR('',#4331,1.);
#4331 = DIRECTION('',(0.,0.,1.));
#4332 = ORIENTED_EDGE('',*,*,#4333,.T.);
#4333 = EDGE_CURVE('',#4326,#4254,#4334,.T.);
#4334 = CIRCLE('',#4335,5.);
#4335 = AXIS2_PLACEMENT_3D('',#4336,#4337,#4338);
#4336 = CARTESIAN_POINT('',(63.,111.,3.8));
#4337 = DIRECTION('',(0.,0.,1.));
#4338 = DIRECTION('',(1.,0.,-0.));
#4339 = ORIENTED_EDGE('',*,*,#4261,.T.);
#4340 = CYLINDRICAL_SURFACE('',#4341,5.);
#4341 = AXIS2_PLACEMENT_3D('',#4342,#4343,#4344);
#4342 = CARTESIAN_POINT('',(63.,111.,3.8));
#4343 = DIRECTION('',(0.,0.,1.));
#4344 = DIRECTION('',(1.,0.,-0.));
#4345 = ADVANCED_FACE('',(#4346),#4371,.T.);
#4346 = FACE_BOUND('',#4347,.T.);
#4347 = EDGE_LOOP('',(#4348,#4356,#4357,#4365));
#4348 = ORIENTED_EDGE('',*,*,#4349,.F.);
#4349 = EDGE_CURVE('',#4326,#4350,#4352,.T.);
#4350 = VERTEX_POINT('',#4351);
#4351 = CARTESIAN_POINT('',(95.,116.,3.8));
#4352 = LINE('',#4353,#4354);
#4353 = CARTESIAN_POINT('',(63.,116.,3.8));
#4354 = VECTOR('',#4355,1.);
#4355 = DIRECTION('',(1.,0.,-0.));
#4356 = ORIENTED_EDGE('',*,*,#4325,.T.);
#4357 = ORIENTED_EDGE('',*,*,#4358,.T.);
#4358 = EDGE_CURVE('',#4317,#4359,#4361,.T.);
#4359 = VERTEX_POINT('',#4360);
#4360 = CARTESIAN_POINT('',(95.,116.,15.8));
#4361 = LINE('',#4362,#4363);
#4362 = CARTESIAN_POINT('',(63.,116.,15.8));
#4363 = VECTOR('',#4364,1.);
#4364 = DIRECTION('',(1.,0.,-0.));
#4365 = ORIENTED_EDGE('',*,*,#4366,.F.);
#4366 = EDGE_CURVE('',#4350,#4359,#4367,.T.);
#4367 = LINE('',#4368,#4369);
#4368 = CARTESIAN_POINT('',(95.,116.,3.8));
#4369 = VECTOR('',#4370,1.);
#4370 = DIRECTION('',(0.,0.,1.));
#4371 = PLANE('',#4372);
#4372 = AXIS2_PLACEMENT_3D('',#4373,#4374,#4375);
#4373 = CARTESIAN_POINT('',(63.,116.,3.8));
#4374 = DIRECTION('',(-0.,1.,0.));
#4375 = DIRECTION('',(0.,0.,1.));
#4376 = ADVANCED_FACE('',(#4377),#4402,.T.);
#4377 = FACE_BOUND('',#4378,.T.);
#4378 = EDGE_LOOP('',(#4379,#4380,#4388,#4396));
#4379 = ORIENTED_EDGE('',*,*,#4302,.F.);
#4380 = ORIENTED_EDGE('',*,*,#4381,.T.);
#4381 = EDGE_CURVE('',#4294,#4382,#4384,.T.);
#4382 = VERTEX_POINT('',#4383);
#4383 = CARTESIAN_POINT('',(100.,111.,3.8));
#4384 = LINE('',#4385,#4386);
#4385 = CARTESIAN_POINT('',(100.,79.,3.8));
#4386 = VECTOR('',#4387,1.);
#4387 = DIRECTION('',(-0.,1.,0.));
#4388 = ORIENTED_EDGE('',*,*,#4389,.T.);
#4389 = EDGE_CURVE('',#4382,#4390,#4392,.T.);
#4390 = VERTEX_POINT('',#4391);
#4391 = CARTESIAN_POINT('',(100.,111.,15.8));
#4392 = LINE('',#4393,#4394);
#4393 = CARTESIAN_POINT('',(100.,111.,3.8));
#4394 = VECTOR('',#4395,1.);
#4395 = DIRECTION('',(0.,0.,1.));
#4396 = ORIENTED_EDGE('',*,*,#4397,.F.);
#4397 = EDGE_CURVE('',#4284,#4390,#4398,.T.);
#4398 = LINE('',#4399,#4400);
#4399 = CARTESIAN_POINT('',(100.,79.,15.8));
#4400 = VECTOR('',#4401,1.);
#4401 = DIRECTION('',(-0.,1.,0.));
#4402 = PLANE('',#4403);
#4403 = AXIS2_PLACEMENT_3D('',#4404,#4405,#4406);
#4404 = CARTESIAN_POINT('',(100.,79.,3.8));
#4405 = DIRECTION('',(1.,0.,-0.));
#4406 = DIRECTION('',(0.,0.,1.));
#4407 = ADVANCED_FACE('',(#4408),#4426,.T.);
#4408 = FACE_BOUND('',#4409,.T.);
#4409 = EDGE_LOOP('',(#4410,#4417,#4418,#4425));
#4410 = ORIENTED_EDGE('',*,*,#4411,.F.);
#4411 = EDGE_CURVE('',#4390,#4359,#4412,.T.);
#4412 = CIRCLE('',#4413,5.);
#4413 = AXIS2_PLACEMENT_3D('',#4414,#4415,#4416);
#4414 = CARTESIAN_POINT('',(95.,111.,15.8));
#4415 = DIRECTION('',(0.,0.,1.));
#4416 = DIRECTION('',(1.,0.,-0.));
#4417 = ORIENTED_EDGE('',*,*,#4389,.F.);
#4418 = ORIENTED_EDGE('',*,*,#4419,.T.);
#4419 = EDGE_CURVE('',#4382,#4350,#4420,.T.);
#4420 = CIRCLE('',#4421,5.);
#4421 = AXIS2_PLACEMENT_3D('',#4422,#4423,#4424);
#4422 = CARTESIAN_POINT('',(95.,111.,3.8));
#4423 = DIRECTION('',(0.,0.,1.));
#4424 = DIRECTION('',(1.,0.,-0.));
#4425 = ORIENTED_EDGE('',*,*,#4366,.T.);
#4426 = CYLINDRICAL_SURFACE('',#4427,5.);
#4427 = AXIS2_PLACEMENT_3D('',#4428,#4429,#4430);
#4428 = CARTESIAN_POINT('',(95.,111.,3.8));
#4429 = DIRECTION('',(0.,0.,1.));
#4430 = DIRECTION('',(1.,0.,-0.));
#4431 = ADVANCED_FACE('',(#4432),#4442,.T.);
#4432 = FACE_BOUND('',#4433,.T.);
#4433 = EDGE_LOOP('',(#4434,#4435,#4436,#4437,#4438,#4439,#4440,#4441));
#4434 = ORIENTED_EDGE('',*,*,#4179,.T.);
#4435 = ORIENTED_EDGE('',*,*,#4230,.T.);
#4436 = ORIENTED_EDGE('',*,*,#4283,.T.);
#4437 = ORIENTED_EDGE('',*,*,#4397,.T.);
#4438 = ORIENTED_EDGE('',*,*,#4411,.T.);
#4439 = ORIENTED_EDGE('',*,*,#4358,.F.);
#4440 = ORIENTED_EDGE('',*,*,#4316,.T.);
#4441 = ORIENTED_EDGE('',*,*,#4269,.F.);
#4442 = PLANE('',#4443);
#4443 = AXIS2_PLACEMENT_3D('',#4444,#4445,#4446);
#4444 = CARTESIAN_POINT('',(79.,95.,15.8));
#4445 = DIRECTION('',(0.,0.,1.));
#4446 = DIRECTION('',(1.,0.,-0.));
#4447 = ADVANCED_FACE('',(#4448),#4458,.T.);
#4448 = FACE_BOUND('',#4449,.T.);
#4449 = EDGE_LOOP('',(#4450,#4451,#4452,#4453,#4454,#4455,#4456,#4457));
#4450 = ORIENTED_EDGE('',*,*,#4198,.F.);
#4451 = ORIENTED_EDGE('',*,*,#4253,.T.);
#4452 = ORIENTED_EDGE('',*,*,#4333,.F.);
#4453 = ORIENTED_EDGE('',*,*,#4349,.T.);
#4454 = ORIENTED_EDGE('',*,*,#4419,.F.);
#4455 = ORIENTED_EDGE('',*,*,#4381,.F.);
#4456 = ORIENTED_EDGE('',*,*,#4293,.F.);
#4457 = ORIENTED_EDGE('',*,*,#4221,.F.);
#4458 = PLANE('',#4459);
#4459 = AXIS2_PLACEMENT_3D('',#4460,#4461,#4462);
#4460 = CARTESIAN_POINT('',(79.,95.,3.8));
#4461 = DIRECTION('',(-0.,-0.,-1.));
#4462 = DIRECTION('',(-1.,0.,0.));
#4463 = ( GEOMETRIC_REPRESENTATION_CONTEXT(3) 
GLOBAL_UNCERTAINTY_ASSIGNED_CONTEXT((#4467)) 
GLOBAL_UNIT_ASSIGNED_CONTEXT((#4464,#4465,#4466)) REPRESENTATION_CONTEXT
('Context #1','3D Context with UNIT and UNCERTAINTY') );
#4464 = ( LENGTH_UNIT() NAMED_UNIT(*) SI_UNIT(.MILLI.,.METRE.) );
#4465 = ( NAMED_UNIT(*) PLANE_ANGLE_UNIT() SI_UNIT($,.RADIAN.) );
#4466 = ( NAMED_UNIT(*) SI_UNIT($,.STERADIAN.) SOLID_ANGLE_UNIT() );
#4467 = UNCERTAINTY_MEASURE_WITH_UNIT(LENGTH_MEASURE(1.E-07),#4464,
  'distance_accuracy_value','confusion accuracy');
#4468 = CONTEXT_DEPENDENT_SHAPE_REPRESENTATION(#4469,#4471);
#4469 = ( REPRESENTATION_RELATIONSHIP('','',#4172,#10) 
REPRESENTATION_RELATIONSHIP_WITH_TRANSFORMATION(#4470) 
SHAPE_REPRESENTATION_RELATIONSHIP() );
#4470 = ITEM_DEFINED_TRANSFORMATION('','',#11,#47);
#4471 = PRODUCT_DEFINITION_SHAPE('Placement','Placement of an item',
  #4472);
#4472 = NEXT_ASSEMBLY_USAGE_OCCURRENCE('9',
  'Isolated water-based ink pad case','',#5,#4167,$);
#4473 = PRODUCT_RELATED_PRODUCT_CATEGORY('part',$,(#4169));
#4474 = SHAPE_DEFINITION_REPRESENTATION(#4475,#4481);
#4475 = PRODUCT_DEFINITION_SHAPE('','',#4476);
#4476 = PRODUCT_DEFINITION('design','',#4477,#4480);
#4477 = PRODUCT_DEFINITION_FORMATION('','',#4478);
#4478 = PRODUCT('Folded 480 × 330 mm route-map proxy',
  'Folded 480 × 330 mm route-map proxy','',(#4479));
#4479 = PRODUCT_CONTEXT('',#2,'mechanical');
#4480 = PRODUCT_DEFINITION_CONTEXT('part definition',#2,'design');
#4481 = ADVANCED_BREP_SHAPE_REPRESENTATION('',(#11,#4482),#4772);
#4482 = MANIFOLD_SOLID_BREP('',#4483);
#4483 = CLOSED_SHELL('',(#4484,#4526,#4557,#4588,#4621,#4654,#4685,#4716
    ,#4740,#4756));
#4484 = ADVANCED_FACE('',(#4485),#4521,.T.);
#4485 = FACE_BOUND('',#4486,.T.);
#4486 = EDGE_LOOP('',(#4487,#4498,#4506,#4515));
#4487 = ORIENTED_EDGE('',*,*,#4488,.F.);
#4488 = EDGE_CURVE('',#4489,#4491,#4493,.T.);
#4489 = VERTEX_POINT('',#4490);
#4490 = CARTESIAN_POINT('',(5.,9.,28.2));
#4491 = VERTEX_POINT('',#4492);
#4492 = CARTESIAN_POINT('',(9.,5.,28.2));
#4493 = CIRCLE('',#4494,4.);
#4494 = AXIS2_PLACEMENT_3D('',#4495,#4496,#4497);
#4495 = CARTESIAN_POINT('',(9.,9.,28.2));
#4496 = DIRECTION('',(0.,0.,1.));
#4497 = DIRECTION('',(1.,0.,-0.));
#4498 = ORIENTED_EDGE('',*,*,#4499,.F.);
#4499 = EDGE_CURVE('',#4500,#4489,#4502,.T.);
#4500 = VERTEX_POINT('',#4501);
#4501 = CARTESIAN_POINT('',(5.,9.,27.));
#4502 = LINE('',#4503,#4504);
#4503 = CARTESIAN_POINT('',(5.,9.,27.));
#4504 = VECTOR('',#4505,1.);
#4505 = DIRECTION('',(0.,0.,1.));
#4506 = ORIENTED_EDGE('',*,*,#4507,.T.);
#4507 = EDGE_CURVE('',#4500,#4508,#4510,.T.);
#4508 = VERTEX_POINT('',#4509);
#4509 = CARTESIAN_POINT('',(9.,5.,27.));
#4510 = CIRCLE('',#4511,4.);
#4511 = AXIS2_PLACEMENT_3D('',#4512,#4513,#4514);
#4512 = CARTESIAN_POINT('',(9.,9.,27.));
#4513 = DIRECTION('',(0.,0.,1.));
#4514 = DIRECTION('',(1.,0.,-0.));
#4515 = ORIENTED_EDGE('',*,*,#4516,.T.);
#4516 = EDGE_CURVE('',#4508,#4491,#4517,.T.);
#4517 = LINE('',#4518,#4519);
#4518 = CARTESIAN_POINT('',(9.,5.,27.));
#4519 = VECTOR('',#4520,1.);
#4520 = DIRECTION('',(0.,0.,1.));
#4521 = CYLINDRICAL_SURFACE('',#4522,4.);
#4522 = AXIS2_PLACEMENT_3D('',#4523,#4524,#4525);
#4523 = CARTESIAN_POINT('',(9.,9.,27.));
#4524 = DIRECTION('',(0.,0.,1.));
#4525 = DIRECTION('',(1.,0.,-0.));
#4526 = ADVANCED_FACE('',(#4527),#4552,.F.);
#4527 = FACE_BOUND('',#4528,.F.);
#4528 = EDGE_LOOP('',(#4529,#4537,#4538,#4546));
#4529 = ORIENTED_EDGE('',*,*,#4530,.F.);
#4530 = EDGE_CURVE('',#4508,#4531,#4533,.T.);
#4531 = VERTEX_POINT('',#4532);
#4532 = CARTESIAN_POINT('',(156.,5.,27.));
#4533 = LINE('',#4534,#4535);
#4534 = CARTESIAN_POINT('',(9.,5.,27.));
#4535 = VECTOR('',#4536,1.);
#4536 = DIRECTION('',(1.,0.,-0.));
#4537 = ORIENTED_EDGE('',*,*,#4516,.T.);
#4538 = ORIENTED_EDGE('',*,*,#4539,.T.);
#4539 = EDGE_CURVE('',#4491,#4540,#4542,.T.);
#4540 = VERTEX_POINT('',#4541);
#4541 = CARTESIAN_POINT('',(156.,5.,28.2));
#4542 = LINE('',#4543,#4544);
#4543 = CARTESIAN_POINT('',(9.,5.,28.2));
#4544 = VECTOR('',#4545,1.);
#4545 = DIRECTION('',(1.,0.,-0.));
#4546 = ORIENTED_EDGE('',*,*,#4547,.F.);
#4547 = EDGE_CURVE('',#4531,#4540,#4548,.T.);
#4548 = LINE('',#4549,#4550);
#4549 = CARTESIAN_POINT('',(156.,5.,27.));
#4550 = VECTOR('',#4551,1.);
#4551 = DIRECTION('',(0.,0.,1.));
#4552 = PLANE('',#4553);
#4553 = AXIS2_PLACEMENT_3D('',#4554,#4555,#4556);
#4554 = CARTESIAN_POINT('',(9.,5.,27.));
#4555 = DIRECTION('',(-0.,1.,0.));
#4556 = DIRECTION('',(0.,0.,1.));
#4557 = ADVANCED_FACE('',(#4558),#4583,.F.);
#4558 = FACE_BOUND('',#4559,.F.);
#4559 = EDGE_LOOP('',(#4560,#4561,#4569,#4577));
#4560 = ORIENTED_EDGE('',*,*,#4499,.F.);
#4561 = ORIENTED_EDGE('',*,*,#4562,.T.);
#4562 = EDGE_CURVE('',#4500,#4563,#4565,.T.);
#4563 = VERTEX_POINT('',#4564);
#4564 = CARTESIAN_POINT('',(5.,111.,27.));
#4565 = LINE('',#4566,#4567);
#4566 = CARTESIAN_POINT('',(5.,9.,27.));
#4567 = VECTOR('',#4568,1.);
#4568 = DIRECTION('',(-0.,1.,0.));
#4569 = ORIENTED_EDGE('',*,*,#4570,.T.);
#4570 = EDGE_CURVE('',#4563,#4571,#4573,.T.);
#4571 = VERTEX_POINT('',#4572);
#4572 = CARTESIAN_POINT('',(5.,111.,28.2));
#4573 = LINE('',#4574,#4575);
#4574 = CARTESIAN_POINT('',(5.,111.,27.));
#4575 = VECTOR('',#4576,1.);
#4576 = DIRECTION('',(0.,0.,1.));
#4577 = ORIENTED_EDGE('',*,*,#4578,.F.);
#4578 = EDGE_CURVE('',#4489,#4571,#4579,.T.);
#4579 = LINE('',#4580,#4581);
#4580 = CARTESIAN_POINT('',(5.,9.,28.2));
#4581 = VECTOR('',#4582,1.);
#4582 = DIRECTION('',(-0.,1.,0.));
#4583 = PLANE('',#4584);
#4584 = AXIS2_PLACEMENT_3D('',#4585,#4586,#4587);
#4585 = CARTESIAN_POINT('',(5.,9.,27.));
#4586 = DIRECTION('',(1.,0.,-0.));
#4587 = DIRECTION('',(0.,0.,1.));
#4588 = ADVANCED_FACE('',(#4589),#4616,.T.);
#4589 = FACE_BOUND('',#4590,.T.);
#4590 = EDGE_LOOP('',(#4591,#4600,#4601,#4610));
#4591 = ORIENTED_EDGE('',*,*,#4592,.F.);
#4592 = EDGE_CURVE('',#4540,#4593,#4595,.T.);
#4593 = VERTEX_POINT('',#4594);
#4594 = CARTESIAN_POINT('',(160.,9.,28.2));
#4595 = CIRCLE('',#4596,4.);
#4596 = AXIS2_PLACEMENT_3D('',#4597,#4598,#4599);
#4597 = CARTESIAN_POINT('',(156.,9.,28.2));
#4598 = DIRECTION('',(0.,0.,1.));
#4599 = DIRECTION('',(1.,0.,-0.));
#4600 = ORIENTED_EDGE('',*,*,#4547,.F.);
#4601 = ORIENTED_EDGE('',*,*,#4602,.T.);
#4602 = EDGE_CURVE('',#4531,#4603,#4605,.T.);
#4603 = VERTEX_POINT('',#4604);
#4604 = CARTESIAN_POINT('',(160.,9.,27.));
#4605 = CIRCLE('',#4606,4.);
#4606 = AXIS2_PLACEMENT_3D('',#4607,#4608,#4609);
#4607 = CARTESIAN_POINT('',(156.,9.,27.));
#4608 = DIRECTION('',(0.,0.,1.));
#4609 = DIRECTION('',(1.,0.,-0.));
#4610 = ORIENTED_EDGE('',*,*,#4611,.T.);
#4611 = EDGE_CURVE('',#4603,#4593,#4612,.T.);
#4612 = LINE('',#4613,#4614);
#4613 = CARTESIAN_POINT('',(160.,9.,27.));
#4614 = VECTOR('',#4615,1.);
#4615 = DIRECTION('',(0.,0.,1.));
#4616 = CYLINDRICAL_SURFACE('',#4617,4.);
#4617 = AXIS2_PLACEMENT_3D('',#4618,#4619,#4620);
#4618 = CARTESIAN_POINT('',(156.,9.,27.));
#4619 = DIRECTION('',(0.,0.,1.));
#4620 = DIRECTION('',(1.,0.,-0.));
#4621 = ADVANCED_FACE('',(#4622),#4649,.T.);
#4622 = FACE_BOUND('',#4623,.T.);
#4623 = EDGE_LOOP('',(#4624,#4633,#4641,#4648));
#4624 = ORIENTED_EDGE('',*,*,#4625,.F.);
#4625 = EDGE_CURVE('',#4626,#4571,#4628,.T.);
#4626 = VERTEX_POINT('',#4627);
#4627 = CARTESIAN_POINT('',(9.,115.,28.2));
#4628 = CIRCLE('',#4629,4.);
#4629 = AXIS2_PLACEMENT_3D('',#4630,#4631,#4632);
#4630 = CARTESIAN_POINT('',(9.,111.,28.2));
#4631 = DIRECTION('',(0.,0.,1.));
#4632 = DIRECTION('',(1.,0.,-0.));
#4633 = ORIENTED_EDGE('',*,*,#4634,.F.);
#4634 = EDGE_CURVE('',#4635,#4626,#4637,.T.);
#4635 = VERTEX_POINT('',#4636);
#4636 = CARTESIAN_POINT('',(9.,115.,27.));
#4637 = LINE('',#4638,#4639);
#4638 = CARTESIAN_POINT('',(9.,115.,27.));
#4639 = VECTOR('',#4640,1.);
#4640 = DIRECTION('',(0.,0.,1.));
#4641 = ORIENTED_EDGE('',*,*,#4642,.T.);
#4642 = EDGE_CURVE('',#4635,#4563,#4643,.T.);
#4643 = CIRCLE('',#4644,4.);
#4644 = AXIS2_PLACEMENT_3D('',#4645,#4646,#4647);
#4645 = CARTESIAN_POINT('',(9.,111.,27.));
#4646 = DIRECTION('',(0.,0.,1.));
#4647 = DIRECTION('',(1.,0.,-0.));
#4648 = ORIENTED_EDGE('',*,*,#4570,.T.);
#4649 = CYLINDRICAL_SURFACE('',#4650,4.);
#4650 = AXIS2_PLACEMENT_3D('',#4651,#4652,#4653);
#4651 = CARTESIAN_POINT('',(9.,111.,27.));
#4652 = DIRECTION('',(0.,0.,1.));
#4653 = DIRECTION('',(1.,0.,-0.));
#4654 = ADVANCED_FACE('',(#4655),#4680,.T.);
#4655 = FACE_BOUND('',#4656,.T.);
#4656 = EDGE_LOOP('',(#4657,#4665,#4666,#4674));
#4657 = ORIENTED_EDGE('',*,*,#4658,.F.);
#4658 = EDGE_CURVE('',#4635,#4659,#4661,.T.);
#4659 = VERTEX_POINT('',#4660);
#4660 = CARTESIAN_POINT('',(156.,115.,27.));
#4661 = LINE('',#4662,#4663);
#4662 = CARTESIAN_POINT('',(9.,115.,27.));
#4663 = VECTOR('',#4664,1.);
#4664 = DIRECTION('',(1.,0.,-0.));
#4665 = ORIENTED_EDGE('',*,*,#4634,.T.);
#4666 = ORIENTED_EDGE('',*,*,#4667,.T.);
#4667 = EDGE_CURVE('',#4626,#4668,#4670,.T.);
#4668 = VERTEX_POINT('',#4669);
#4669 = CARTESIAN_POINT('',(156.,115.,28.2));
#4670 = LINE('',#4671,#4672);
#4671 = CARTESIAN_POINT('',(9.,115.,28.2));
#4672 = VECTOR('',#4673,1.);
#4673 = DIRECTION('',(1.,0.,-0.));
#4674 = ORIENTED_EDGE('',*,*,#4675,.F.);
#4675 = EDGE_CURVE('',#4659,#4668,#4676,.T.);
#4676 = LINE('',#4677,#4678);
#4677 = CARTESIAN_POINT('',(156.,115.,27.));
#4678 = VECTOR('',#4679,1.);
#4679 = DIRECTION('',(0.,0.,1.));
#4680 = PLANE('',#4681);
#4681 = AXIS2_PLACEMENT_3D('',#4682,#4683,#4684);
#4682 = CARTESIAN_POINT('',(9.,115.,27.));
#4683 = DIRECTION('',(-0.,1.,0.));
#4684 = DIRECTION('',(0.,0.,1.));
#4685 = ADVANCED_FACE('',(#4686),#4711,.T.);
#4686 = FACE_BOUND('',#4687,.T.);
#4687 = EDGE_LOOP('',(#4688,#4689,#4697,#4705));
#4688 = ORIENTED_EDGE('',*,*,#4611,.F.);
#4689 = ORIENTED_EDGE('',*,*,#4690,.T.);
#4690 = EDGE_CURVE('',#4603,#4691,#4693,.T.);
#4691 = VERTEX_POINT('',#4692);
#4692 = CARTESIAN_POINT('',(160.,111.,27.));
#4693 = LINE('',#4694,#4695);
#4694 = CARTESIAN_POINT('',(160.,9.,27.));
#4695 = VECTOR('',#4696,1.);
#4696 = DIRECTION('',(-0.,1.,0.));
#4697 = ORIENTED_EDGE('',*,*,#4698,.T.);
#4698 = EDGE_CURVE('',#4691,#4699,#4701,.T.);
#4699 = VERTEX_POINT('',#4700);
#4700 = CARTESIAN_POINT('',(160.,111.,28.2));
#4701 = LINE('',#4702,#4703);
#4702 = CARTESIAN_POINT('',(160.,111.,27.));
#4703 = VECTOR('',#4704,1.);
#4704 = DIRECTION('',(0.,0.,1.));
#4705 = ORIENTED_EDGE('',*,*,#4706,.F.);
#4706 = EDGE_CURVE('',#4593,#4699,#4707,.T.);
#4707 = LINE('',#4708,#4709);
#4708 = CARTESIAN_POINT('',(160.,9.,28.2));
#4709 = VECTOR('',#4710,1.);
#4710 = DIRECTION('',(-0.,1.,0.));
#4711 = PLANE('',#4712);
#4712 = AXIS2_PLACEMENT_3D('',#4713,#4714,#4715);
#4713 = CARTESIAN_POINT('',(160.,9.,27.));
#4714 = DIRECTION('',(1.,0.,-0.));
#4715 = DIRECTION('',(0.,0.,1.));
#4716 = ADVANCED_FACE('',(#4717),#4735,.T.);
#4717 = FACE_BOUND('',#4718,.T.);
#4718 = EDGE_LOOP('',(#4719,#4726,#4727,#4734));
#4719 = ORIENTED_EDGE('',*,*,#4720,.F.);
#4720 = EDGE_CURVE('',#4699,#4668,#4721,.T.);
#4721 = CIRCLE('',#4722,4.);
#4722 = AXIS2_PLACEMENT_3D('',#4723,#4724,#4725);
#4723 = CARTESIAN_POINT('',(156.,111.,28.2));
#4724 = DIRECTION('',(0.,0.,1.));
#4725 = DIRECTION('',(1.,0.,-0.));
#4726 = ORIENTED_EDGE('',*,*,#4698,.F.);
#4727 = ORIENTED_EDGE('',*,*,#4728,.T.);
#4728 = EDGE_CURVE('',#4691,#4659,#4729,.T.);
#4729 = CIRCLE('',#4730,4.);
#4730 = AXIS2_PLACEMENT_3D('',#4731,#4732,#4733);
#4731 = CARTESIAN_POINT('',(156.,111.,27.));
#4732 = DIRECTION('',(0.,0.,1.));
#4733 = DIRECTION('',(1.,0.,-0.));
#4734 = ORIENTED_EDGE('',*,*,#4675,.T.);
#4735 = CYLINDRICAL_SURFACE('',#4736,4.);
#4736 = AXIS2_PLACEMENT_3D('',#4737,#4738,#4739);
#4737 = CARTESIAN_POINT('',(156.,111.,27.));
#4738 = DIRECTION('',(0.,0.,1.));
#4739 = DIRECTION('',(1.,0.,-0.));
#4740 = ADVANCED_FACE('',(#4741),#4751,.T.);
#4741 = FACE_BOUND('',#4742,.T.);
#4742 = EDGE_LOOP('',(#4743,#4744,#4745,#4746,#4747,#4748,#4749,#4750));
#4743 = ORIENTED_EDGE('',*,*,#4488,.T.);
#4744 = ORIENTED_EDGE('',*,*,#4539,.T.);
#4745 = ORIENTED_EDGE('',*,*,#4592,.T.);
#4746 = ORIENTED_EDGE('',*,*,#4706,.T.);
#4747 = ORIENTED_EDGE('',*,*,#4720,.T.);
#4748 = ORIENTED_EDGE('',*,*,#4667,.F.);
#4749 = ORIENTED_EDGE('',*,*,#4625,.T.);
#4750 = ORIENTED_EDGE('',*,*,#4578,.F.);
#4751 = PLANE('',#4752);
#4752 = AXIS2_PLACEMENT_3D('',#4753,#4754,#4755);
#4753 = CARTESIAN_POINT('',(82.5,60.,28.2));
#4754 = DIRECTION('',(0.,0.,1.));
#4755 = DIRECTION('',(1.,0.,-0.));
#4756 = ADVANCED_FACE('',(#4757),#4767,.T.);
#4757 = FACE_BOUND('',#4758,.T.);
#4758 = EDGE_LOOP('',(#4759,#4760,#4761,#4762,#4763,#4764,#4765,#4766));
#4759 = ORIENTED_EDGE('',*,*,#4507,.F.);
#4760 = ORIENTED_EDGE('',*,*,#4562,.T.);
#4761 = ORIENTED_EDGE('',*,*,#4642,.F.);
#4762 = ORIENTED_EDGE('',*,*,#4658,.T.);
#4763 = ORIENTED_EDGE('',*,*,#4728,.F.);
#4764 = ORIENTED_EDGE('',*,*,#4690,.F.);
#4765 = ORIENTED_EDGE('',*,*,#4602,.F.);
#4766 = ORIENTED_EDGE('',*,*,#4530,.F.);
#4767 = PLANE('',#4768);
#4768 = AXIS2_PLACEMENT_3D('',#4769,#4770,#4771);
#4769 = CARTESIAN_POINT('',(82.5,60.,27.));
#4770 = DIRECTION('',(-0.,-0.,-1.));
#4771 = DIRECTION('',(-1.,0.,0.));
#4772 = ( GEOMETRIC_REPRESENTATION_CONTEXT(3) 
GLOBAL_UNCERTAINTY_ASSIGNED_CONTEXT((#4776)) 
GLOBAL_UNIT_ASSIGNED_CONTEXT((#4773,#4774,#4775)) REPRESENTATION_CONTEXT
('Context #1','3D Context with UNIT and UNCERTAINTY') );
#4773 = ( LENGTH_UNIT() NAMED_UNIT(*) SI_UNIT(.MILLI.,.METRE.) );
#4774 = ( NAMED_UNIT(*) PLANE_ANGLE_UNIT() SI_UNIT($,.RADIAN.) );
#4775 = ( NAMED_UNIT(*) SI_UNIT($,.STERADIAN.) SOLID_ANGLE_UNIT() );
#4776 = UNCERTAINTY_MEASURE_WITH_UNIT(LENGTH_MEASURE(1.E-07),#4773,
  'distance_accuracy_value','confusion accuracy');
#4777 = CONTEXT_DEPENDENT_SHAPE_REPRESENTATION(#4778,#4780);
#4778 = ( REPRESENTATION_RELATIONSHIP('','',#4481,#10) 
REPRESENTATION_RELATIONSHIP_WITH_TRANSFORMATION(#4779) 
SHAPE_REPRESENTATION_RELATIONSHIP() );
#4779 = ITEM_DEFINED_TRANSFORMATION('','',#11,#51);
#4780 = PRODUCT_DEFINITION_SHAPE('Placement','Placement of an item',
  #4781);
#4781 = NEXT_ASSEMBLY_USAGE_OCCURRENCE('10',
  'Folded 480 × 330 mm route-map proxy','',#5,#4476,$);
#4782 = PRODUCT_RELATED_PRODUCT_CATEGORY('part',$,(#4478));
ENDSEC;
END-ISO-10303-21;
