ISO-10303-21;
HEADER;
FILE_DESCRIPTION(('FreeCAD Model'),'2;1');
FILE_NAME('Open CASCADE Shape Model','2026-10-01T09:14:23',('Author'),(
    ''),'Open CASCADE STEP processor 7.8','FreeCAD','Unknown');
FILE_SCHEMA(('AUTOMOTIVE_DESIGN { 1 0 10303 214 1 1 1 1 }'));
ENDSEC;
DATA;
#1 = APPLICATION_PROTOCOL_DEFINITION('international standard',
  'automotive_design',2000,#2);
#2 = APPLICATION_CONTEXT(
  'core data for automotive mechanical design processes');
#3 = SHAPE_DEFINITION_REPRESENTATION(#4,#10);
#4 = PRODUCT_DEFINITION_SHAPE('','',#5);
#5 = PRODUCT_DEFINITION('design','',#6,#9);
#6 = PRODUCT_DEFINITION_FORMATION('','',#7);
#7 = PRODUCT('SuijianCardCase','SuijianCardCase','',(#8));
#8 = PRODUCT_CONTEXT('',#2,'mechanical');
#9 = PRODUCT_DEFINITION_CONTEXT('part definition',#2,'design');
#10 = SHAPE_REPRESENTATION('',(#11,#15,#19,#23,#27,#31),#35);
#11 = AXIS2_PLACEMENT_3D('',#12,#13,#14);
#12 = CARTESIAN_POINT('',(0.,0.,0.));
#13 = DIRECTION('',(0.,0.,1.));
#14 = DIRECTION('',(1.,0.,-0.));
#15 = AXIS2_PLACEMENT_3D('',#16,#17,#18);
#16 = CARTESIAN_POINT('',(0.,0.,0.));
#17 = DIRECTION('',(0.,0.,1.));
#18 = DIRECTION('',(1.,0.,0.));
#19 = AXIS2_PLACEMENT_3D('',#20,#21,#22);
#20 = CARTESIAN_POINT('',(0.,0.,0.));
#21 = DIRECTION('',(0.,0.,1.));
#22 = DIRECTION('',(1.,0.,0.));
#23 = AXIS2_PLACEMENT_3D('',#24,#25,#26);
#24 = CARTESIAN_POINT('',(0.,0.,0.));
#25 = DIRECTION('',(0.,0.,1.));
#26 = DIRECTION('',(1.,0.,0.));
#27 = AXIS2_PLACEMENT_3D('',#28,#29,#30);
#28 = CARTESIAN_POINT('',(0.,0.,0.));
#29 = DIRECTION('',(0.,0.,1.));
#30 = DIRECTION('',(1.,0.,0.));
#31 = AXIS2_PLACEMENT_3D('',#32,#33,#34);
#32 = CARTESIAN_POINT('',(0.,0.,0.));
#33 = DIRECTION('',(0.,0.,1.));
#34 = DIRECTION('',(1.,0.,0.));
#35 = ( GEOMETRIC_REPRESENTATION_CONTEXT(3) 
GLOBAL_UNCERTAINTY_ASSIGNED_CONTEXT((#39)) GLOBAL_UNIT_ASSIGNED_CONTEXT(
(#36,#37,#38)) REPRESENTATION_CONTEXT('Context #1',
  '3D Context with UNIT and UNCERTAINTY') );
#36 = ( LENGTH_UNIT() NAMED_UNIT(*) SI_UNIT(.MILLI.,.METRE.) );
#37 = ( NAMED_UNIT(*) PLANE_ANGLE_UNIT() SI_UNIT($,.RADIAN.) );
#38 = ( NAMED_UNIT(*) SI_UNIT($,.STERADIAN.) SOLID_ANGLE_UNIT() );
#39 = UNCERTAINTY_MEASURE_WITH_UNIT(LENGTH_MEASURE(1.E-07),#36,
  'distance_accuracy_value','confusion accuracy');
#40 = PRODUCT_RELATED_PRODUCT_CATEGORY('part',$,(#7));
#41 = SHAPE_DEFINITION_REPRESENTATION(#42,#48);
#42 = PRODUCT_DEFINITION_SHAPE('','',#43);
#43 = PRODUCT_DEFINITION('design','',#44,#47);
#44 = PRODUCT_DEFINITION_FORMATION('','',#45);
#45 = PRODUCT('Outer Shell — PC+ABS intent',
  'Outer Shell — PC+ABS intent','',(#46));
#46 = PRODUCT_CONTEXT('',#2,'mechanical');
#47 = PRODUCT_DEFINITION_CONTEXT('part definition',#2,'design');
#48 = ADVANCED_BREP_SHAPE_REPRESENTATION('',(#11,#49),#1877);
#49 = MANIFOLD_SOLID_BREP('',#50);
#50 = CLOSED_SHELL('',(#51,#129,#195,#219,#549,#601,#667,#691,#750,#767,
    #793,#810,#841,#858,#881,#912,#936,#960,#977,#1008,#1032,#1056,#1073
    ,#1104,#1128,#1152,#1169,#1200,#1224,#1248,#1265,#1296,#1320,#1344,
    #1361,#1392,#1416,#1440,#1457,#1488,#1512,#1536,#1553,#1584,#1608,
    #1632,#1649,#1680,#1704,#1728,#1745,#1757,#1769,#1781,#1793,#1805,
    #1817,#1829,#1841,#1853,#1865));
#51 = ADVANCED_FACE('',(#52,#88),#124,.T.);
#52 = FACE_BOUND('',#53,.T.);
#53 = EDGE_LOOP('',(#54,#65,#73,#82));
#54 = ORIENTED_EDGE('',*,*,#55,.F.);
#55 = EDGE_CURVE('',#56,#58,#60,.T.);
#56 = VERTEX_POINT('',#57);
#57 = CARTESIAN_POINT('',(0.,8.,14.));
#58 = VERTEX_POINT('',#59);
#59 = CARTESIAN_POINT('',(8.,0.,14.));
#60 = CIRCLE('',#61,8.);
#61 = AXIS2_PLACEMENT_3D('',#62,#63,#64);
#62 = CARTESIAN_POINT('',(8.,8.,14.));
#63 = DIRECTION('',(0.,0.,1.));
#64 = DIRECTION('',(1.,0.,-0.));
#65 = ORIENTED_EDGE('',*,*,#66,.F.);
#66 = EDGE_CURVE('',#67,#56,#69,.T.);
#67 = VERTEX_POINT('',#68);
#68 = CARTESIAN_POINT('',(0.,8.,0.));
#69 = LINE('',#70,#71);
#70 = CARTESIAN_POINT('',(0.,8.,0.));
#71 = VECTOR('',#72,1.);
#72 = DIRECTION('',(0.,0.,1.));
#73 = ORIENTED_EDGE('',*,*,#74,.T.);
#74 = EDGE_CURVE('',#67,#75,#77,.T.);
#75 = VERTEX_POINT('',#76);
#76 = CARTESIAN_POINT('',(8.,0.,0.));
#77 = CIRCLE('',#78,8.);
#78 = AXIS2_PLACEMENT_3D('',#79,#80,#81);
#79 = CARTESIAN_POINT('',(8.,8.,0.));
#80 = DIRECTION('',(0.,0.,1.));
#81 = DIRECTION('',(1.,0.,-0.));
#82 = ORIENTED_EDGE('',*,*,#83,.T.);
#83 = EDGE_CURVE('',#75,#58,#84,.T.);
#84 = LINE('',#85,#86);
#85 = CARTESIAN_POINT('',(8.,0.,0.));
#86 = VECTOR('',#87,1.);
#87 = DIRECTION('',(0.,0.,1.));
#88 = FACE_BOUND('',#89,.T.);
#89 = EDGE_LOOP('',(#90,#101,#109,#118));
#90 = ORIENTED_EDGE('',*,*,#91,.F.);
#91 = EDGE_CURVE('',#92,#94,#96,.T.);
#92 = VERTEX_POINT('',#93);
#93 = CARTESIAN_POINT('',(1.8,2.944310136094,1.8));
#94 = VERTEX_POINT('',#95);
#95 = CARTESIAN_POINT('',(2.944310136094,1.8,1.8));
#96 = CIRCLE('',#97,8.);
#97 = AXIS2_PLACEMENT_3D('',#98,#99,#100);
#98 = CARTESIAN_POINT('',(8.,8.,1.8));
#99 = DIRECTION('',(0.,0.,1.));
#100 = DIRECTION('',(1.,0.,-0.));
#101 = ORIENTED_EDGE('',*,*,#102,.T.);
#102 = EDGE_CURVE('',#92,#103,#105,.T.);
#103 = VERTEX_POINT('',#104);
#104 = CARTESIAN_POINT('',(1.8,2.944310136094,12.2));
#105 = LINE('',#106,#107);
#106 = CARTESIAN_POINT('',(1.8,2.944310136094,0.));
#107 = VECTOR('',#108,1.);
#108 = DIRECTION('',(0.,0.,1.));
#109 = ORIENTED_EDGE('',*,*,#110,.T.);
#110 = EDGE_CURVE('',#103,#111,#113,.T.);
#111 = VERTEX_POINT('',#112);
#112 = CARTESIAN_POINT('',(2.944310136094,1.8,12.2));
#113 = CIRCLE('',#114,8.);
#114 = AXIS2_PLACEMENT_3D('',#115,#116,#117);
#115 = CARTESIAN_POINT('',(8.,8.,12.2));
#116 = DIRECTION('',(0.,0.,1.));
#117 = DIRECTION('',(1.,0.,-0.));
#118 = ORIENTED_EDGE('',*,*,#119,.F.);
#119 = EDGE_CURVE('',#94,#111,#120,.T.);
#120 = LINE('',#121,#122);
#121 = CARTESIAN_POINT('',(2.944310136094,1.8,0.));
#122 = VECTOR('',#123,1.);
#123 = DIRECTION('',(0.,0.,1.));
#124 = CYLINDRICAL_SURFACE('',#125,8.);
#125 = AXIS2_PLACEMENT_3D('',#126,#127,#128);
#126 = CARTESIAN_POINT('',(8.,8.,0.));
#127 = DIRECTION('',(0.,0.,1.));
#128 = DIRECTION('',(1.,0.,-0.));
#129 = ADVANCED_FACE('',(#130),#190,.T.);
#130 = FACE_BOUND('',#131,.T.);
#131 = EDGE_LOOP('',(#132,#133,#141,#150,#158,#167,#175,#184));
#132 = ORIENTED_EDGE('',*,*,#55,.T.);
#133 = ORIENTED_EDGE('',*,*,#134,.T.);
#134 = EDGE_CURVE('',#58,#135,#137,.T.);
#135 = VERTEX_POINT('',#136);
#136 = CARTESIAN_POINT('',(90.,0.,14.));
#137 = LINE('',#138,#139);
#138 = CARTESIAN_POINT('',(8.,0.,14.));
#139 = VECTOR('',#140,1.);
#140 = DIRECTION('',(1.,0.,-0.));
#141 = ORIENTED_EDGE('',*,*,#142,.T.);
#142 = EDGE_CURVE('',#135,#143,#145,.T.);
#143 = VERTEX_POINT('',#144);
#144 = CARTESIAN_POINT('',(98.,8.,14.));
#145 = CIRCLE('',#146,8.);
#146 = AXIS2_PLACEMENT_3D('',#147,#148,#149);
#147 = CARTESIAN_POINT('',(90.,8.,14.));
#148 = DIRECTION('',(0.,0.,1.));
#149 = DIRECTION('',(1.,0.,-0.));
#150 = ORIENTED_EDGE('',*,*,#151,.T.);
#151 = EDGE_CURVE('',#143,#152,#154,.T.);
#152 = VERTEX_POINT('',#153);
#153 = CARTESIAN_POINT('',(98.,57.,14.));
#154 = LINE('',#155,#156);
#155 = CARTESIAN_POINT('',(98.,8.,14.));
#156 = VECTOR('',#157,1.);
#157 = DIRECTION('',(-0.,1.,0.));
#158 = ORIENTED_EDGE('',*,*,#159,.T.);
#159 = EDGE_CURVE('',#152,#160,#162,.T.);
#160 = VERTEX_POINT('',#161);
#161 = CARTESIAN_POINT('',(90.,65.,14.));
#162 = CIRCLE('',#163,8.);
#163 = AXIS2_PLACEMENT_3D('',#164,#165,#166);
#164 = CARTESIAN_POINT('',(90.,57.,14.));
#165 = DIRECTION('',(0.,0.,1.));
#166 = DIRECTION('',(1.,0.,-0.));
#167 = ORIENTED_EDGE('',*,*,#168,.F.);
#168 = EDGE_CURVE('',#169,#160,#171,.T.);
#169 = VERTEX_POINT('',#170);
#170 = CARTESIAN_POINT('',(8.,65.,14.));
#171 = LINE('',#172,#173);
#172 = CARTESIAN_POINT('',(8.,65.,14.));
#173 = VECTOR('',#174,1.);
#174 = DIRECTION('',(1.,0.,-0.));
#175 = ORIENTED_EDGE('',*,*,#176,.T.);
#176 = EDGE_CURVE('',#169,#177,#179,.T.);
#177 = VERTEX_POINT('',#178);
#178 = CARTESIAN_POINT('',(0.,57.,14.));
#179 = CIRCLE('',#180,8.);
#180 = AXIS2_PLACEMENT_3D('',#181,#182,#183);
#181 = CARTESIAN_POINT('',(8.,57.,14.));
#182 = DIRECTION('',(0.,0.,1.));
#183 = DIRECTION('',(1.,0.,-0.));
#184 = ORIENTED_EDGE('',*,*,#185,.F.);
#185 = EDGE_CURVE('',#56,#177,#186,.T.);
#186 = LINE('',#187,#188);
#187 = CARTESIAN_POINT('',(0.,8.,14.));
#188 = VECTOR('',#189,1.);
#189 = DIRECTION('',(-0.,1.,0.));
#190 = PLANE('',#191);
#191 = AXIS2_PLACEMENT_3D('',#192,#193,#194);
#192 = CARTESIAN_POINT('',(49.,32.5,14.));
#193 = DIRECTION('',(0.,0.,1.));
#194 = DIRECTION('',(1.,0.,-0.));
#195 = ADVANCED_FACE('',(#196),#214,.F.);
#196 = FACE_BOUND('',#197,.F.);
#197 = EDGE_LOOP('',(#198,#199,#207,#213));
#198 = ORIENTED_EDGE('',*,*,#66,.F.);
#199 = ORIENTED_EDGE('',*,*,#200,.T.);
#200 = EDGE_CURVE('',#67,#201,#203,.T.);
#201 = VERTEX_POINT('',#202);
#202 = CARTESIAN_POINT('',(0.,57.,0.));
#203 = LINE('',#204,#205);
#204 = CARTESIAN_POINT('',(0.,8.,0.));
#205 = VECTOR('',#206,1.);
#206 = DIRECTION('',(-0.,1.,0.));
#207 = ORIENTED_EDGE('',*,*,#208,.T.);
#208 = EDGE_CURVE('',#201,#177,#209,.T.);
#209 = LINE('',#210,#211);
#210 = CARTESIAN_POINT('',(0.,57.,0.));
#211 = VECTOR('',#212,1.);
#212 = DIRECTION('',(0.,0.,1.));
#213 = ORIENTED_EDGE('',*,*,#185,.F.);
#214 = PLANE('',#215);
#215 = AXIS2_PLACEMENT_3D('',#216,#217,#218);
#216 = CARTESIAN_POINT('',(0.,8.,0.));
#217 = DIRECTION('',(1.,0.,-0.));
#218 = DIRECTION('',(0.,0.,1.));
#219 = ADVANCED_FACE('',(#220,#238,#272,#306,#340,#374,#408,#442,#476,
    #510),#544,.F.);
#220 = FACE_BOUND('',#221,.F.);
#221 = EDGE_LOOP('',(#222,#230,#231,#232));
#222 = ORIENTED_EDGE('',*,*,#223,.F.);
#223 = EDGE_CURVE('',#75,#224,#226,.T.);
#224 = VERTEX_POINT('',#225);
#225 = CARTESIAN_POINT('',(90.,0.,0.));
#226 = LINE('',#227,#228);
#227 = CARTESIAN_POINT('',(8.,0.,0.));
#228 = VECTOR('',#229,1.);
#229 = DIRECTION('',(1.,0.,-0.));
#230 = ORIENTED_EDGE('',*,*,#83,.T.);
#231 = ORIENTED_EDGE('',*,*,#134,.T.);
#232 = ORIENTED_EDGE('',*,*,#233,.F.);
#233 = EDGE_CURVE('',#224,#135,#234,.T.);
#234 = LINE('',#235,#236);
#235 = CARTESIAN_POINT('',(90.,0.,0.));
#236 = VECTOR('',#237,1.);
#237 = DIRECTION('',(0.,0.,1.));
#238 = FACE_BOUND('',#239,.F.);
#239 = EDGE_LOOP('',(#240,#250,#258,#266));
#240 = ORIENTED_EDGE('',*,*,#241,.F.);
#241 = EDGE_CURVE('',#242,#244,#246,.T.);
#242 = VERTEX_POINT('',#243);
#243 = CARTESIAN_POINT('',(24.,0.,7.7));
#244 = VERTEX_POINT('',#245);
#245 = CARTESIAN_POINT('',(26.2,0.,7.7));
#246 = LINE('',#247,#248);
#247 = CARTESIAN_POINT('',(16.,0.,7.7));
#248 = VECTOR('',#249,1.);
#249 = DIRECTION('',(1.,0.,-0.));
#250 = ORIENTED_EDGE('',*,*,#251,.T.);
#251 = EDGE_CURVE('',#242,#252,#254,.T.);
#252 = VERTEX_POINT('',#253);
#253 = CARTESIAN_POINT('',(24.,0.,6.3));
#254 = LINE('',#255,#256);
#255 = CARTESIAN_POINT('',(24.,0.,3.15));
#256 = VECTOR('',#257,1.);
#257 = DIRECTION('',(-0.,0.,-1.));
#258 = ORIENTED_EDGE('',*,*,#259,.T.);
#259 = EDGE_CURVE('',#252,#260,#262,.T.);
#260 = VERTEX_POINT('',#261);
#261 = CARTESIAN_POINT('',(26.2,0.,6.3));
#262 = LINE('',#263,#264);
#263 = CARTESIAN_POINT('',(16.,0.,6.3));
#264 = VECTOR('',#265,1.);
#265 = DIRECTION('',(1.,0.,-0.));
#266 = ORIENTED_EDGE('',*,*,#267,.F.);
#267 = EDGE_CURVE('',#244,#260,#268,.T.);
#268 = LINE('',#269,#270);
#269 = CARTESIAN_POINT('',(26.2,0.,3.15));
#270 = VECTOR('',#271,1.);
#271 = DIRECTION('',(-0.,0.,-1.));
#272 = FACE_BOUND('',#273,.F.);
#273 = EDGE_LOOP('',(#274,#284,#292,#300));
#274 = ORIENTED_EDGE('',*,*,#275,.F.);
#275 = EDGE_CURVE('',#276,#278,#280,.T.);
#276 = VERTEX_POINT('',#277);
#277 = CARTESIAN_POINT('',(29.2,0.,7.7));
#278 = VERTEX_POINT('',#279);
#279 = CARTESIAN_POINT('',(31.4,0.,7.7));
#280 = LINE('',#281,#282);
#281 = CARTESIAN_POINT('',(18.6,0.,7.7));
#282 = VECTOR('',#283,1.);
#283 = DIRECTION('',(1.,0.,-0.));
#284 = ORIENTED_EDGE('',*,*,#285,.T.);
#285 = EDGE_CURVE('',#276,#286,#288,.T.);
#286 = VERTEX_POINT('',#287);
#287 = CARTESIAN_POINT('',(29.2,0.,6.3));
#288 = LINE('',#289,#290);
#289 = CARTESIAN_POINT('',(29.2,0.,3.15));
#290 = VECTOR('',#291,1.);
#291 = DIRECTION('',(-0.,0.,-1.));
#292 = ORIENTED_EDGE('',*,*,#293,.T.);
#293 = EDGE_CURVE('',#286,#294,#296,.T.);
#294 = VERTEX_POINT('',#295);
#295 = CARTESIAN_POINT('',(31.4,0.,6.3));
#296 = LINE('',#297,#298);
#297 = CARTESIAN_POINT('',(18.6,0.,6.3));
#298 = VECTOR('',#299,1.);
#299 = DIRECTION('',(1.,0.,-0.));
#300 = ORIENTED_EDGE('',*,*,#301,.F.);
#301 = EDGE_CURVE('',#278,#294,#302,.T.);
#302 = LINE('',#303,#304);
#303 = CARTESIAN_POINT('',(31.4,0.,3.15));
#304 = VECTOR('',#305,1.);
#305 = DIRECTION('',(-0.,0.,-1.));
#306 = FACE_BOUND('',#307,.F.);
#307 = EDGE_LOOP('',(#308,#318,#326,#334));
#308 = ORIENTED_EDGE('',*,*,#309,.F.);
#309 = EDGE_CURVE('',#310,#312,#314,.T.);
#310 = VERTEX_POINT('',#311);
#311 = CARTESIAN_POINT('',(34.4,0.,7.7));
#312 = VERTEX_POINT('',#313);
#313 = CARTESIAN_POINT('',(36.6,0.,7.7));
#314 = LINE('',#315,#316);
#315 = CARTESIAN_POINT('',(21.2,0.,7.7));
#316 = VECTOR('',#317,1.);
#317 = DIRECTION('',(1.,0.,-0.));
#318 = ORIENTED_EDGE('',*,*,#319,.T.);
#319 = EDGE_CURVE('',#310,#320,#322,.T.);
#320 = VERTEX_POINT('',#321);
#321 = CARTESIAN_POINT('',(34.4,0.,6.3));
#322 = LINE('',#323,#324);
#323 = CARTESIAN_POINT('',(34.4,0.,3.15));
#324 = VECTOR('',#325,1.);
#325 = DIRECTION('',(-0.,0.,-1.));
#326 = ORIENTED_EDGE('',*,*,#327,.T.);
#327 = EDGE_CURVE('',#320,#328,#330,.T.);
#328 = VERTEX_POINT('',#329);
#329 = CARTESIAN_POINT('',(36.6,0.,6.3));
#330 = LINE('',#331,#332);
#331 = CARTESIAN_POINT('',(21.2,0.,6.3));
#332 = VECTOR('',#333,1.);
#333 = DIRECTION('',(1.,0.,-0.));
#334 = ORIENTED_EDGE('',*,*,#335,.F.);
#335 = EDGE_CURVE('',#312,#328,#336,.T.);
#336 = LINE('',#337,#338);
#337 = CARTESIAN_POINT('',(36.6,0.,3.15));
#338 = VECTOR('',#339,1.);
#339 = DIRECTION('',(-0.,0.,-1.));
#340 = FACE_BOUND('',#341,.F.);
#341 = EDGE_LOOP('',(#342,#352,#360,#368));
#342 = ORIENTED_EDGE('',*,*,#343,.F.);
#343 = EDGE_CURVE('',#344,#346,#348,.T.);
#344 = VERTEX_POINT('',#345);
#345 = CARTESIAN_POINT('',(39.6,0.,7.7));
#346 = VERTEX_POINT('',#347);
#347 = CARTESIAN_POINT('',(41.8,0.,7.7));
#348 = LINE('',#349,#350);
#349 = CARTESIAN_POINT('',(23.8,0.,7.7));
#350 = VECTOR('',#351,1.);
#351 = DIRECTION('',(1.,0.,-0.));
#352 = ORIENTED_EDGE('',*,*,#353,.T.);
#353 = EDGE_CURVE('',#344,#354,#356,.T.);
#354 = VERTEX_POINT('',#355);
#355 = CARTESIAN_POINT('',(39.6,0.,6.3));
#356 = LINE('',#357,#358);
#357 = CARTESIAN_POINT('',(39.6,0.,3.15));
#358 = VECTOR('',#359,1.);
#359 = DIRECTION('',(-0.,0.,-1.));
#360 = ORIENTED_EDGE('',*,*,#361,.T.);
#361 = EDGE_CURVE('',#354,#362,#364,.T.);
#362 = VERTEX_POINT('',#363);
#363 = CARTESIAN_POINT('',(41.8,0.,6.3));
#364 = LINE('',#365,#366);
#365 = CARTESIAN_POINT('',(23.8,0.,6.3));
#366 = VECTOR('',#367,1.);
#367 = DIRECTION('',(1.,0.,-0.));
#368 = ORIENTED_EDGE('',*,*,#369,.F.);
#369 = EDGE_CURVE('',#346,#362,#370,.T.);
#370 = LINE('',#371,#372);
#371 = CARTESIAN_POINT('',(41.8,0.,3.15));
#372 = VECTOR('',#373,1.);
#373 = DIRECTION('',(-0.,0.,-1.));
#374 = FACE_BOUND('',#375,.F.);
#375 = EDGE_LOOP('',(#376,#386,#394,#402));
#376 = ORIENTED_EDGE('',*,*,#377,.F.);
#377 = EDGE_CURVE('',#378,#380,#382,.T.);
#378 = VERTEX_POINT('',#379);
#379 = CARTESIAN_POINT('',(44.8,0.,7.7));
#380 = VERTEX_POINT('',#381);
#381 = CARTESIAN_POINT('',(47.,0.,7.7));
#382 = LINE('',#383,#384);
#383 = CARTESIAN_POINT('',(26.4,0.,7.7));
#384 = VECTOR('',#385,1.);
#385 = DIRECTION('',(1.,0.,-0.));
#386 = ORIENTED_EDGE('',*,*,#387,.T.);
#387 = EDGE_CURVE('',#378,#388,#390,.T.);
#388 = VERTEX_POINT('',#389);
#389 = CARTESIAN_POINT('',(44.8,0.,6.3));
#390 = LINE('',#391,#392);
#391 = CARTESIAN_POINT('',(44.8,0.,3.15));
#392 = VECTOR('',#393,1.);
#393 = DIRECTION('',(-0.,0.,-1.));
#394 = ORIENTED_EDGE('',*,*,#395,.T.);
#395 = EDGE_CURVE('',#388,#396,#398,.T.);
#396 = VERTEX_POINT('',#397);
#397 = CARTESIAN_POINT('',(47.,0.,6.3));
#398 = LINE('',#399,#400);
#399 = CARTESIAN_POINT('',(26.4,0.,6.3));
#400 = VECTOR('',#401,1.);
#401 = DIRECTION('',(1.,0.,-0.));
#402 = ORIENTED_EDGE('',*,*,#403,.F.);
#403 = EDGE_CURVE('',#380,#396,#404,.T.);
#404 = LINE('',#405,#406);
#405 = CARTESIAN_POINT('',(47.,0.,3.15));
#406 = VECTOR('',#407,1.);
#407 = DIRECTION('',(-0.,0.,-1.));
#408 = FACE_BOUND('',#409,.F.);
#409 = EDGE_LOOP('',(#410,#420,#428,#436));
#410 = ORIENTED_EDGE('',*,*,#411,.F.);
#411 = EDGE_CURVE('',#412,#414,#416,.T.);
#412 = VERTEX_POINT('',#413);
#413 = CARTESIAN_POINT('',(50.,0.,7.7));
#414 = VERTEX_POINT('',#415);
#415 = CARTESIAN_POINT('',(52.2,0.,7.7));
#416 = LINE('',#417,#418);
#417 = CARTESIAN_POINT('',(29.,0.,7.7));
#418 = VECTOR('',#419,1.);
#419 = DIRECTION('',(1.,0.,-0.));
#420 = ORIENTED_EDGE('',*,*,#421,.T.);
#421 = EDGE_CURVE('',#412,#422,#424,.T.);
#422 = VERTEX_POINT('',#423);
#423 = CARTESIAN_POINT('',(50.,0.,6.3));
#424 = LINE('',#425,#426);
#425 = CARTESIAN_POINT('',(50.,0.,3.15));
#426 = VECTOR('',#427,1.);
#427 = DIRECTION('',(-0.,0.,-1.));
#428 = ORIENTED_EDGE('',*,*,#429,.T.);
#429 = EDGE_CURVE('',#422,#430,#432,.T.);
#430 = VERTEX_POINT('',#431);
#431 = CARTESIAN_POINT('',(52.2,0.,6.3));
#432 = LINE('',#433,#434);
#433 = CARTESIAN_POINT('',(29.,0.,6.3));
#434 = VECTOR('',#435,1.);
#435 = DIRECTION('',(1.,0.,-0.));
#436 = ORIENTED_EDGE('',*,*,#437,.F.);
#437 = EDGE_CURVE('',#414,#430,#438,.T.);
#438 = LINE('',#439,#440);
#439 = CARTESIAN_POINT('',(52.2,0.,3.15));
#440 = VECTOR('',#441,1.);
#441 = DIRECTION('',(-0.,0.,-1.));
#442 = FACE_BOUND('',#443,.F.);
#443 = EDGE_LOOP('',(#444,#454,#462,#470));
#444 = ORIENTED_EDGE('',*,*,#445,.F.);
#445 = EDGE_CURVE('',#446,#448,#450,.T.);
#446 = VERTEX_POINT('',#447);
#447 = CARTESIAN_POINT('',(55.2,0.,7.7));
#448 = VERTEX_POINT('',#449);
#449 = CARTESIAN_POINT('',(57.4,0.,7.7));
#450 = LINE('',#451,#452);
#451 = CARTESIAN_POINT('',(31.6,0.,7.7));
#452 = VECTOR('',#453,1.);
#453 = DIRECTION('',(1.,0.,-0.));
#454 = ORIENTED_EDGE('',*,*,#455,.T.);
#455 = EDGE_CURVE('',#446,#456,#458,.T.);
#456 = VERTEX_POINT('',#457);
#457 = CARTESIAN_POINT('',(55.2,0.,6.3));
#458 = LINE('',#459,#460);
#459 = CARTESIAN_POINT('',(55.2,0.,3.15));
#460 = VECTOR('',#461,1.);
#461 = DIRECTION('',(-0.,0.,-1.));
#462 = ORIENTED_EDGE('',*,*,#463,.T.);
#463 = EDGE_CURVE('',#456,#464,#466,.T.);
#464 = VERTEX_POINT('',#465);
#465 = CARTESIAN_POINT('',(57.4,0.,6.3));
#466 = LINE('',#467,#468);
#467 = CARTESIAN_POINT('',(31.6,0.,6.3));
#468 = VECTOR('',#469,1.);
#469 = DIRECTION('',(1.,0.,-0.));
#470 = ORIENTED_EDGE('',*,*,#471,.F.);
#471 = EDGE_CURVE('',#448,#464,#472,.T.);
#472 = LINE('',#473,#474);
#473 = CARTESIAN_POINT('',(57.4,0.,3.15));
#474 = VECTOR('',#475,1.);
#475 = DIRECTION('',(-0.,0.,-1.));
#476 = FACE_BOUND('',#477,.F.);
#477 = EDGE_LOOP('',(#478,#488,#496,#504));
#478 = ORIENTED_EDGE('',*,*,#479,.F.);
#479 = EDGE_CURVE('',#480,#482,#484,.T.);
#480 = VERTEX_POINT('',#481);
#481 = CARTESIAN_POINT('',(60.4,0.,7.7));
#482 = VERTEX_POINT('',#483);
#483 = CARTESIAN_POINT('',(62.6,0.,7.7));
#484 = LINE('',#485,#486);
#485 = CARTESIAN_POINT('',(34.2,0.,7.7));
#486 = VECTOR('',#487,1.);
#487 = DIRECTION('',(1.,0.,-0.));
#488 = ORIENTED_EDGE('',*,*,#489,.T.);
#489 = EDGE_CURVE('',#480,#490,#492,.T.);
#490 = VERTEX_POINT('',#491);
#491 = CARTESIAN_POINT('',(60.4,0.,6.3));
#492 = LINE('',#493,#494);
#493 = CARTESIAN_POINT('',(60.4,0.,3.15));
#494 = VECTOR('',#495,1.);
#495 = DIRECTION('',(-0.,0.,-1.));
#496 = ORIENTED_EDGE('',*,*,#497,.T.);
#497 = EDGE_CURVE('',#490,#498,#500,.T.);
#498 = VERTEX_POINT('',#499);
#499 = CARTESIAN_POINT('',(62.6,0.,6.3));
#500 = LINE('',#501,#502);
#501 = CARTESIAN_POINT('',(34.2,0.,6.3));
#502 = VECTOR('',#503,1.);
#503 = DIRECTION('',(1.,0.,-0.));
#504 = ORIENTED_EDGE('',*,*,#505,.F.);
#505 = EDGE_CURVE('',#482,#498,#506,.T.);
#506 = LINE('',#507,#508);
#507 = CARTESIAN_POINT('',(62.6,0.,3.15));
#508 = VECTOR('',#509,1.);
#509 = DIRECTION('',(-0.,0.,-1.));
#510 = FACE_BOUND('',#511,.F.);
#511 = EDGE_LOOP('',(#512,#522,#530,#538));
#512 = ORIENTED_EDGE('',*,*,#513,.F.);
#513 = EDGE_CURVE('',#514,#516,#518,.T.);
#514 = VERTEX_POINT('',#515);
#515 = CARTESIAN_POINT('',(65.6,0.,7.7));
#516 = VERTEX_POINT('',#517);
#517 = CARTESIAN_POINT('',(67.8,0.,7.7));
#518 = LINE('',#519,#520);
#519 = CARTESIAN_POINT('',(36.8,0.,7.7));
#520 = VECTOR('',#521,1.);
#521 = DIRECTION('',(1.,0.,-0.));
#522 = ORIENTED_EDGE('',*,*,#523,.T.);
#523 = EDGE_CURVE('',#514,#524,#526,.T.);
#524 = VERTEX_POINT('',#525);
#525 = CARTESIAN_POINT('',(65.6,0.,6.3));
#526 = LINE('',#527,#528);
#527 = CARTESIAN_POINT('',(65.6,0.,3.15));
#528 = VECTOR('',#529,1.);
#529 = DIRECTION('',(-0.,0.,-1.));
#530 = ORIENTED_EDGE('',*,*,#531,.T.);
#531 = EDGE_CURVE('',#524,#532,#534,.T.);
#532 = VERTEX_POINT('',#533);
#533 = CARTESIAN_POINT('',(67.8,0.,6.3));
#534 = LINE('',#535,#536);
#535 = CARTESIAN_POINT('',(36.8,0.,6.3));
#536 = VECTOR('',#537,1.);
#537 = DIRECTION('',(1.,0.,-0.));
#538 = ORIENTED_EDGE('',*,*,#539,.F.);
#539 = EDGE_CURVE('',#516,#532,#540,.T.);
#540 = LINE('',#541,#542);
#541 = CARTESIAN_POINT('',(67.8,0.,3.15));
#542 = VECTOR('',#543,1.);
#543 = DIRECTION('',(-0.,0.,-1.));
#544 = PLANE('',#545);
#545 = AXIS2_PLACEMENT_3D('',#546,#547,#548);
#546 = CARTESIAN_POINT('',(8.,0.,0.));
#547 = DIRECTION('',(-0.,1.,0.));
#548 = DIRECTION('',(0.,0.,1.));
#549 = ADVANCED_FACE('',(#550),#596,.T.);
#550 = FACE_BOUND('',#551,.T.);
#551 = EDGE_LOOP('',(#552,#553,#554,#563,#571,#580,#588,#595));
#552 = ORIENTED_EDGE('',*,*,#74,.F.);
#553 = ORIENTED_EDGE('',*,*,#200,.T.);
#554 = ORIENTED_EDGE('',*,*,#555,.F.);
#555 = EDGE_CURVE('',#556,#201,#558,.T.);
#556 = VERTEX_POINT('',#557);
#557 = CARTESIAN_POINT('',(8.,65.,0.));
#558 = CIRCLE('',#559,8.);
#559 = AXIS2_PLACEMENT_3D('',#560,#561,#562);
#560 = CARTESIAN_POINT('',(8.,57.,0.));
#561 = DIRECTION('',(0.,0.,1.));
#562 = DIRECTION('',(1.,0.,-0.));
#563 = ORIENTED_EDGE('',*,*,#564,.T.);
#564 = EDGE_CURVE('',#556,#565,#567,.T.);
#565 = VERTEX_POINT('',#566);
#566 = CARTESIAN_POINT('',(90.,65.,0.));
#567 = LINE('',#568,#569);
#568 = CARTESIAN_POINT('',(8.,65.,0.));
#569 = VECTOR('',#570,1.);
#570 = DIRECTION('',(1.,0.,-0.));
#571 = ORIENTED_EDGE('',*,*,#572,.F.);
#572 = EDGE_CURVE('',#573,#565,#575,.T.);
#573 = VERTEX_POINT('',#574);
#574 = CARTESIAN_POINT('',(98.,57.,0.));
#575 = CIRCLE('',#576,8.);
#576 = AXIS2_PLACEMENT_3D('',#577,#578,#579);
#577 = CARTESIAN_POINT('',(90.,57.,0.));
#578 = DIRECTION('',(0.,0.,1.));
#579 = DIRECTION('',(1.,0.,-0.));
#580 = ORIENTED_EDGE('',*,*,#581,.F.);
#581 = EDGE_CURVE('',#582,#573,#584,.T.);
#582 = VERTEX_POINT('',#583);
#583 = CARTESIAN_POINT('',(98.,8.,0.));
#584 = LINE('',#585,#586);
#585 = CARTESIAN_POINT('',(98.,8.,0.));
#586 = VECTOR('',#587,1.);
#587 = DIRECTION('',(-0.,1.,0.));
#588 = ORIENTED_EDGE('',*,*,#589,.F.);
#589 = EDGE_CURVE('',#224,#582,#590,.T.);
#590 = CIRCLE('',#591,8.);
#591 = AXIS2_PLACEMENT_3D('',#592,#593,#594);
#592 = CARTESIAN_POINT('',(90.,8.,0.));
#593 = DIRECTION('',(0.,0.,1.));
#594 = DIRECTION('',(1.,0.,-0.));
#595 = ORIENTED_EDGE('',*,*,#223,.F.);
#596 = PLANE('',#597);
#597 = AXIS2_PLACEMENT_3D('',#598,#599,#600);
#598 = CARTESIAN_POINT('',(49.,32.5,0.));
#599 = DIRECTION('',(-0.,-0.,-1.));
#600 = DIRECTION('',(-1.,0.,0.));
#601 = ADVANCED_FACE('',(#602),#662,.T.);
#602 = FACE_BOUND('',#603,.T.);
#603 = EDGE_LOOP('',(#604,#612,#613,#621,#630,#638,#647,#655));
#604 = ORIENTED_EDGE('',*,*,#605,.F.);
#605 = EDGE_CURVE('',#92,#606,#608,.T.);
#606 = VERTEX_POINT('',#607);
#607 = CARTESIAN_POINT('',(1.8,62.055689863906,1.8));
#608 = LINE('',#609,#610);
#609 = CARTESIAN_POINT('',(1.8,1.8,1.8));
#610 = VECTOR('',#611,1.);
#611 = DIRECTION('',(-0.,1.,0.));
#612 = ORIENTED_EDGE('',*,*,#91,.T.);
#613 = ORIENTED_EDGE('',*,*,#614,.T.);
#614 = EDGE_CURVE('',#94,#615,#617,.T.);
#615 = VERTEX_POINT('',#616);
#616 = CARTESIAN_POINT('',(95.055689863906,1.8,1.8));
#617 = LINE('',#618,#619);
#618 = CARTESIAN_POINT('',(1.8,1.8,1.8));
#619 = VECTOR('',#620,1.);
#620 = DIRECTION('',(1.,0.,-0.));
#621 = ORIENTED_EDGE('',*,*,#622,.T.);
#622 = EDGE_CURVE('',#615,#623,#625,.T.);
#623 = VERTEX_POINT('',#624);
#624 = CARTESIAN_POINT('',(98.,8.,1.8));
#625 = CIRCLE('',#626,8.);
#626 = AXIS2_PLACEMENT_3D('',#627,#628,#629);
#627 = CARTESIAN_POINT('',(90.,8.,1.8));
#628 = DIRECTION('',(0.,0.,1.));
#629 = DIRECTION('',(1.,0.,-0.));
#630 = ORIENTED_EDGE('',*,*,#631,.F.);
#631 = EDGE_CURVE('',#632,#623,#634,.T.);
#632 = VERTEX_POINT('',#633);
#633 = CARTESIAN_POINT('',(98.,57.,1.8));
#634 = LINE('',#635,#636);
#635 = CARTESIAN_POINT('',(98.,4.9,1.8));
#636 = VECTOR('',#637,1.);
#637 = DIRECTION('',(0.,-1.,0.));
#638 = ORIENTED_EDGE('',*,*,#639,.T.);
#639 = EDGE_CURVE('',#632,#640,#642,.T.);
#640 = VERTEX_POINT('',#641);
#641 = CARTESIAN_POINT('',(95.055689863906,63.2,1.8));
#642 = CIRCLE('',#643,8.);
#643 = AXIS2_PLACEMENT_3D('',#644,#645,#646);
#644 = CARTESIAN_POINT('',(90.,57.,1.8));
#645 = DIRECTION('',(0.,0.,1.));
#646 = DIRECTION('',(1.,0.,-0.));
#647 = ORIENTED_EDGE('',*,*,#648,.F.);
#648 = EDGE_CURVE('',#649,#640,#651,.T.);
#649 = VERTEX_POINT('',#650);
#650 = CARTESIAN_POINT('',(2.944310136094,63.2,1.8));
#651 = LINE('',#652,#653);
#652 = CARTESIAN_POINT('',(1.8,63.2,1.8));
#653 = VECTOR('',#654,1.);
#654 = DIRECTION('',(1.,0.,-0.));
#655 = ORIENTED_EDGE('',*,*,#656,.T.);
#656 = EDGE_CURVE('',#649,#606,#657,.T.);
#657 = CIRCLE('',#658,8.);
#658 = AXIS2_PLACEMENT_3D('',#659,#660,#661);
#659 = CARTESIAN_POINT('',(8.,57.,1.8));
#660 = DIRECTION('',(0.,0.,1.));
#661 = DIRECTION('',(1.,0.,-0.));
#662 = PLANE('',#663);
#663 = AXIS2_PLACEMENT_3D('',#664,#665,#666);
#664 = CARTESIAN_POINT('',(1.8,1.8,1.8));
#665 = DIRECTION('',(0.,0.,1.));
#666 = DIRECTION('',(1.,0.,-0.));
#667 = ADVANCED_FACE('',(#668),#686,.T.);
#668 = FACE_BOUND('',#669,.T.);
#669 = EDGE_LOOP('',(#670,#671,#672,#680));
#670 = ORIENTED_EDGE('',*,*,#614,.F.);
#671 = ORIENTED_EDGE('',*,*,#119,.T.);
#672 = ORIENTED_EDGE('',*,*,#673,.T.);
#673 = EDGE_CURVE('',#111,#674,#676,.T.);
#674 = VERTEX_POINT('',#675);
#675 = CARTESIAN_POINT('',(95.055689863906,1.8,12.2));
#676 = LINE('',#677,#678);
#677 = CARTESIAN_POINT('',(1.8,1.8,12.2));
#678 = VECTOR('',#679,1.);
#679 = DIRECTION('',(1.,0.,-0.));
#680 = ORIENTED_EDGE('',*,*,#681,.F.);
#681 = EDGE_CURVE('',#615,#674,#682,.T.);
#682 = LINE('',#683,#684);
#683 = CARTESIAN_POINT('',(95.055689863906,1.8,0.));
#684 = VECTOR('',#685,1.);
#685 = DIRECTION('',(0.,0.,1.));
#686 = PLANE('',#687);
#687 = AXIS2_PLACEMENT_3D('',#688,#689,#690);
#688 = CARTESIAN_POINT('',(1.8,1.8,1.8));
#689 = DIRECTION('',(-0.,1.,0.));
#690 = DIRECTION('',(0.,0.,1.));
#691 = ADVANCED_FACE('',(#692),#745,.F.);
#692 = FACE_BOUND('',#693,.F.);
#693 = EDGE_LOOP('',(#694,#702,#703,#704,#713,#721,#730,#738));
#694 = ORIENTED_EDGE('',*,*,#695,.F.);
#695 = EDGE_CURVE('',#103,#696,#698,.T.);
#696 = VERTEX_POINT('',#697);
#697 = CARTESIAN_POINT('',(1.8,62.055689863906,12.2));
#698 = LINE('',#699,#700);
#699 = CARTESIAN_POINT('',(1.8,1.8,12.2));
#700 = VECTOR('',#701,1.);
#701 = DIRECTION('',(-0.,1.,0.));
#702 = ORIENTED_EDGE('',*,*,#110,.T.);
#703 = ORIENTED_EDGE('',*,*,#673,.T.);
#704 = ORIENTED_EDGE('',*,*,#705,.T.);
#705 = EDGE_CURVE('',#674,#706,#708,.T.);
#706 = VERTEX_POINT('',#707);
#707 = CARTESIAN_POINT('',(98.,8.,12.2));
#708 = CIRCLE('',#709,8.);
#709 = AXIS2_PLACEMENT_3D('',#710,#711,#712);
#710 = CARTESIAN_POINT('',(90.,8.,12.2));
#711 = DIRECTION('',(0.,0.,1.));
#712 = DIRECTION('',(1.,0.,-0.));
#713 = ORIENTED_EDGE('',*,*,#714,.F.);
#714 = EDGE_CURVE('',#715,#706,#717,.T.);
#715 = VERTEX_POINT('',#716);
#716 = CARTESIAN_POINT('',(98.,57.,12.2));
#717 = LINE('',#718,#719);
#718 = CARTESIAN_POINT('',(98.,4.9,12.2));
#719 = VECTOR('',#720,1.);
#720 = DIRECTION('',(0.,-1.,0.));
#721 = ORIENTED_EDGE('',*,*,#722,.T.);
#722 = EDGE_CURVE('',#715,#723,#725,.T.);
#723 = VERTEX_POINT('',#724);
#724 = CARTESIAN_POINT('',(95.055689863906,63.2,12.2));
#725 = CIRCLE('',#726,8.);
#726 = AXIS2_PLACEMENT_3D('',#727,#728,#729);
#727 = CARTESIAN_POINT('',(90.,57.,12.2));
#728 = DIRECTION('',(0.,0.,1.));
#729 = DIRECTION('',(1.,0.,-0.));
#730 = ORIENTED_EDGE('',*,*,#731,.F.);
#731 = EDGE_CURVE('',#732,#723,#734,.T.);
#732 = VERTEX_POINT('',#733);
#733 = CARTESIAN_POINT('',(2.944310136094,63.2,12.2));
#734 = LINE('',#735,#736);
#735 = CARTESIAN_POINT('',(1.8,63.2,12.2));
#736 = VECTOR('',#737,1.);
#737 = DIRECTION('',(1.,0.,-0.));
#738 = ORIENTED_EDGE('',*,*,#739,.T.);
#739 = EDGE_CURVE('',#732,#696,#740,.T.);
#740 = CIRCLE('',#741,8.);
#741 = AXIS2_PLACEMENT_3D('',#742,#743,#744);
#742 = CARTESIAN_POINT('',(8.,57.,12.2));
#743 = DIRECTION('',(0.,0.,1.));
#744 = DIRECTION('',(1.,0.,-0.));
#745 = PLANE('',#746);
#746 = AXIS2_PLACEMENT_3D('',#747,#748,#749);
#747 = CARTESIAN_POINT('',(1.8,1.8,12.2));
#748 = DIRECTION('',(0.,0.,1.));
#749 = DIRECTION('',(1.,0.,-0.));
#750 = ADVANCED_FACE('',(#751),#762,.T.);
#751 = FACE_BOUND('',#752,.T.);
#752 = EDGE_LOOP('',(#753,#754,#755,#756));
#753 = ORIENTED_EDGE('',*,*,#695,.F.);
#754 = ORIENTED_EDGE('',*,*,#102,.F.);
#755 = ORIENTED_EDGE('',*,*,#605,.T.);
#756 = ORIENTED_EDGE('',*,*,#757,.T.);
#757 = EDGE_CURVE('',#606,#696,#758,.T.);
#758 = LINE('',#759,#760);
#759 = CARTESIAN_POINT('',(1.8,62.055689863906,0.));
#760 = VECTOR('',#761,1.);
#761 = DIRECTION('',(0.,0.,1.));
#762 = PLANE('',#763);
#763 = AXIS2_PLACEMENT_3D('',#764,#765,#766);
#764 = CARTESIAN_POINT('',(1.8,1.8,1.8));
#765 = DIRECTION('',(1.,0.,-0.));
#766 = DIRECTION('',(0.,0.,1.));
#767 = ADVANCED_FACE('',(#768),#788,.T.);
#768 = FACE_BOUND('',#769,.T.);
#769 = EDGE_LOOP('',(#770,#771,#772,#773,#779,#780,#781,#782));
#770 = ORIENTED_EDGE('',*,*,#142,.F.);
#771 = ORIENTED_EDGE('',*,*,#233,.F.);
#772 = ORIENTED_EDGE('',*,*,#589,.T.);
#773 = ORIENTED_EDGE('',*,*,#774,.T.);
#774 = EDGE_CURVE('',#582,#623,#775,.T.);
#775 = LINE('',#776,#777);
#776 = CARTESIAN_POINT('',(98.,8.,0.));
#777 = VECTOR('',#778,1.);
#778 = DIRECTION('',(0.,0.,1.));
#779 = ORIENTED_EDGE('',*,*,#622,.F.);
#780 = ORIENTED_EDGE('',*,*,#681,.T.);
#781 = ORIENTED_EDGE('',*,*,#705,.T.);
#782 = ORIENTED_EDGE('',*,*,#783,.T.);
#783 = EDGE_CURVE('',#706,#143,#784,.T.);
#784 = LINE('',#785,#786);
#785 = CARTESIAN_POINT('',(98.,8.,0.));
#786 = VECTOR('',#787,1.);
#787 = DIRECTION('',(0.,0.,1.));
#788 = CYLINDRICAL_SURFACE('',#789,8.);
#789 = AXIS2_PLACEMENT_3D('',#790,#791,#792);
#790 = CARTESIAN_POINT('',(90.,8.,0.));
#791 = DIRECTION('',(0.,0.,1.));
#792 = DIRECTION('',(1.,0.,-0.));
#793 = ADVANCED_FACE('',(#794),#805,.T.);
#794 = FACE_BOUND('',#795,.T.);
#795 = EDGE_LOOP('',(#796,#797,#798,#804));
#796 = ORIENTED_EDGE('',*,*,#783,.F.);
#797 = ORIENTED_EDGE('',*,*,#714,.F.);
#798 = ORIENTED_EDGE('',*,*,#799,.T.);
#799 = EDGE_CURVE('',#715,#152,#800,.T.);
#800 = LINE('',#801,#802);
#801 = CARTESIAN_POINT('',(98.,57.,0.));
#802 = VECTOR('',#803,1.);
#803 = DIRECTION('',(0.,0.,1.));
#804 = ORIENTED_EDGE('',*,*,#151,.F.);
#805 = PLANE('',#806);
#806 = AXIS2_PLACEMENT_3D('',#807,#808,#809);
#807 = CARTESIAN_POINT('',(98.,8.,0.));
#808 = DIRECTION('',(1.,0.,-0.));
#809 = DIRECTION('',(0.,0.,1.));
#810 = ADVANCED_FACE('',(#811),#836,.T.);
#811 = FACE_BOUND('',#812,.T.);
#812 = EDGE_LOOP('',(#813,#814,#815,#816,#822,#823,#829,#830));
#813 = ORIENTED_EDGE('',*,*,#159,.F.);
#814 = ORIENTED_EDGE('',*,*,#799,.F.);
#815 = ORIENTED_EDGE('',*,*,#722,.T.);
#816 = ORIENTED_EDGE('',*,*,#817,.F.);
#817 = EDGE_CURVE('',#640,#723,#818,.T.);
#818 = LINE('',#819,#820);
#819 = CARTESIAN_POINT('',(95.055689863906,63.2,0.));
#820 = VECTOR('',#821,1.);
#821 = DIRECTION('',(0.,0.,1.));
#822 = ORIENTED_EDGE('',*,*,#639,.F.);
#823 = ORIENTED_EDGE('',*,*,#824,.F.);
#824 = EDGE_CURVE('',#573,#632,#825,.T.);
#825 = LINE('',#826,#827);
#826 = CARTESIAN_POINT('',(98.,57.,0.));
#827 = VECTOR('',#828,1.);
#828 = DIRECTION('',(0.,0.,1.));
#829 = ORIENTED_EDGE('',*,*,#572,.T.);
#830 = ORIENTED_EDGE('',*,*,#831,.T.);
#831 = EDGE_CURVE('',#565,#160,#832,.T.);
#832 = LINE('',#833,#834);
#833 = CARTESIAN_POINT('',(90.,65.,0.));
#834 = VECTOR('',#835,1.);
#835 = DIRECTION('',(0.,0.,1.));
#836 = CYLINDRICAL_SURFACE('',#837,8.);
#837 = AXIS2_PLACEMENT_3D('',#838,#839,#840);
#838 = CARTESIAN_POINT('',(90.,57.,0.));
#839 = DIRECTION('',(0.,0.,1.));
#840 = DIRECTION('',(1.,0.,-0.));
#841 = ADVANCED_FACE('',(#842),#853,.T.);
#842 = FACE_BOUND('',#843,.T.);
#843 = EDGE_LOOP('',(#844,#845,#851,#852));
#844 = ORIENTED_EDGE('',*,*,#564,.F.);
#845 = ORIENTED_EDGE('',*,*,#846,.T.);
#846 = EDGE_CURVE('',#556,#169,#847,.T.);
#847 = LINE('',#848,#849);
#848 = CARTESIAN_POINT('',(8.,65.,0.));
#849 = VECTOR('',#850,1.);
#850 = DIRECTION('',(0.,0.,1.));
#851 = ORIENTED_EDGE('',*,*,#168,.T.);
#852 = ORIENTED_EDGE('',*,*,#831,.F.);
#853 = PLANE('',#854);
#854 = AXIS2_PLACEMENT_3D('',#855,#856,#857);
#855 = CARTESIAN_POINT('',(8.,65.,0.));
#856 = DIRECTION('',(-0.,1.,0.));
#857 = DIRECTION('',(0.,0.,1.));
#858 = ADVANCED_FACE('',(#859,#865),#876,.T.);
#859 = FACE_BOUND('',#860,.T.);
#860 = EDGE_LOOP('',(#861,#862,#863,#864));
#861 = ORIENTED_EDGE('',*,*,#176,.F.);
#862 = ORIENTED_EDGE('',*,*,#846,.F.);
#863 = ORIENTED_EDGE('',*,*,#555,.T.);
#864 = ORIENTED_EDGE('',*,*,#208,.T.);
#865 = FACE_BOUND('',#866,.T.);
#866 = EDGE_LOOP('',(#867,#868,#869,#875));
#867 = ORIENTED_EDGE('',*,*,#757,.F.);
#868 = ORIENTED_EDGE('',*,*,#656,.F.);
#869 = ORIENTED_EDGE('',*,*,#870,.T.);
#870 = EDGE_CURVE('',#649,#732,#871,.T.);
#871 = LINE('',#872,#873);
#872 = CARTESIAN_POINT('',(2.944310136094,63.2,0.));
#873 = VECTOR('',#874,1.);
#874 = DIRECTION('',(0.,0.,1.));
#875 = ORIENTED_EDGE('',*,*,#739,.T.);
#876 = CYLINDRICAL_SURFACE('',#877,8.);
#877 = AXIS2_PLACEMENT_3D('',#878,#879,#880);
#878 = CARTESIAN_POINT('',(8.,57.,0.));
#879 = DIRECTION('',(0.,0.,1.));
#880 = DIRECTION('',(1.,0.,-0.));
#881 = ADVANCED_FACE('',(#882),#907,.F.);
#882 = FACE_BOUND('',#883,.F.);
#883 = EDGE_LOOP('',(#884,#892,#893,#901));
#884 = ORIENTED_EDGE('',*,*,#885,.F.);
#885 = EDGE_CURVE('',#242,#886,#888,.T.);
#886 = VERTEX_POINT('',#887);
#887 = CARTESIAN_POINT('',(24.,0.5,7.7));
#888 = LINE('',#889,#890);
#889 = CARTESIAN_POINT('',(24.,-5.E-02,7.7));
#890 = VECTOR('',#891,1.);
#891 = DIRECTION('',(-0.,1.,0.));
#892 = ORIENTED_EDGE('',*,*,#241,.T.);
#893 = ORIENTED_EDGE('',*,*,#894,.T.);
#894 = EDGE_CURVE('',#244,#895,#897,.T.);
#895 = VERTEX_POINT('',#896);
#896 = CARTESIAN_POINT('',(26.2,0.5,7.7));
#897 = LINE('',#898,#899);
#898 = CARTESIAN_POINT('',(26.2,-5.E-02,7.7));
#899 = VECTOR('',#900,1.);
#900 = DIRECTION('',(-0.,1.,0.));
#901 = ORIENTED_EDGE('',*,*,#902,.F.);
#902 = EDGE_CURVE('',#886,#895,#903,.T.);
#903 = LINE('',#904,#905);
#904 = CARTESIAN_POINT('',(24.,0.5,7.7));
#905 = VECTOR('',#906,1.);
#906 = DIRECTION('',(1.,0.,-0.));
#907 = PLANE('',#908);
#908 = AXIS2_PLACEMENT_3D('',#909,#910,#911);
#909 = CARTESIAN_POINT('',(24.,-5.E-02,7.7));
#910 = DIRECTION('',(0.,0.,1.));
#911 = DIRECTION('',(1.,0.,-0.));
#912 = ADVANCED_FACE('',(#913),#931,.T.);
#913 = FACE_BOUND('',#914,.T.);
#914 = EDGE_LOOP('',(#915,#916,#917,#925));
#915 = ORIENTED_EDGE('',*,*,#885,.F.);
#916 = ORIENTED_EDGE('',*,*,#251,.T.);
#917 = ORIENTED_EDGE('',*,*,#918,.T.);
#918 = EDGE_CURVE('',#252,#919,#921,.T.);
#919 = VERTEX_POINT('',#920);
#920 = CARTESIAN_POINT('',(24.,0.5,6.3));
#921 = LINE('',#922,#923);
#922 = CARTESIAN_POINT('',(24.,-5.E-02,6.3));
#923 = VECTOR('',#924,1.);
#924 = DIRECTION('',(-0.,1.,0.));
#925 = ORIENTED_EDGE('',*,*,#926,.T.);
#926 = EDGE_CURVE('',#919,#886,#927,.T.);
#927 = LINE('',#928,#929);
#928 = CARTESIAN_POINT('',(24.,0.5,6.3));
#929 = VECTOR('',#930,1.);
#930 = DIRECTION('',(0.,0.,1.));
#931 = PLANE('',#932);
#932 = AXIS2_PLACEMENT_3D('',#933,#934,#935);
#933 = CARTESIAN_POINT('',(24.,-5.E-02,6.3));
#934 = DIRECTION('',(1.,0.,-0.));
#935 = DIRECTION('',(0.,0.,1.));
#936 = ADVANCED_FACE('',(#937),#955,.F.);
#937 = FACE_BOUND('',#938,.F.);
#938 = EDGE_LOOP('',(#939,#940,#941,#949));
#939 = ORIENTED_EDGE('',*,*,#894,.F.);
#940 = ORIENTED_EDGE('',*,*,#267,.T.);
#941 = ORIENTED_EDGE('',*,*,#942,.T.);
#942 = EDGE_CURVE('',#260,#943,#945,.T.);
#943 = VERTEX_POINT('',#944);
#944 = CARTESIAN_POINT('',(26.2,0.5,6.3));
#945 = LINE('',#946,#947);
#946 = CARTESIAN_POINT('',(26.2,-5.E-02,6.3));
#947 = VECTOR('',#948,1.);
#948 = DIRECTION('',(-0.,1.,0.));
#949 = ORIENTED_EDGE('',*,*,#950,.T.);
#950 = EDGE_CURVE('',#943,#895,#951,.T.);
#951 = LINE('',#952,#953);
#952 = CARTESIAN_POINT('',(26.2,0.5,6.3));
#953 = VECTOR('',#954,1.);
#954 = DIRECTION('',(0.,0.,1.));
#955 = PLANE('',#956);
#956 = AXIS2_PLACEMENT_3D('',#957,#958,#959);
#957 = CARTESIAN_POINT('',(26.2,-5.E-02,6.3));
#958 = DIRECTION('',(1.,0.,-0.));
#959 = DIRECTION('',(0.,0.,1.));
#960 = ADVANCED_FACE('',(#961),#972,.T.);
#961 = FACE_BOUND('',#962,.T.);
#962 = EDGE_LOOP('',(#963,#964,#965,#966));
#963 = ORIENTED_EDGE('',*,*,#918,.F.);
#964 = ORIENTED_EDGE('',*,*,#259,.T.);
#965 = ORIENTED_EDGE('',*,*,#942,.T.);
#966 = ORIENTED_EDGE('',*,*,#967,.F.);
#967 = EDGE_CURVE('',#919,#943,#968,.T.);
#968 = LINE('',#969,#970);
#969 = CARTESIAN_POINT('',(24.,0.5,6.3));
#970 = VECTOR('',#971,1.);
#971 = DIRECTION('',(1.,0.,-0.));
#972 = PLANE('',#973);
#973 = AXIS2_PLACEMENT_3D('',#974,#975,#976);
#974 = CARTESIAN_POINT('',(24.,-5.E-02,6.3));
#975 = DIRECTION('',(0.,0.,1.));
#976 = DIRECTION('',(1.,0.,-0.));
#977 = ADVANCED_FACE('',(#978),#1003,.F.);
#978 = FACE_BOUND('',#979,.F.);
#979 = EDGE_LOOP('',(#980,#988,#989,#997));
#980 = ORIENTED_EDGE('',*,*,#981,.F.);
#981 = EDGE_CURVE('',#276,#982,#984,.T.);
#982 = VERTEX_POINT('',#983);
#983 = CARTESIAN_POINT('',(29.2,0.5,7.7));
#984 = LINE('',#985,#986);
#985 = CARTESIAN_POINT('',(29.2,-5.E-02,7.7));
#986 = VECTOR('',#987,1.);
#987 = DIRECTION('',(-0.,1.,0.));
#988 = ORIENTED_EDGE('',*,*,#275,.T.);
#989 = ORIENTED_EDGE('',*,*,#990,.T.);
#990 = EDGE_CURVE('',#278,#991,#993,.T.);
#991 = VERTEX_POINT('',#992);
#992 = CARTESIAN_POINT('',(31.4,0.5,7.7));
#993 = LINE('',#994,#995);
#994 = CARTESIAN_POINT('',(31.4,-5.E-02,7.7));
#995 = VECTOR('',#996,1.);
#996 = DIRECTION('',(-0.,1.,0.));
#997 = ORIENTED_EDGE('',*,*,#998,.F.);
#998 = EDGE_CURVE('',#982,#991,#999,.T.);
#999 = LINE('',#1000,#1001);
#1000 = CARTESIAN_POINT('',(29.2,0.5,7.7));
#1001 = VECTOR('',#1002,1.);
#1002 = DIRECTION('',(1.,0.,-0.));
#1003 = PLANE('',#1004);
#1004 = AXIS2_PLACEMENT_3D('',#1005,#1006,#1007);
#1005 = CARTESIAN_POINT('',(29.2,-5.E-02,7.7));
#1006 = DIRECTION('',(0.,0.,1.));
#1007 = DIRECTION('',(1.,0.,-0.));
#1008 = ADVANCED_FACE('',(#1009),#1027,.T.);
#1009 = FACE_BOUND('',#1010,.T.);
#1010 = EDGE_LOOP('',(#1011,#1012,#1013,#1021));
#1011 = ORIENTED_EDGE('',*,*,#981,.F.);
#1012 = ORIENTED_EDGE('',*,*,#285,.T.);
#1013 = ORIENTED_EDGE('',*,*,#1014,.T.);
#1014 = EDGE_CURVE('',#286,#1015,#1017,.T.);
#1015 = VERTEX_POINT('',#1016);
#1016 = CARTESIAN_POINT('',(29.2,0.5,6.3));
#1017 = LINE('',#1018,#1019);
#1018 = CARTESIAN_POINT('',(29.2,-5.E-02,6.3));
#1019 = VECTOR('',#1020,1.);
#1020 = DIRECTION('',(-0.,1.,0.));
#1021 = ORIENTED_EDGE('',*,*,#1022,.T.);
#1022 = EDGE_CURVE('',#1015,#982,#1023,.T.);
#1023 = LINE('',#1024,#1025);
#1024 = CARTESIAN_POINT('',(29.2,0.5,6.3));
#1025 = VECTOR('',#1026,1.);
#1026 = DIRECTION('',(0.,0.,1.));
#1027 = PLANE('',#1028);
#1028 = AXIS2_PLACEMENT_3D('',#1029,#1030,#1031);
#1029 = CARTESIAN_POINT('',(29.2,-5.E-02,6.3));
#1030 = DIRECTION('',(1.,0.,-0.));
#1031 = DIRECTION('',(0.,0.,1.));
#1032 = ADVANCED_FACE('',(#1033),#1051,.F.);
#1033 = FACE_BOUND('',#1034,.F.);
#1034 = EDGE_LOOP('',(#1035,#1036,#1037,#1045));
#1035 = ORIENTED_EDGE('',*,*,#990,.F.);
#1036 = ORIENTED_EDGE('',*,*,#301,.T.);
#1037 = ORIENTED_EDGE('',*,*,#1038,.T.);
#1038 = EDGE_CURVE('',#294,#1039,#1041,.T.);
#1039 = VERTEX_POINT('',#1040);
#1040 = CARTESIAN_POINT('',(31.4,0.5,6.3));
#1041 = LINE('',#1042,#1043);
#1042 = CARTESIAN_POINT('',(31.4,-5.E-02,6.3));
#1043 = VECTOR('',#1044,1.);
#1044 = DIRECTION('',(-0.,1.,0.));
#1045 = ORIENTED_EDGE('',*,*,#1046,.T.);
#1046 = EDGE_CURVE('',#1039,#991,#1047,.T.);
#1047 = LINE('',#1048,#1049);
#1048 = CARTESIAN_POINT('',(31.4,0.5,6.3));
#1049 = VECTOR('',#1050,1.);
#1050 = DIRECTION('',(0.,0.,1.));
#1051 = PLANE('',#1052);
#1052 = AXIS2_PLACEMENT_3D('',#1053,#1054,#1055);
#1053 = CARTESIAN_POINT('',(31.4,-5.E-02,6.3));
#1054 = DIRECTION('',(1.,0.,-0.));
#1055 = DIRECTION('',(0.,0.,1.));
#1056 = ADVANCED_FACE('',(#1057),#1068,.T.);
#1057 = FACE_BOUND('',#1058,.T.);
#1058 = EDGE_LOOP('',(#1059,#1060,#1061,#1062));
#1059 = ORIENTED_EDGE('',*,*,#1014,.F.);
#1060 = ORIENTED_EDGE('',*,*,#293,.T.);
#1061 = ORIENTED_EDGE('',*,*,#1038,.T.);
#1062 = ORIENTED_EDGE('',*,*,#1063,.F.);
#1063 = EDGE_CURVE('',#1015,#1039,#1064,.T.);
#1064 = LINE('',#1065,#1066);
#1065 = CARTESIAN_POINT('',(29.2,0.5,6.3));
#1066 = VECTOR('',#1067,1.);
#1067 = DIRECTION('',(1.,0.,-0.));
#1068 = PLANE('',#1069);
#1069 = AXIS2_PLACEMENT_3D('',#1070,#1071,#1072);
#1070 = CARTESIAN_POINT('',(29.2,-5.E-02,6.3));
#1071 = DIRECTION('',(0.,0.,1.));
#1072 = DIRECTION('',(1.,0.,-0.));
#1073 = ADVANCED_FACE('',(#1074),#1099,.F.);
#1074 = FACE_BOUND('',#1075,.F.);
#1075 = EDGE_LOOP('',(#1076,#1084,#1085,#1093));
#1076 = ORIENTED_EDGE('',*,*,#1077,.F.);
#1077 = EDGE_CURVE('',#310,#1078,#1080,.T.);
#1078 = VERTEX_POINT('',#1079);
#1079 = CARTESIAN_POINT('',(34.4,0.5,7.7));
#1080 = LINE('',#1081,#1082);
#1081 = CARTESIAN_POINT('',(34.4,-5.E-02,7.7));
#1082 = VECTOR('',#1083,1.);
#1083 = DIRECTION('',(-0.,1.,0.));
#1084 = ORIENTED_EDGE('',*,*,#309,.T.);
#1085 = ORIENTED_EDGE('',*,*,#1086,.T.);
#1086 = EDGE_CURVE('',#312,#1087,#1089,.T.);
#1087 = VERTEX_POINT('',#1088);
#1088 = CARTESIAN_POINT('',(36.6,0.5,7.7));
#1089 = LINE('',#1090,#1091);
#1090 = CARTESIAN_POINT('',(36.6,-5.E-02,7.7));
#1091 = VECTOR('',#1092,1.);
#1092 = DIRECTION('',(-0.,1.,0.));
#1093 = ORIENTED_EDGE('',*,*,#1094,.F.);
#1094 = EDGE_CURVE('',#1078,#1087,#1095,.T.);
#1095 = LINE('',#1096,#1097);
#1096 = CARTESIAN_POINT('',(34.4,0.5,7.7));
#1097 = VECTOR('',#1098,1.);
#1098 = DIRECTION('',(1.,0.,-0.));
#1099 = PLANE('',#1100);
#1100 = AXIS2_PLACEMENT_3D('',#1101,#1102,#1103);
#1101 = CARTESIAN_POINT('',(34.4,-5.E-02,7.7));
#1102 = DIRECTION('',(0.,0.,1.));
#1103 = DIRECTION('',(1.,0.,-0.));
#1104 = ADVANCED_FACE('',(#1105),#1123,.T.);
#1105 = FACE_BOUND('',#1106,.T.);
#1106 = EDGE_LOOP('',(#1107,#1108,#1109,#1117));
#1107 = ORIENTED_EDGE('',*,*,#1077,.F.);
#1108 = ORIENTED_EDGE('',*,*,#319,.T.);
#1109 = ORIENTED_EDGE('',*,*,#1110,.T.);
#1110 = EDGE_CURVE('',#320,#1111,#1113,.T.);
#1111 = VERTEX_POINT('',#1112);
#1112 = CARTESIAN_POINT('',(34.4,0.5,6.3));
#1113 = LINE('',#1114,#1115);
#1114 = CARTESIAN_POINT('',(34.4,-5.E-02,6.3));
#1115 = VECTOR('',#1116,1.);
#1116 = DIRECTION('',(-0.,1.,0.));
#1117 = ORIENTED_EDGE('',*,*,#1118,.T.);
#1118 = EDGE_CURVE('',#1111,#1078,#1119,.T.);
#1119 = LINE('',#1120,#1121);
#1120 = CARTESIAN_POINT('',(34.4,0.5,6.3));
#1121 = VECTOR('',#1122,1.);
#1122 = DIRECTION('',(0.,0.,1.));
#1123 = PLANE('',#1124);
#1124 = AXIS2_PLACEMENT_3D('',#1125,#1126,#1127);
#1125 = CARTESIAN_POINT('',(34.4,-5.E-02,6.3));
#1126 = DIRECTION('',(1.,0.,-0.));
#1127 = DIRECTION('',(0.,0.,1.));
#1128 = ADVANCED_FACE('',(#1129),#1147,.F.);
#1129 = FACE_BOUND('',#1130,.F.);
#1130 = EDGE_LOOP('',(#1131,#1132,#1133,#1141));
#1131 = ORIENTED_EDGE('',*,*,#1086,.F.);
#1132 = ORIENTED_EDGE('',*,*,#335,.T.);
#1133 = ORIENTED_EDGE('',*,*,#1134,.T.);
#1134 = EDGE_CURVE('',#328,#1135,#1137,.T.);
#1135 = VERTEX_POINT('',#1136);
#1136 = CARTESIAN_POINT('',(36.6,0.5,6.3));
#1137 = LINE('',#1138,#1139);
#1138 = CARTESIAN_POINT('',(36.6,-5.E-02,6.3));
#1139 = VECTOR('',#1140,1.);
#1140 = DIRECTION('',(-0.,1.,0.));
#1141 = ORIENTED_EDGE('',*,*,#1142,.T.);
#1142 = EDGE_CURVE('',#1135,#1087,#1143,.T.);
#1143 = LINE('',#1144,#1145);
#1144 = CARTESIAN_POINT('',(36.6,0.5,6.3));
#1145 = VECTOR('',#1146,1.);
#1146 = DIRECTION('',(0.,0.,1.));
#1147 = PLANE('',#1148);
#1148 = AXIS2_PLACEMENT_3D('',#1149,#1150,#1151);
#1149 = CARTESIAN_POINT('',(36.6,-5.E-02,6.3));
#1150 = DIRECTION('',(1.,0.,-0.));
#1151 = DIRECTION('',(0.,0.,1.));
#1152 = ADVANCED_FACE('',(#1153),#1164,.T.);
#1153 = FACE_BOUND('',#1154,.T.);
#1154 = EDGE_LOOP('',(#1155,#1156,#1157,#1158));
#1155 = ORIENTED_EDGE('',*,*,#1110,.F.);
#1156 = ORIENTED_EDGE('',*,*,#327,.T.);
#1157 = ORIENTED_EDGE('',*,*,#1134,.T.);
#1158 = ORIENTED_EDGE('',*,*,#1159,.F.);
#1159 = EDGE_CURVE('',#1111,#1135,#1160,.T.);
#1160 = LINE('',#1161,#1162);
#1161 = CARTESIAN_POINT('',(34.4,0.5,6.3));
#1162 = VECTOR('',#1163,1.);
#1163 = DIRECTION('',(1.,0.,-0.));
#1164 = PLANE('',#1165);
#1165 = AXIS2_PLACEMENT_3D('',#1166,#1167,#1168);
#1166 = CARTESIAN_POINT('',(34.4,-5.E-02,6.3));
#1167 = DIRECTION('',(0.,0.,1.));
#1168 = DIRECTION('',(1.,0.,-0.));
#1169 = ADVANCED_FACE('',(#1170),#1195,.F.);
#1170 = FACE_BOUND('',#1171,.F.);
#1171 = EDGE_LOOP('',(#1172,#1180,#1181,#1189));
#1172 = ORIENTED_EDGE('',*,*,#1173,.F.);
#1173 = EDGE_CURVE('',#344,#1174,#1176,.T.);
#1174 = VERTEX_POINT('',#1175);
#1175 = CARTESIAN_POINT('',(39.6,0.5,7.7));
#1176 = LINE('',#1177,#1178);
#1177 = CARTESIAN_POINT('',(39.6,-5.E-02,7.7));
#1178 = VECTOR('',#1179,1.);
#1179 = DIRECTION('',(-0.,1.,0.));
#1180 = ORIENTED_EDGE('',*,*,#343,.T.);
#1181 = ORIENTED_EDGE('',*,*,#1182,.T.);
#1182 = EDGE_CURVE('',#346,#1183,#1185,.T.);
#1183 = VERTEX_POINT('',#1184);
#1184 = CARTESIAN_POINT('',(41.8,0.5,7.7));
#1185 = LINE('',#1186,#1187);
#1186 = CARTESIAN_POINT('',(41.8,-5.E-02,7.7));
#1187 = VECTOR('',#1188,1.);
#1188 = DIRECTION('',(-0.,1.,0.));
#1189 = ORIENTED_EDGE('',*,*,#1190,.F.);
#1190 = EDGE_CURVE('',#1174,#1183,#1191,.T.);
#1191 = LINE('',#1192,#1193);
#1192 = CARTESIAN_POINT('',(39.6,0.5,7.7));
#1193 = VECTOR('',#1194,1.);
#1194 = DIRECTION('',(1.,0.,-0.));
#1195 = PLANE('',#1196);
#1196 = AXIS2_PLACEMENT_3D('',#1197,#1198,#1199);
#1197 = CARTESIAN_POINT('',(39.6,-5.E-02,7.7));
#1198 = DIRECTION('',(0.,0.,1.));
#1199 = DIRECTION('',(1.,0.,-0.));
#1200 = ADVANCED_FACE('',(#1201),#1219,.T.);
#1201 = FACE_BOUND('',#1202,.T.);
#1202 = EDGE_LOOP('',(#1203,#1204,#1205,#1213));
#1203 = ORIENTED_EDGE('',*,*,#1173,.F.);
#1204 = ORIENTED_EDGE('',*,*,#353,.T.);
#1205 = ORIENTED_EDGE('',*,*,#1206,.T.);
#1206 = EDGE_CURVE('',#354,#1207,#1209,.T.);
#1207 = VERTEX_POINT('',#1208);
#1208 = CARTESIAN_POINT('',(39.6,0.5,6.3));
#1209 = LINE('',#1210,#1211);
#1210 = CARTESIAN_POINT('',(39.6,-5.E-02,6.3));
#1211 = VECTOR('',#1212,1.);
#1212 = DIRECTION('',(-0.,1.,0.));
#1213 = ORIENTED_EDGE('',*,*,#1214,.T.);
#1214 = EDGE_CURVE('',#1207,#1174,#1215,.T.);
#1215 = LINE('',#1216,#1217);
#1216 = CARTESIAN_POINT('',(39.6,0.5,6.3));
#1217 = VECTOR('',#1218,1.);
#1218 = DIRECTION('',(0.,0.,1.));
#1219 = PLANE('',#1220);
#1220 = AXIS2_PLACEMENT_3D('',#1221,#1222,#1223);
#1221 = CARTESIAN_POINT('',(39.6,-5.E-02,6.3));
#1222 = DIRECTION('',(1.,0.,-0.));
#1223 = DIRECTION('',(0.,0.,1.));
#1224 = ADVANCED_FACE('',(#1225),#1243,.F.);
#1225 = FACE_BOUND('',#1226,.F.);
#1226 = EDGE_LOOP('',(#1227,#1228,#1229,#1237));
#1227 = ORIENTED_EDGE('',*,*,#1182,.F.);
#1228 = ORIENTED_EDGE('',*,*,#369,.T.);
#1229 = ORIENTED_EDGE('',*,*,#1230,.T.);
#1230 = EDGE_CURVE('',#362,#1231,#1233,.T.);
#1231 = VERTEX_POINT('',#1232);
#1232 = CARTESIAN_POINT('',(41.8,0.5,6.3));
#1233 = LINE('',#1234,#1235);
#1234 = CARTESIAN_POINT('',(41.8,-5.E-02,6.3));
#1235 = VECTOR('',#1236,1.);
#1236 = DIRECTION('',(-0.,1.,0.));
#1237 = ORIENTED_EDGE('',*,*,#1238,.T.);
#1238 = EDGE_CURVE('',#1231,#1183,#1239,.T.);
#1239 = LINE('',#1240,#1241);
#1240 = CARTESIAN_POINT('',(41.8,0.5,6.3));
#1241 = VECTOR('',#1242,1.);
#1242 = DIRECTION('',(0.,0.,1.));
#1243 = PLANE('',#1244);
#1244 = AXIS2_PLACEMENT_3D('',#1245,#1246,#1247);
#1245 = CARTESIAN_POINT('',(41.8,-5.E-02,6.3));
#1246 = DIRECTION('',(1.,0.,-0.));
#1247 = DIRECTION('',(0.,0.,1.));
#1248 = ADVANCED_FACE('',(#1249),#1260,.T.);
#1249 = FACE_BOUND('',#1250,.T.);
#1250 = EDGE_LOOP('',(#1251,#1252,#1253,#1254));
#1251 = ORIENTED_EDGE('',*,*,#1206,.F.);
#1252 = ORIENTED_EDGE('',*,*,#361,.T.);
#1253 = ORIENTED_EDGE('',*,*,#1230,.T.);
#1254 = ORIENTED_EDGE('',*,*,#1255,.F.);
#1255 = EDGE_CURVE('',#1207,#1231,#1256,.T.);
#1256 = LINE('',#1257,#1258);
#1257 = CARTESIAN_POINT('',(39.6,0.5,6.3));
#1258 = VECTOR('',#1259,1.);
#1259 = DIRECTION('',(1.,0.,-0.));
#1260 = PLANE('',#1261);
#1261 = AXIS2_PLACEMENT_3D('',#1262,#1263,#1264);
#1262 = CARTESIAN_POINT('',(39.6,-5.E-02,6.3));
#1263 = DIRECTION('',(0.,0.,1.));
#1264 = DIRECTION('',(1.,0.,-0.));
#1265 = ADVANCED_FACE('',(#1266),#1291,.F.);
#1266 = FACE_BOUND('',#1267,.F.);
#1267 = EDGE_LOOP('',(#1268,#1276,#1277,#1285));
#1268 = ORIENTED_EDGE('',*,*,#1269,.F.);
#1269 = EDGE_CURVE('',#378,#1270,#1272,.T.);
#1270 = VERTEX_POINT('',#1271);
#1271 = CARTESIAN_POINT('',(44.8,0.5,7.7));
#1272 = LINE('',#1273,#1274);
#1273 = CARTESIAN_POINT('',(44.8,-5.E-02,7.7));
#1274 = VECTOR('',#1275,1.);
#1275 = DIRECTION('',(-0.,1.,0.));
#1276 = ORIENTED_EDGE('',*,*,#377,.T.);
#1277 = ORIENTED_EDGE('',*,*,#1278,.T.);
#1278 = EDGE_CURVE('',#380,#1279,#1281,.T.);
#1279 = VERTEX_POINT('',#1280);
#1280 = CARTESIAN_POINT('',(47.,0.5,7.7));
#1281 = LINE('',#1282,#1283);
#1282 = CARTESIAN_POINT('',(47.,-5.E-02,7.7));
#1283 = VECTOR('',#1284,1.);
#1284 = DIRECTION('',(-0.,1.,0.));
#1285 = ORIENTED_EDGE('',*,*,#1286,.F.);
#1286 = EDGE_CURVE('',#1270,#1279,#1287,.T.);
#1287 = LINE('',#1288,#1289);
#1288 = CARTESIAN_POINT('',(44.8,0.5,7.7));
#1289 = VECTOR('',#1290,1.);
#1290 = DIRECTION('',(1.,0.,-0.));
#1291 = PLANE('',#1292);
#1292 = AXIS2_PLACEMENT_3D('',#1293,#1294,#1295);
#1293 = CARTESIAN_POINT('',(44.8,-5.E-02,7.7));
#1294 = DIRECTION('',(0.,0.,1.));
#1295 = DIRECTION('',(1.,0.,-0.));
#1296 = ADVANCED_FACE('',(#1297),#1315,.T.);
#1297 = FACE_BOUND('',#1298,.T.);
#1298 = EDGE_LOOP('',(#1299,#1300,#1301,#1309));
#1299 = ORIENTED_EDGE('',*,*,#1269,.F.);
#1300 = ORIENTED_EDGE('',*,*,#387,.T.);
#1301 = ORIENTED_EDGE('',*,*,#1302,.T.);
#1302 = EDGE_CURVE('',#388,#1303,#1305,.T.);
#1303 = VERTEX_POINT('',#1304);
#1304 = CARTESIAN_POINT('',(44.8,0.5,6.3));
#1305 = LINE('',#1306,#1307);
#1306 = CARTESIAN_POINT('',(44.8,-5.E-02,6.3));
#1307 = VECTOR('',#1308,1.);
#1308 = DIRECTION('',(-0.,1.,0.));
#1309 = ORIENTED_EDGE('',*,*,#1310,.T.);
#1310 = EDGE_CURVE('',#1303,#1270,#1311,.T.);
#1311 = LINE('',#1312,#1313);
#1312 = CARTESIAN_POINT('',(44.8,0.5,6.3));
#1313 = VECTOR('',#1314,1.);
#1314 = DIRECTION('',(0.,0.,1.));
#1315 = PLANE('',#1316);
#1316 = AXIS2_PLACEMENT_3D('',#1317,#1318,#1319);
#1317 = CARTESIAN_POINT('',(44.8,-5.E-02,6.3));
#1318 = DIRECTION('',(1.,0.,-0.));
#1319 = DIRECTION('',(0.,0.,1.));
#1320 = ADVANCED_FACE('',(#1321),#1339,.F.);
#1321 = FACE_BOUND('',#1322,.F.);
#1322 = EDGE_LOOP('',(#1323,#1324,#1325,#1333));
#1323 = ORIENTED_EDGE('',*,*,#1278,.F.);
#1324 = ORIENTED_EDGE('',*,*,#403,.T.);
#1325 = ORIENTED_EDGE('',*,*,#1326,.T.);
#1326 = EDGE_CURVE('',#396,#1327,#1329,.T.);
#1327 = VERTEX_POINT('',#1328);
#1328 = CARTESIAN_POINT('',(47.,0.5,6.3));
#1329 = LINE('',#1330,#1331);
#1330 = CARTESIAN_POINT('',(47.,-5.E-02,6.3));
#1331 = VECTOR('',#1332,1.);
#1332 = DIRECTION('',(-0.,1.,0.));
#1333 = ORIENTED_EDGE('',*,*,#1334,.T.);
#1334 = EDGE_CURVE('',#1327,#1279,#1335,.T.);
#1335 = LINE('',#1336,#1337);
#1336 = CARTESIAN_POINT('',(47.,0.5,6.3));
#1337 = VECTOR('',#1338,1.);
#1338 = DIRECTION('',(0.,0.,1.));
#1339 = PLANE('',#1340);
#1340 = AXIS2_PLACEMENT_3D('',#1341,#1342,#1343);
#1341 = CARTESIAN_POINT('',(47.,-5.E-02,6.3));
#1342 = DIRECTION('',(1.,0.,-0.));
#1343 = DIRECTION('',(0.,0.,1.));
#1344 = ADVANCED_FACE('',(#1345),#1356,.T.);
#1345 = FACE_BOUND('',#1346,.T.);
#1346 = EDGE_LOOP('',(#1347,#1348,#1349,#1350));
#1347 = ORIENTED_EDGE('',*,*,#1302,.F.);
#1348 = ORIENTED_EDGE('',*,*,#395,.T.);
#1349 = ORIENTED_EDGE('',*,*,#1326,.T.);
#1350 = ORIENTED_EDGE('',*,*,#1351,.F.);
#1351 = EDGE_CURVE('',#1303,#1327,#1352,.T.);
#1352 = LINE('',#1353,#1354);
#1353 = CARTESIAN_POINT('',(44.8,0.5,6.3));
#1354 = VECTOR('',#1355,1.);
#1355 = DIRECTION('',(1.,0.,-0.));
#1356 = PLANE('',#1357);
#1357 = AXIS2_PLACEMENT_3D('',#1358,#1359,#1360);
#1358 = CARTESIAN_POINT('',(44.8,-5.E-02,6.3));
#1359 = DIRECTION('',(0.,0.,1.));
#1360 = DIRECTION('',(1.,0.,-0.));
#1361 = ADVANCED_FACE('',(#1362),#1387,.F.);
#1362 = FACE_BOUND('',#1363,.F.);
#1363 = EDGE_LOOP('',(#1364,#1372,#1373,#1381));
#1364 = ORIENTED_EDGE('',*,*,#1365,.F.);
#1365 = EDGE_CURVE('',#412,#1366,#1368,.T.);
#1366 = VERTEX_POINT('',#1367);
#1367 = CARTESIAN_POINT('',(50.,0.5,7.7));
#1368 = LINE('',#1369,#1370);
#1369 = CARTESIAN_POINT('',(50.,-5.E-02,7.7));
#1370 = VECTOR('',#1371,1.);
#1371 = DIRECTION('',(-0.,1.,0.));
#1372 = ORIENTED_EDGE('',*,*,#411,.T.);
#1373 = ORIENTED_EDGE('',*,*,#1374,.T.);
#1374 = EDGE_CURVE('',#414,#1375,#1377,.T.);
#1375 = VERTEX_POINT('',#1376);
#1376 = CARTESIAN_POINT('',(52.2,0.5,7.7));
#1377 = LINE('',#1378,#1379);
#1378 = CARTESIAN_POINT('',(52.2,-5.E-02,7.7));
#1379 = VECTOR('',#1380,1.);
#1380 = DIRECTION('',(-0.,1.,0.));
#1381 = ORIENTED_EDGE('',*,*,#1382,.F.);
#1382 = EDGE_CURVE('',#1366,#1375,#1383,.T.);
#1383 = LINE('',#1384,#1385);
#1384 = CARTESIAN_POINT('',(50.,0.5,7.7));
#1385 = VECTOR('',#1386,1.);
#1386 = DIRECTION('',(1.,0.,-0.));
#1387 = PLANE('',#1388);
#1388 = AXIS2_PLACEMENT_3D('',#1389,#1390,#1391);
#1389 = CARTESIAN_POINT('',(50.,-5.E-02,7.7));
#1390 = DIRECTION('',(0.,0.,1.));
#1391 = DIRECTION('',(1.,0.,-0.));
#1392 = ADVANCED_FACE('',(#1393),#1411,.T.);
#1393 = FACE_BOUND('',#1394,.T.);
#1394 = EDGE_LOOP('',(#1395,#1396,#1397,#1405));
#1395 = ORIENTED_EDGE('',*,*,#1365,.F.);
#1396 = ORIENTED_EDGE('',*,*,#421,.T.);
#1397 = ORIENTED_EDGE('',*,*,#1398,.T.);
#1398 = EDGE_CURVE('',#422,#1399,#1401,.T.);
#1399 = VERTEX_POINT('',#1400);
#1400 = CARTESIAN_POINT('',(50.,0.5,6.3));
#1401 = LINE('',#1402,#1403);
#1402 = CARTESIAN_POINT('',(50.,-5.E-02,6.3));
#1403 = VECTOR('',#1404,1.);
#1404 = DIRECTION('',(-0.,1.,0.));
#1405 = ORIENTED_EDGE('',*,*,#1406,.T.);
#1406 = EDGE_CURVE('',#1399,#1366,#1407,.T.);
#1407 = LINE('',#1408,#1409);
#1408 = CARTESIAN_POINT('',(50.,0.5,6.3));
#1409 = VECTOR('',#1410,1.);
#1410 = DIRECTION('',(0.,0.,1.));
#1411 = PLANE('',#1412);
#1412 = AXIS2_PLACEMENT_3D('',#1413,#1414,#1415);
#1413 = CARTESIAN_POINT('',(50.,-5.E-02,6.3));
#1414 = DIRECTION('',(1.,0.,-0.));
#1415 = DIRECTION('',(0.,0.,1.));
#1416 = ADVANCED_FACE('',(#1417),#1435,.F.);
#1417 = FACE_BOUND('',#1418,.F.);
#1418 = EDGE_LOOP('',(#1419,#1420,#1421,#1429));
#1419 = ORIENTED_EDGE('',*,*,#1374,.F.);
#1420 = ORIENTED_EDGE('',*,*,#437,.T.);
#1421 = ORIENTED_EDGE('',*,*,#1422,.T.);
#1422 = EDGE_CURVE('',#430,#1423,#1425,.T.);
#1423 = VERTEX_POINT('',#1424);
#1424 = CARTESIAN_POINT('',(52.2,0.5,6.3));
#1425 = LINE('',#1426,#1427);
#1426 = CARTESIAN_POINT('',(52.2,-5.E-02,6.3));
#1427 = VECTOR('',#1428,1.);
#1428 = DIRECTION('',(-0.,1.,0.));
#1429 = ORIENTED_EDGE('',*,*,#1430,.T.);
#1430 = EDGE_CURVE('',#1423,#1375,#1431,.T.);
#1431 = LINE('',#1432,#1433);
#1432 = CARTESIAN_POINT('',(52.2,0.5,6.3));
#1433 = VECTOR('',#1434,1.);
#1434 = DIRECTION('',(0.,0.,1.));
#1435 = PLANE('',#1436);
#1436 = AXIS2_PLACEMENT_3D('',#1437,#1438,#1439);
#1437 = CARTESIAN_POINT('',(52.2,-5.E-02,6.3));
#1438 = DIRECTION('',(1.,0.,-0.));
#1439 = DIRECTION('',(0.,0.,1.));
#1440 = ADVANCED_FACE('',(#1441),#1452,.T.);
#1441 = FACE_BOUND('',#1442,.T.);
#1442 = EDGE_LOOP('',(#1443,#1444,#1445,#1446));
#1443 = ORIENTED_EDGE('',*,*,#1398,.F.);
#1444 = ORIENTED_EDGE('',*,*,#429,.T.);
#1445 = ORIENTED_EDGE('',*,*,#1422,.T.);
#1446 = ORIENTED_EDGE('',*,*,#1447,.F.);
#1447 = EDGE_CURVE('',#1399,#1423,#1448,.T.);
#1448 = LINE('',#1449,#1450);
#1449 = CARTESIAN_POINT('',(50.,0.5,6.3));
#1450 = VECTOR('',#1451,1.);
#1451 = DIRECTION('',(1.,0.,-0.));
#1452 = PLANE('',#1453);
#1453 = AXIS2_PLACEMENT_3D('',#1454,#1455,#1456);
#1454 = CARTESIAN_POINT('',(50.,-5.E-02,6.3));
#1455 = DIRECTION('',(0.,0.,1.));
#1456 = DIRECTION('',(1.,0.,-0.));
#1457 = ADVANCED_FACE('',(#1458),#1483,.F.);
#1458 = FACE_BOUND('',#1459,.F.);
#1459 = EDGE_LOOP('',(#1460,#1468,#1469,#1477));
#1460 = ORIENTED_EDGE('',*,*,#1461,.F.);
#1461 = EDGE_CURVE('',#446,#1462,#1464,.T.);
#1462 = VERTEX_POINT('',#1463);
#1463 = CARTESIAN_POINT('',(55.2,0.5,7.7));
#1464 = LINE('',#1465,#1466);
#1465 = CARTESIAN_POINT('',(55.2,-5.E-02,7.7));
#1466 = VECTOR('',#1467,1.);
#1467 = DIRECTION('',(-0.,1.,0.));
#1468 = ORIENTED_EDGE('',*,*,#445,.T.);
#1469 = ORIENTED_EDGE('',*,*,#1470,.T.);
#1470 = EDGE_CURVE('',#448,#1471,#1473,.T.);
#1471 = VERTEX_POINT('',#1472);
#1472 = CARTESIAN_POINT('',(57.4,0.5,7.7));
#1473 = LINE('',#1474,#1475);
#1474 = CARTESIAN_POINT('',(57.4,-5.E-02,7.7));
#1475 = VECTOR('',#1476,1.);
#1476 = DIRECTION('',(-0.,1.,0.));
#1477 = ORIENTED_EDGE('',*,*,#1478,.F.);
#1478 = EDGE_CURVE('',#1462,#1471,#1479,.T.);
#1479 = LINE('',#1480,#1481);
#1480 = CARTESIAN_POINT('',(55.2,0.5,7.7));
#1481 = VECTOR('',#1482,1.);
#1482 = DIRECTION('',(1.,0.,-0.));
#1483 = PLANE('',#1484);
#1484 = AXIS2_PLACEMENT_3D('',#1485,#1486,#1487);
#1485 = CARTESIAN_POINT('',(55.2,-5.E-02,7.7));
#1486 = DIRECTION('',(0.,0.,1.));
#1487 = DIRECTION('',(1.,0.,-0.));
#1488 = ADVANCED_FACE('',(#1489),#1507,.T.);
#1489 = FACE_BOUND('',#1490,.T.);
#1490 = EDGE_LOOP('',(#1491,#1492,#1493,#1501));
#1491 = ORIENTED_EDGE('',*,*,#1461,.F.);
#1492 = ORIENTED_EDGE('',*,*,#455,.T.);
#1493 = ORIENTED_EDGE('',*,*,#1494,.T.);
#1494 = EDGE_CURVE('',#456,#1495,#1497,.T.);
#1495 = VERTEX_POINT('',#1496);
#1496 = CARTESIAN_POINT('',(55.2,0.5,6.3));
#1497 = LINE('',#1498,#1499);
#1498 = CARTESIAN_POINT('',(55.2,-5.E-02,6.3));
#1499 = VECTOR('',#1500,1.);
#1500 = DIRECTION('',(-0.,1.,0.));
#1501 = ORIENTED_EDGE('',*,*,#1502,.T.);
#1502 = EDGE_CURVE('',#1495,#1462,#1503,.T.);
#1503 = LINE('',#1504,#1505);
#1504 = CARTESIAN_POINT('',(55.2,0.5,6.3));
#1505 = VECTOR('',#1506,1.);
#1506 = DIRECTION('',(0.,0.,1.));
#1507 = PLANE('',#1508);
#1508 = AXIS2_PLACEMENT_3D('',#1509,#1510,#1511);
#1509 = CARTESIAN_POINT('',(55.2,-5.E-02,6.3));
#1510 = DIRECTION('',(1.,0.,-0.));
#1511 = DIRECTION('',(0.,0.,1.));
#1512 = ADVANCED_FACE('',(#1513),#1531,.F.);
#1513 = FACE_BOUND('',#1514,.F.);
#1514 = EDGE_LOOP('',(#1515,#1516,#1517,#1525));
#1515 = ORIENTED_EDGE('',*,*,#1470,.F.);
#1516 = ORIENTED_EDGE('',*,*,#471,.T.);
#1517 = ORIENTED_EDGE('',*,*,#1518,.T.);
#1518 = EDGE_CURVE('',#464,#1519,#1521,.T.);
#1519 = VERTEX_POINT('',#1520);
#1520 = CARTESIAN_POINT('',(57.4,0.5,6.3));
#1521 = LINE('',#1522,#1523);
#1522 = CARTESIAN_POINT('',(57.4,-5.E-02,6.3));
#1523 = VECTOR('',#1524,1.);
#1524 = DIRECTION('',(-0.,1.,0.));
#1525 = ORIENTED_EDGE('',*,*,#1526,.T.);
#1526 = EDGE_CURVE('',#1519,#1471,#1527,.T.);
#1527 = LINE('',#1528,#1529);
#1528 = CARTESIAN_POINT('',(57.4,0.5,6.3));
#1529 = VECTOR('',#1530,1.);
#1530 = DIRECTION('',(0.,0.,1.));
#1531 = PLANE('',#1532);
#1532 = AXIS2_PLACEMENT_3D('',#1533,#1534,#1535);
#1533 = CARTESIAN_POINT('',(57.4,-5.E-02,6.3));
#1534 = DIRECTION('',(1.,0.,-0.));
#1535 = DIRECTION('',(0.,0.,1.));
#1536 = ADVANCED_FACE('',(#1537),#1548,.T.);
#1537 = FACE_BOUND('',#1538,.T.);
#1538 = EDGE_LOOP('',(#1539,#1540,#1541,#1542));
#1539 = ORIENTED_EDGE('',*,*,#1494,.F.);
#1540 = ORIENTED_EDGE('',*,*,#463,.T.);
#1541 = ORIENTED_EDGE('',*,*,#1518,.T.);
#1542 = ORIENTED_EDGE('',*,*,#1543,.F.);
#1543 = EDGE_CURVE('',#1495,#1519,#1544,.T.);
#1544 = LINE('',#1545,#1546);
#1545 = CARTESIAN_POINT('',(55.2,0.5,6.3));
#1546 = VECTOR('',#1547,1.);
#1547 = DIRECTION('',(1.,0.,-0.));
#1548 = PLANE('',#1549);
#1549 = AXIS2_PLACEMENT_3D('',#1550,#1551,#1552);
#1550 = CARTESIAN_POINT('',(55.2,-5.E-02,6.3));
#1551 = DIRECTION('',(0.,0.,1.));
#1552 = DIRECTION('',(1.,0.,-0.));
#1553 = ADVANCED_FACE('',(#1554),#1579,.F.);
#1554 = FACE_BOUND('',#1555,.F.);
#1555 = EDGE_LOOP('',(#1556,#1564,#1565,#1573));
#1556 = ORIENTED_EDGE('',*,*,#1557,.F.);
#1557 = EDGE_CURVE('',#480,#1558,#1560,.T.);
#1558 = VERTEX_POINT('',#1559);
#1559 = CARTESIAN_POINT('',(60.4,0.5,7.7));
#1560 = LINE('',#1561,#1562);
#1561 = CARTESIAN_POINT('',(60.4,-5.E-02,7.7));
#1562 = VECTOR('',#1563,1.);
#1563 = DIRECTION('',(-0.,1.,0.));
#1564 = ORIENTED_EDGE('',*,*,#479,.T.);
#1565 = ORIENTED_EDGE('',*,*,#1566,.T.);
#1566 = EDGE_CURVE('',#482,#1567,#1569,.T.);
#1567 = VERTEX_POINT('',#1568);
#1568 = CARTESIAN_POINT('',(62.6,0.5,7.7));
#1569 = LINE('',#1570,#1571);
#1570 = CARTESIAN_POINT('',(62.6,-5.E-02,7.7));
#1571 = VECTOR('',#1572,1.);
#1572 = DIRECTION('',(-0.,1.,0.));
#1573 = ORIENTED_EDGE('',*,*,#1574,.F.);
#1574 = EDGE_CURVE('',#1558,#1567,#1575,.T.);
#1575 = LINE('',#1576,#1577);
#1576 = CARTESIAN_POINT('',(60.4,0.5,7.7));
#1577 = VECTOR('',#1578,1.);
#1578 = DIRECTION('',(1.,0.,-0.));
#1579 = PLANE('',#1580);
#1580 = AXIS2_PLACEMENT_3D('',#1581,#1582,#1583);
#1581 = CARTESIAN_POINT('',(60.4,-5.E-02,7.7));
#1582 = DIRECTION('',(0.,0.,1.));
#1583 = DIRECTION('',(1.,0.,-0.));
#1584 = ADVANCED_FACE('',(#1585),#1603,.T.);
#1585 = FACE_BOUND('',#1586,.T.);
#1586 = EDGE_LOOP('',(#1587,#1588,#1589,#1597));
#1587 = ORIENTED_EDGE('',*,*,#1557,.F.);
#1588 = ORIENTED_EDGE('',*,*,#489,.T.);
#1589 = ORIENTED_EDGE('',*,*,#1590,.T.);
#1590 = EDGE_CURVE('',#490,#1591,#1593,.T.);
#1591 = VERTEX_POINT('',#1592);
#1592 = CARTESIAN_POINT('',(60.4,0.5,6.3));
#1593 = LINE('',#1594,#1595);
#1594 = CARTESIAN_POINT('',(60.4,-5.E-02,6.3));
#1595 = VECTOR('',#1596,1.);
#1596 = DIRECTION('',(-0.,1.,0.));
#1597 = ORIENTED_EDGE('',*,*,#1598,.T.);
#1598 = EDGE_CURVE('',#1591,#1558,#1599,.T.);
#1599 = LINE('',#1600,#1601);
#1600 = CARTESIAN_POINT('',(60.4,0.5,6.3));
#1601 = VECTOR('',#1602,1.);
#1602 = DIRECTION('',(0.,0.,1.));
#1603 = PLANE('',#1604);
#1604 = AXIS2_PLACEMENT_3D('',#1605,#1606,#1607);
#1605 = CARTESIAN_POINT('',(60.4,-5.E-02,6.3));
#1606 = DIRECTION('',(1.,0.,-0.));
#1607 = DIRECTION('',(0.,0.,1.));
#1608 = ADVANCED_FACE('',(#1609),#1627,.F.);
#1609 = FACE_BOUND('',#1610,.F.);
#1610 = EDGE_LOOP('',(#1611,#1612,#1613,#1621));
#1611 = ORIENTED_EDGE('',*,*,#1566,.F.);
#1612 = ORIENTED_EDGE('',*,*,#505,.T.);
#1613 = ORIENTED_EDGE('',*,*,#1614,.T.);
#1614 = EDGE_CURVE('',#498,#1615,#1617,.T.);
#1615 = VERTEX_POINT('',#1616);
#1616 = CARTESIAN_POINT('',(62.6,0.5,6.3));
#1617 = LINE('',#1618,#1619);
#1618 = CARTESIAN_POINT('',(62.6,-5.E-02,6.3));
#1619 = VECTOR('',#1620,1.);
#1620 = DIRECTION('',(-0.,1.,0.));
#1621 = ORIENTED_EDGE('',*,*,#1622,.T.);
#1622 = EDGE_CURVE('',#1615,#1567,#1623,.T.);
#1623 = LINE('',#1624,#1625);
#1624 = CARTESIAN_POINT('',(62.6,0.5,6.3));
#1625 = VECTOR('',#1626,1.);
#1626 = DIRECTION('',(0.,0.,1.));
#1627 = PLANE('',#1628);
#1628 = AXIS2_PLACEMENT_3D('',#1629,#1630,#1631);
#1629 = CARTESIAN_POINT('',(62.6,-5.E-02,6.3));
#1630 = DIRECTION('',(1.,0.,-0.));
#1631 = DIRECTION('',(0.,0.,1.));
#1632 = ADVANCED_FACE('',(#1633),#1644,.T.);
#1633 = FACE_BOUND('',#1634,.T.);
#1634 = EDGE_LOOP('',(#1635,#1636,#1637,#1638));
#1635 = ORIENTED_EDGE('',*,*,#1590,.F.);
#1636 = ORIENTED_EDGE('',*,*,#497,.T.);
#1637 = ORIENTED_EDGE('',*,*,#1614,.T.);
#1638 = ORIENTED_EDGE('',*,*,#1639,.F.);
#1639 = EDGE_CURVE('',#1591,#1615,#1640,.T.);
#1640 = LINE('',#1641,#1642);
#1641 = CARTESIAN_POINT('',(60.4,0.5,6.3));
#1642 = VECTOR('',#1643,1.);
#1643 = DIRECTION('',(1.,0.,-0.));
#1644 = PLANE('',#1645);
#1645 = AXIS2_PLACEMENT_3D('',#1646,#1647,#1648);
#1646 = CARTESIAN_POINT('',(60.4,-5.E-02,6.3));
#1647 = DIRECTION('',(0.,0.,1.));
#1648 = DIRECTION('',(1.,0.,-0.));
#1649 = ADVANCED_FACE('',(#1650),#1675,.F.);
#1650 = FACE_BOUND('',#1651,.F.);
#1651 = EDGE_LOOP('',(#1652,#1660,#1661,#1669));
#1652 = ORIENTED_EDGE('',*,*,#1653,.F.);
#1653 = EDGE_CURVE('',#514,#1654,#1656,.T.);
#1654 = VERTEX_POINT('',#1655);
#1655 = CARTESIAN_POINT('',(65.6,0.5,7.7));
#1656 = LINE('',#1657,#1658);
#1657 = CARTESIAN_POINT('',(65.6,-5.E-02,7.7));
#1658 = VECTOR('',#1659,1.);
#1659 = DIRECTION('',(-0.,1.,0.));
#1660 = ORIENTED_EDGE('',*,*,#513,.T.);
#1661 = ORIENTED_EDGE('',*,*,#1662,.T.);
#1662 = EDGE_CURVE('',#516,#1663,#1665,.T.);
#1663 = VERTEX_POINT('',#1664);
#1664 = CARTESIAN_POINT('',(67.8,0.5,7.7));
#1665 = LINE('',#1666,#1667);
#1666 = CARTESIAN_POINT('',(67.8,-5.E-02,7.7));
#1667 = VECTOR('',#1668,1.);
#1668 = DIRECTION('',(-0.,1.,0.));
#1669 = ORIENTED_EDGE('',*,*,#1670,.F.);
#1670 = EDGE_CURVE('',#1654,#1663,#1671,.T.);
#1671 = LINE('',#1672,#1673);
#1672 = CARTESIAN_POINT('',(65.6,0.5,7.7));
#1673 = VECTOR('',#1674,1.);
#1674 = DIRECTION('',(1.,0.,-0.));
#1675 = PLANE('',#1676);
#1676 = AXIS2_PLACEMENT_3D('',#1677,#1678,#1679);
#1677 = CARTESIAN_POINT('',(65.6,-5.E-02,7.7));
#1678 = DIRECTION('',(0.,0.,1.));
#1679 = DIRECTION('',(1.,0.,-0.));
#1680 = ADVANCED_FACE('',(#1681),#1699,.F.);
#1681 = FACE_BOUND('',#1682,.F.);
#1682 = EDGE_LOOP('',(#1683,#1684,#1685,#1693));
#1683 = ORIENTED_EDGE('',*,*,#1662,.F.);
#1684 = ORIENTED_EDGE('',*,*,#539,.T.);
#1685 = ORIENTED_EDGE('',*,*,#1686,.T.);
#1686 = EDGE_CURVE('',#532,#1687,#1689,.T.);
#1687 = VERTEX_POINT('',#1688);
#1688 = CARTESIAN_POINT('',(67.8,0.5,6.3));
#1689 = LINE('',#1690,#1691);
#1690 = CARTESIAN_POINT('',(67.8,-5.E-02,6.3));
#1691 = VECTOR('',#1692,1.);
#1692 = DIRECTION('',(-0.,1.,0.));
#1693 = ORIENTED_EDGE('',*,*,#1694,.T.);
#1694 = EDGE_CURVE('',#1687,#1663,#1695,.T.);
#1695 = LINE('',#1696,#1697);
#1696 = CARTESIAN_POINT('',(67.8,0.5,6.3));
#1697 = VECTOR('',#1698,1.);
#1698 = DIRECTION('',(0.,0.,1.));
#1699 = PLANE('',#1700);
#1700 = AXIS2_PLACEMENT_3D('',#1701,#1702,#1703);
#1701 = CARTESIAN_POINT('',(67.8,-5.E-02,6.3));
#1702 = DIRECTION('',(1.,0.,-0.));
#1703 = DIRECTION('',(0.,0.,1.));
#1704 = ADVANCED_FACE('',(#1705),#1723,.T.);
#1705 = FACE_BOUND('',#1706,.T.);
#1706 = EDGE_LOOP('',(#1707,#1715,#1716,#1717));
#1707 = ORIENTED_EDGE('',*,*,#1708,.F.);
#1708 = EDGE_CURVE('',#524,#1709,#1711,.T.);
#1709 = VERTEX_POINT('',#1710);
#1710 = CARTESIAN_POINT('',(65.6,0.5,6.3));
#1711 = LINE('',#1712,#1713);
#1712 = CARTESIAN_POINT('',(65.6,-5.E-02,6.3));
#1713 = VECTOR('',#1714,1.);
#1714 = DIRECTION('',(-0.,1.,0.));
#1715 = ORIENTED_EDGE('',*,*,#531,.T.);
#1716 = ORIENTED_EDGE('',*,*,#1686,.T.);
#1717 = ORIENTED_EDGE('',*,*,#1718,.F.);
#1718 = EDGE_CURVE('',#1709,#1687,#1719,.T.);
#1719 = LINE('',#1720,#1721);
#1720 = CARTESIAN_POINT('',(65.6,0.5,6.3));
#1721 = VECTOR('',#1722,1.);
#1722 = DIRECTION('',(1.,0.,-0.));
#1723 = PLANE('',#1724);
#1724 = AXIS2_PLACEMENT_3D('',#1725,#1726,#1727);
#1725 = CARTESIAN_POINT('',(65.6,-5.E-02,6.3));
#1726 = DIRECTION('',(0.,0.,1.));
#1727 = DIRECTION('',(1.,0.,-0.));
#1728 = ADVANCED_FACE('',(#1729),#1740,.T.);
#1729 = FACE_BOUND('',#1730,.T.);
#1730 = EDGE_LOOP('',(#1731,#1732,#1733,#1734));
#1731 = ORIENTED_EDGE('',*,*,#1653,.F.);
#1732 = ORIENTED_EDGE('',*,*,#523,.T.);
#1733 = ORIENTED_EDGE('',*,*,#1708,.T.);
#1734 = ORIENTED_EDGE('',*,*,#1735,.T.);
#1735 = EDGE_CURVE('',#1709,#1654,#1736,.T.);
#1736 = LINE('',#1737,#1738);
#1737 = CARTESIAN_POINT('',(65.6,0.5,6.3));
#1738 = VECTOR('',#1739,1.);
#1739 = DIRECTION('',(0.,0.,1.));
#1740 = PLANE('',#1741);
#1741 = AXIS2_PLACEMENT_3D('',#1742,#1743,#1744);
#1742 = CARTESIAN_POINT('',(65.6,-5.E-02,6.3));
#1743 = DIRECTION('',(1.,0.,-0.));
#1744 = DIRECTION('',(0.,0.,1.));
#1745 = ADVANCED_FACE('',(#1746),#1752,.T.);
#1746 = FACE_BOUND('',#1747,.T.);
#1747 = EDGE_LOOP('',(#1748,#1749,#1750,#1751));
#1748 = ORIENTED_EDGE('',*,*,#774,.F.);
#1749 = ORIENTED_EDGE('',*,*,#581,.T.);
#1750 = ORIENTED_EDGE('',*,*,#824,.T.);
#1751 = ORIENTED_EDGE('',*,*,#631,.T.);
#1752 = PLANE('',#1753);
#1753 = AXIS2_PLACEMENT_3D('',#1754,#1755,#1756);
#1754 = CARTESIAN_POINT('',(98.,8.,0.));
#1755 = DIRECTION('',(1.,0.,-0.));
#1756 = DIRECTION('',(0.,0.,1.));
#1757 = ADVANCED_FACE('',(#1758),#1764,.F.);
#1758 = FACE_BOUND('',#1759,.F.);
#1759 = EDGE_LOOP('',(#1760,#1761,#1762,#1763));
#1760 = ORIENTED_EDGE('',*,*,#648,.F.);
#1761 = ORIENTED_EDGE('',*,*,#870,.T.);
#1762 = ORIENTED_EDGE('',*,*,#731,.T.);
#1763 = ORIENTED_EDGE('',*,*,#817,.F.);
#1764 = PLANE('',#1765);
#1765 = AXIS2_PLACEMENT_3D('',#1766,#1767,#1768);
#1766 = CARTESIAN_POINT('',(1.8,63.2,1.8));
#1767 = DIRECTION('',(-0.,1.,0.));
#1768 = DIRECTION('',(0.,0.,1.));
#1769 = ADVANCED_FACE('',(#1770),#1776,.F.);
#1770 = FACE_BOUND('',#1771,.F.);
#1771 = EDGE_LOOP('',(#1772,#1773,#1774,#1775));
#1772 = ORIENTED_EDGE('',*,*,#967,.F.);
#1773 = ORIENTED_EDGE('',*,*,#926,.T.);
#1774 = ORIENTED_EDGE('',*,*,#902,.T.);
#1775 = ORIENTED_EDGE('',*,*,#950,.F.);
#1776 = PLANE('',#1777);
#1777 = AXIS2_PLACEMENT_3D('',#1778,#1779,#1780);
#1778 = CARTESIAN_POINT('',(24.,0.5,6.3));
#1779 = DIRECTION('',(-0.,1.,0.));
#1780 = DIRECTION('',(0.,0.,1.));
#1781 = ADVANCED_FACE('',(#1782),#1788,.F.);
#1782 = FACE_BOUND('',#1783,.F.);
#1783 = EDGE_LOOP('',(#1784,#1785,#1786,#1787));
#1784 = ORIENTED_EDGE('',*,*,#1063,.F.);
#1785 = ORIENTED_EDGE('',*,*,#1022,.T.);
#1786 = ORIENTED_EDGE('',*,*,#998,.T.);
#1787 = ORIENTED_EDGE('',*,*,#1046,.F.);
#1788 = PLANE('',#1789);
#1789 = AXIS2_PLACEMENT_3D('',#1790,#1791,#1792);
#1790 = CARTESIAN_POINT('',(29.2,0.5,6.3));
#1791 = DIRECTION('',(-0.,1.,0.));
#1792 = DIRECTION('',(0.,0.,1.));
#1793 = ADVANCED_FACE('',(#1794),#1800,.F.);
#1794 = FACE_BOUND('',#1795,.F.);
#1795 = EDGE_LOOP('',(#1796,#1797,#1798,#1799));
#1796 = ORIENTED_EDGE('',*,*,#1159,.F.);
#1797 = ORIENTED_EDGE('',*,*,#1118,.T.);
#1798 = ORIENTED_EDGE('',*,*,#1094,.T.);
#1799 = ORIENTED_EDGE('',*,*,#1142,.F.);
#1800 = PLANE('',#1801);
#1801 = AXIS2_PLACEMENT_3D('',#1802,#1803,#1804);
#1802 = CARTESIAN_POINT('',(34.4,0.5,6.3));
#1803 = DIRECTION('',(-0.,1.,0.));
#1804 = DIRECTION('',(0.,0.,1.));
#1805 = ADVANCED_FACE('',(#1806),#1812,.F.);
#1806 = FACE_BOUND('',#1807,.F.);
#1807 = EDGE_LOOP('',(#1808,#1809,#1810,#1811));
#1808 = ORIENTED_EDGE('',*,*,#1255,.F.);
#1809 = ORIENTED_EDGE('',*,*,#1214,.T.);
#1810 = ORIENTED_EDGE('',*,*,#1190,.T.);
#1811 = ORIENTED_EDGE('',*,*,#1238,.F.);
#1812 = PLANE('',#1813);
#1813 = AXIS2_PLACEMENT_3D('',#1814,#1815,#1816);
#1814 = CARTESIAN_POINT('',(39.6,0.5,6.3));
#1815 = DIRECTION('',(-0.,1.,0.));
#1816 = DIRECTION('',(0.,0.,1.));
#1817 = ADVANCED_FACE('',(#1818),#1824,.F.);
#1818 = FACE_BOUND('',#1819,.F.);
#1819 = EDGE_LOOP('',(#1820,#1821,#1822,#1823));
#1820 = ORIENTED_EDGE('',*,*,#1351,.F.);
#1821 = ORIENTED_EDGE('',*,*,#1310,.T.);
#1822 = ORIENTED_EDGE('',*,*,#1286,.T.);
#1823 = ORIENTED_EDGE('',*,*,#1334,.F.);
#1824 = PLANE('',#1825);
#1825 = AXIS2_PLACEMENT_3D('',#1826,#1827,#1828);
#1826 = CARTESIAN_POINT('',(44.8,0.5,6.3));
#1827 = DIRECTION('',(-0.,1.,0.));
#1828 = DIRECTION('',(0.,0.,1.));
#1829 = ADVANCED_FACE('',(#1830),#1836,.F.);
#1830 = FACE_BOUND('',#1831,.F.);
#1831 = EDGE_LOOP('',(#1832,#1833,#1834,#1835));
#1832 = ORIENTED_EDGE('',*,*,#1447,.F.);
#1833 = ORIENTED_EDGE('',*,*,#1406,.T.);
#1834 = ORIENTED_EDGE('',*,*,#1382,.T.);
#1835 = ORIENTED_EDGE('',*,*,#1430,.F.);
#1836 = PLANE('',#1837);
#1837 = AXIS2_PLACEMENT_3D('',#1838,#1839,#1840);
#1838 = CARTESIAN_POINT('',(50.,0.5,6.3));
#1839 = DIRECTION('',(-0.,1.,0.));
#1840 = DIRECTION('',(0.,0.,1.));
#1841 = ADVANCED_FACE('',(#1842),#1848,.F.);
#1842 = FACE_BOUND('',#1843,.F.);
#1843 = EDGE_LOOP('',(#1844,#1845,#1846,#1847));
#1844 = ORIENTED_EDGE('',*,*,#1543,.F.);
#1845 = ORIENTED_EDGE('',*,*,#1502,.T.);
#1846 = ORIENTED_EDGE('',*,*,#1478,.T.);
#1847 = ORIENTED_EDGE('',*,*,#1526,.F.);
#1848 = PLANE('',#1849);
#1849 = AXIS2_PLACEMENT_3D('',#1850,#1851,#1852);
#1850 = CARTESIAN_POINT('',(55.2,0.5,6.3));
#1851 = DIRECTION('',(-0.,1.,0.));
#1852 = DIRECTION('',(0.,0.,1.));
#1853 = ADVANCED_FACE('',(#1854),#1860,.F.);
#1854 = FACE_BOUND('',#1855,.F.);
#1855 = EDGE_LOOP('',(#1856,#1857,#1858,#1859));
#1856 = ORIENTED_EDGE('',*,*,#1639,.F.);
#1857 = ORIENTED_EDGE('',*,*,#1598,.T.);
#1858 = ORIENTED_EDGE('',*,*,#1574,.T.);
#1859 = ORIENTED_EDGE('',*,*,#1622,.F.);
#1860 = PLANE('',#1861);
#1861 = AXIS2_PLACEMENT_3D('',#1862,#1863,#1864);
#1862 = CARTESIAN_POINT('',(60.4,0.5,6.3));
#1863 = DIRECTION('',(-0.,1.,0.));
#1864 = DIRECTION('',(0.,0.,1.));
#1865 = ADVANCED_FACE('',(#1866),#1872,.F.);
#1866 = FACE_BOUND('',#1867,.F.);
#1867 = EDGE_LOOP('',(#1868,#1869,#1870,#1871));
#1868 = ORIENTED_EDGE('',*,*,#1718,.F.);
#1869 = ORIENTED_EDGE('',*,*,#1735,.T.);
#1870 = ORIENTED_EDGE('',*,*,#1670,.T.);
#1871 = ORIENTED_EDGE('',*,*,#1694,.F.);
#1872 = PLANE('',#1873);
#1873 = AXIS2_PLACEMENT_3D('',#1874,#1875,#1876);
#1874 = CARTESIAN_POINT('',(65.6,0.5,6.3));
#1875 = DIRECTION('',(-0.,1.,0.));
#1876 = DIRECTION('',(0.,0.,1.));
#1877 = ( GEOMETRIC_REPRESENTATION_CONTEXT(3) 
GLOBAL_UNCERTAINTY_ASSIGNED_CONTEXT((#1881)) 
GLOBAL_UNIT_ASSIGNED_CONTEXT((#1878,#1879,#1880)) REPRESENTATION_CONTEXT
('Context #1','3D Context with UNIT and UNCERTAINTY') );
#1878 = ( LENGTH_UNIT() NAMED_UNIT(*) SI_UNIT(.MILLI.,.METRE.) );
#1879 = ( NAMED_UNIT(*) PLANE_ANGLE_UNIT() SI_UNIT($,.RADIAN.) );
#1880 = ( NAMED_UNIT(*) SI_UNIT($,.STERADIAN.) SOLID_ANGLE_UNIT() );
#1881 = UNCERTAINTY_MEASURE_WITH_UNIT(LENGTH_MEASURE(1.E-07),#1878,
  'distance_accuracy_value','confusion accuracy');
#1882 = CONTEXT_DEPENDENT_SHAPE_REPRESENTATION(#1883,#1885);
#1883 = ( REPRESENTATION_RELATIONSHIP('','',#48,#10) 
REPRESENTATION_RELATIONSHIP_WITH_TRANSFORMATION(#1884) 
SHAPE_REPRESENTATION_RELATIONSHIP() );
#1884 = ITEM_DEFINED_TRANSFORMATION('','',#11,#15);
#1885 = PRODUCT_DEFINITION_SHAPE('Placement','Placement of an item',
  #1886);
#1886 = NEXT_ASSEMBLY_USAGE_OCCURRENCE('1',
  'Outer Shell — PC+ABS intent','',#5,#43,$);
#1887 = PRODUCT_RELATED_PRODUCT_CATEGORY('part',$,(#45));
#1888 = SHAPE_DEFINITION_REPRESENTATION(#1889,#1895);
#1889 = PRODUCT_DEFINITION_SHAPE('','',#1890);
#1890 = PRODUCT_DEFINITION('design','',#1891,#1894);
#1891 = PRODUCT_DEFINITION_FORMATION('','',#1892);
#1892 = PRODUCT('Sliding Tray — PC+ABS intent',
  'Sliding Tray — PC+ABS intent','',(#1893));
#1893 = PRODUCT_CONTEXT('',#2,'mechanical');
#1894 = PRODUCT_DEFINITION_CONTEXT('part definition',#2,'design');
#1895 = ADVANCED_BREP_SHAPE_REPRESENTATION('',(#11,#1896),#2246);
#1896 = MANIFOLD_SOLID_BREP('',#1897);
#1897 = CLOSED_SHELL('',(#1898,#1938,#1969,#2010,#2050,#2081,#2122,#2144
    ,#2168,#2201,#2215,#2234));
#1898 = ADVANCED_FACE('',(#1899),#1933,.T.);
#1899 = FACE_BOUND('',#1900,.T.);
#1900 = EDGE_LOOP('',(#1901,#1911,#1919,#1927));
#1901 = ORIENTED_EDGE('',*,*,#1902,.T.);
#1902 = EDGE_CURVE('',#1903,#1905,#1907,.T.);
#1903 = VERTEX_POINT('',#1904);
#1904 = CARTESIAN_POINT('',(2.15,2.15,2.15));
#1905 = VERTEX_POINT('',#1906);
#1906 = CARTESIAN_POINT('',(2.15,2.15,4.95));
#1907 = LINE('',#1908,#1909);
#1908 = CARTESIAN_POINT('',(2.15,2.15,2.15));
#1909 = VECTOR('',#1910,1.);
#1910 = DIRECTION('',(0.,0.,1.));
#1911 = ORIENTED_EDGE('',*,*,#1912,.T.);
#1912 = EDGE_CURVE('',#1905,#1913,#1915,.T.);
#1913 = VERTEX_POINT('',#1914);
#1914 = CARTESIAN_POINT('',(2.15,62.85,4.95));
#1915 = LINE('',#1916,#1917);
#1916 = CARTESIAN_POINT('',(2.15,2.15,4.95));
#1917 = VECTOR('',#1918,1.);
#1918 = DIRECTION('',(-0.,1.,0.));
#1919 = ORIENTED_EDGE('',*,*,#1920,.F.);
#1920 = EDGE_CURVE('',#1921,#1913,#1923,.T.);
#1921 = VERTEX_POINT('',#1922);
#1922 = CARTESIAN_POINT('',(2.15,62.85,2.15));
#1923 = LINE('',#1924,#1925);
#1924 = CARTESIAN_POINT('',(2.15,62.85,2.15));
#1925 = VECTOR('',#1926,1.);
#1926 = DIRECTION('',(0.,0.,1.));
#1927 = ORIENTED_EDGE('',*,*,#1928,.F.);
#1928 = EDGE_CURVE('',#1903,#1921,#1929,.T.);
#1929 = LINE('',#1930,#1931);
#1930 = CARTESIAN_POINT('',(2.15,2.15,2.15));
#1931 = VECTOR('',#1932,1.);
#1932 = DIRECTION('',(-0.,1.,0.));
#1933 = PLANE('',#1934);
#1934 = AXIS2_PLACEMENT_3D('',#1935,#1936,#1937);
#1935 = CARTESIAN_POINT('',(2.15,32.5,3.55));
#1936 = DIRECTION('',(-1.,-0.,-0.));
#1937 = DIRECTION('',(0.,0.,-1.));
#1938 = ADVANCED_FACE('',(#1939),#1964,.T.);
#1939 = FACE_BOUND('',#1940,.T.);
#1940 = EDGE_LOOP('',(#1941,#1949,#1957,#1963));
#1941 = ORIENTED_EDGE('',*,*,#1942,.T.);
#1942 = EDGE_CURVE('',#1903,#1943,#1945,.T.);
#1943 = VERTEX_POINT('',#1944);
#1944 = CARTESIAN_POINT('',(97.65,2.15,2.15));
#1945 = LINE('',#1946,#1947);
#1946 = CARTESIAN_POINT('',(2.15,2.15,2.15));
#1947 = VECTOR('',#1948,1.);
#1948 = DIRECTION('',(1.,0.,-0.));
#1949 = ORIENTED_EDGE('',*,*,#1950,.T.);
#1950 = EDGE_CURVE('',#1943,#1951,#1953,.T.);
#1951 = VERTEX_POINT('',#1952);
#1952 = CARTESIAN_POINT('',(97.65,2.15,4.95));
#1953 = LINE('',#1954,#1955);
#1954 = CARTESIAN_POINT('',(97.65,2.15,2.15));
#1955 = VECTOR('',#1956,1.);
#1956 = DIRECTION('',(0.,0.,1.));
#1957 = ORIENTED_EDGE('',*,*,#1958,.F.);
#1958 = EDGE_CURVE('',#1905,#1951,#1959,.T.);
#1959 = LINE('',#1960,#1961);
#1960 = CARTESIAN_POINT('',(2.15,2.15,4.95));
#1961 = VECTOR('',#1962,1.);
#1962 = DIRECTION('',(1.,0.,-0.));
#1963 = ORIENTED_EDGE('',*,*,#1902,.F.);
#1964 = PLANE('',#1965);
#1965 = AXIS2_PLACEMENT_3D('',#1966,#1967,#1968);
#1966 = CARTESIAN_POINT('',(49.9,2.15,3.55));
#1967 = DIRECTION('',(-0.,-1.,-0.));
#1968 = DIRECTION('',(0.,0.,-1.));
#1969 = ADVANCED_FACE('',(#1970),#2005,.F.);
#1970 = FACE_BOUND('',#1971,.T.);
#1971 = EDGE_LOOP('',(#1972,#1973,#1981,#1989,#1998,#2004));
#1972 = ORIENTED_EDGE('',*,*,#1928,.T.);
#1973 = ORIENTED_EDGE('',*,*,#1974,.T.);
#1974 = EDGE_CURVE('',#1921,#1975,#1977,.T.);
#1975 = VERTEX_POINT('',#1976);
#1976 = CARTESIAN_POINT('',(97.65,62.85,2.15));
#1977 = LINE('',#1978,#1979);
#1978 = CARTESIAN_POINT('',(2.15,62.85,2.15));
#1979 = VECTOR('',#1980,1.);
#1980 = DIRECTION('',(1.,0.,-0.));
#1981 = ORIENTED_EDGE('',*,*,#1982,.F.);
#1982 = EDGE_CURVE('',#1983,#1975,#1985,.T.);
#1983 = VERTEX_POINT('',#1984);
#1984 = CARTESIAN_POINT('',(97.65,41.270832343626,2.15));
#1985 = LINE('',#1986,#1987);
#1986 = CARTESIAN_POINT('',(97.65,2.15,2.15));
#1987 = VECTOR('',#1988,1.);
#1988 = DIRECTION('',(-0.,1.,0.));
#1989 = ORIENTED_EDGE('',*,*,#1990,.T.);
#1990 = EDGE_CURVE('',#1983,#1991,#1993,.T.);
#1991 = VERTEX_POINT('',#1992);
#1992 = CARTESIAN_POINT('',(97.65,23.729167656374,2.15));
#1993 = CIRCLE('',#1994,9.5);
#1994 = AXIS2_PLACEMENT_3D('',#1995,#1996,#1997);
#1995 = CARTESIAN_POINT('',(94.,32.5,2.15));
#1996 = DIRECTION('',(0.,0.,1.));
#1997 = DIRECTION('',(1.,0.,-0.));
#1998 = ORIENTED_EDGE('',*,*,#1999,.F.);
#1999 = EDGE_CURVE('',#1943,#1991,#2000,.T.);
#2000 = LINE('',#2001,#2002);
#2001 = CARTESIAN_POINT('',(97.65,2.15,2.15));
#2002 = VECTOR('',#2003,1.);
#2003 = DIRECTION('',(-0.,1.,0.));
#2004 = ORIENTED_EDGE('',*,*,#1942,.F.);
#2005 = PLANE('',#2006);
#2006 = AXIS2_PLACEMENT_3D('',#2007,#2008,#2009);
#2007 = CARTESIAN_POINT('',(2.15,2.15,2.15));
#2008 = DIRECTION('',(0.,0.,1.));
#2009 = DIRECTION('',(1.,0.,-0.));
#2010 = ADVANCED_FACE('',(#2011),#2045,.T.);
#2011 = FACE_BOUND('',#2012,.T.);
#2012 = EDGE_LOOP('',(#2013,#2023,#2031,#2039));
#2013 = ORIENTED_EDGE('',*,*,#2014,.F.);
#2014 = EDGE_CURVE('',#2015,#2017,#2019,.T.);
#2015 = VERTEX_POINT('',#2016);
#2016 = CARTESIAN_POINT('',(3.35,3.3,4.95));
#2017 = VERTEX_POINT('',#2018);
#2018 = CARTESIAN_POINT('',(3.35,61.7,4.95));
#2019 = LINE('',#2020,#2021);
#2020 = CARTESIAN_POINT('',(3.35,2.15,4.95));
#2021 = VECTOR('',#2022,1.);
#2022 = DIRECTION('',(-0.,1.,0.));
#2023 = ORIENTED_EDGE('',*,*,#2024,.T.);
#2024 = EDGE_CURVE('',#2015,#2025,#2027,.T.);
#2025 = VERTEX_POINT('',#2026);
#2026 = CARTESIAN_POINT('',(3.35,3.3,3.35));
#2027 = LINE('',#2028,#2029);
#2028 = CARTESIAN_POINT('',(3.35,3.3,2.15));
#2029 = VECTOR('',#2030,1.);
#2030 = DIRECTION('',(-0.,0.,-1.));
#2031 = ORIENTED_EDGE('',*,*,#2032,.T.);
#2032 = EDGE_CURVE('',#2025,#2033,#2035,.T.);
#2033 = VERTEX_POINT('',#2034);
#2034 = CARTESIAN_POINT('',(3.35,61.7,3.35));
#2035 = LINE('',#2036,#2037);
#2036 = CARTESIAN_POINT('',(3.35,2.15,3.35));
#2037 = VECTOR('',#2038,1.);
#2038 = DIRECTION('',(-0.,1.,0.));
#2039 = ORIENTED_EDGE('',*,*,#2040,.F.);
#2040 = EDGE_CURVE('',#2017,#2033,#2041,.T.);
#2041 = LINE('',#2042,#2043);
#2042 = CARTESIAN_POINT('',(3.35,61.7,2.15));
#2043 = VECTOR('',#2044,1.);
#2044 = DIRECTION('',(-0.,0.,-1.));
#2045 = PLANE('',#2046);
#2046 = AXIS2_PLACEMENT_3D('',#2047,#2048,#2049);
#2047 = CARTESIAN_POINT('',(3.35,2.15,2.15));
#2048 = DIRECTION('',(1.,0.,-0.));
#2049 = DIRECTION('',(0.,0.,1.));
#2050 = ADVANCED_FACE('',(#2051),#2076,.T.);
#2051 = FACE_BOUND('',#2052,.T.);
#2052 = EDGE_LOOP('',(#2053,#2063,#2069,#2070));
#2053 = ORIENTED_EDGE('',*,*,#2054,.F.);
#2054 = EDGE_CURVE('',#2055,#2057,#2059,.T.);
#2055 = VERTEX_POINT('',#2056);
#2056 = CARTESIAN_POINT('',(97.65,3.3,3.35));
#2057 = VERTEX_POINT('',#2058);
#2058 = CARTESIAN_POINT('',(97.65,3.3,4.95));
#2059 = LINE('',#2060,#2061);
#2060 = CARTESIAN_POINT('',(97.65,3.3,2.15));
#2061 = VECTOR('',#2062,1.);
#2062 = DIRECTION('',(0.,0.,1.));
#2063 = ORIENTED_EDGE('',*,*,#2064,.T.);
#2064 = EDGE_CURVE('',#2055,#2025,#2065,.T.);
#2065 = LINE('',#2066,#2067);
#2066 = CARTESIAN_POINT('',(2.15,3.3,3.35));
#2067 = VECTOR('',#2068,1.);
#2068 = DIRECTION('',(-1.,-0.,0.));
#2069 = ORIENTED_EDGE('',*,*,#2024,.F.);
#2070 = ORIENTED_EDGE('',*,*,#2071,.T.);
#2071 = EDGE_CURVE('',#2015,#2057,#2072,.T.);
#2072 = LINE('',#2073,#2074);
#2073 = CARTESIAN_POINT('',(2.15,3.3,4.95));
#2074 = VECTOR('',#2075,1.);
#2075 = DIRECTION('',(1.,0.,-0.));
#2076 = PLANE('',#2077);
#2077 = AXIS2_PLACEMENT_3D('',#2078,#2079,#2080);
#2078 = CARTESIAN_POINT('',(2.15,3.3,2.15));
#2079 = DIRECTION('',(-0.,1.,0.));
#2080 = DIRECTION('',(0.,0.,1.));
#2081 = ADVANCED_FACE('',(#2082),#2117,.T.);
#2082 = FACE_BOUND('',#2083,.T.);
#2083 = EDGE_LOOP('',(#2084,#2085,#2086,#2094,#2103,#2111));
#2084 = ORIENTED_EDGE('',*,*,#2032,.F.);
#2085 = ORIENTED_EDGE('',*,*,#2064,.F.);
#2086 = ORIENTED_EDGE('',*,*,#2087,.T.);
#2087 = EDGE_CURVE('',#2055,#2088,#2090,.T.);
#2088 = VERTEX_POINT('',#2089);
#2089 = CARTESIAN_POINT('',(97.65,23.729167656374,3.35));
#2090 = LINE('',#2091,#2092);
#2091 = CARTESIAN_POINT('',(97.65,2.15,3.35));
#2092 = VECTOR('',#2093,1.);
#2093 = DIRECTION('',(-0.,1.,0.));
#2094 = ORIENTED_EDGE('',*,*,#2095,.F.);
#2095 = EDGE_CURVE('',#2096,#2088,#2098,.T.);
#2096 = VERTEX_POINT('',#2097);
#2097 = CARTESIAN_POINT('',(97.65,41.270832343626,3.35));
#2098 = CIRCLE('',#2099,9.5);
#2099 = AXIS2_PLACEMENT_3D('',#2100,#2101,#2102);
#2100 = CARTESIAN_POINT('',(94.,32.5,3.35));
#2101 = DIRECTION('',(0.,0.,1.));
#2102 = DIRECTION('',(1.,0.,-0.));
#2103 = ORIENTED_EDGE('',*,*,#2104,.T.);
#2104 = EDGE_CURVE('',#2096,#2105,#2107,.T.);
#2105 = VERTEX_POINT('',#2106);
#2106 = CARTESIAN_POINT('',(97.65,61.7,3.35));
#2107 = LINE('',#2108,#2109);
#2108 = CARTESIAN_POINT('',(97.65,2.15,3.35));
#2109 = VECTOR('',#2110,1.);
#2110 = DIRECTION('',(-0.,1.,0.));
#2111 = ORIENTED_EDGE('',*,*,#2112,.T.);
#2112 = EDGE_CURVE('',#2105,#2033,#2113,.T.);
#2113 = LINE('',#2114,#2115);
#2114 = CARTESIAN_POINT('',(2.15,61.7,3.35));
#2115 = VECTOR('',#2116,1.);
#2116 = DIRECTION('',(-1.,-0.,0.));
#2117 = PLANE('',#2118);
#2118 = AXIS2_PLACEMENT_3D('',#2119,#2120,#2121);
#2119 = CARTESIAN_POINT('',(2.15,2.15,3.35));
#2120 = DIRECTION('',(0.,0.,1.));
#2121 = DIRECTION('',(1.,0.,-0.));
#2122 = ADVANCED_FACE('',(#2123),#2139,.F.);
#2123 = FACE_BOUND('',#2124,.F.);
#2124 = EDGE_LOOP('',(#2125,#2131,#2132,#2138));
#2125 = ORIENTED_EDGE('',*,*,#2126,.F.);
#2126 = EDGE_CURVE('',#1983,#2096,#2127,.T.);
#2127 = LINE('',#2128,#2129);
#2128 = CARTESIAN_POINT('',(97.65,41.270832343626,1.65));
#2129 = VECTOR('',#2130,1.);
#2130 = DIRECTION('',(0.,0.,1.));
#2131 = ORIENTED_EDGE('',*,*,#1990,.T.);
#2132 = ORIENTED_EDGE('',*,*,#2133,.T.);
#2133 = EDGE_CURVE('',#1991,#2088,#2134,.T.);
#2134 = LINE('',#2135,#2136);
#2135 = CARTESIAN_POINT('',(97.65,23.729167656374,1.65));
#2136 = VECTOR('',#2137,1.);
#2137 = DIRECTION('',(0.,0.,1.));
#2138 = ORIENTED_EDGE('',*,*,#2095,.F.);
#2139 = CYLINDRICAL_SURFACE('',#2140,9.5);
#2140 = AXIS2_PLACEMENT_3D('',#2141,#2142,#2143);
#2141 = CARTESIAN_POINT('',(94.,32.5,1.65));
#2142 = DIRECTION('',(0.,0.,1.));
#2143 = DIRECTION('',(1.,0.,-0.));
#2144 = ADVANCED_FACE('',(#2145),#2163,.F.);
#2145 = FACE_BOUND('',#2146,.F.);
#2146 = EDGE_LOOP('',(#2147,#2155,#2156,#2157));
#2147 = ORIENTED_EDGE('',*,*,#2148,.F.);
#2148 = EDGE_CURVE('',#2105,#2149,#2151,.T.);
#2149 = VERTEX_POINT('',#2150);
#2150 = CARTESIAN_POINT('',(97.65,61.7,4.95));
#2151 = LINE('',#2152,#2153);
#2152 = CARTESIAN_POINT('',(97.65,61.7,2.15));
#2153 = VECTOR('',#2154,1.);
#2154 = DIRECTION('',(0.,0.,1.));
#2155 = ORIENTED_EDGE('',*,*,#2112,.T.);
#2156 = ORIENTED_EDGE('',*,*,#2040,.F.);
#2157 = ORIENTED_EDGE('',*,*,#2158,.T.);
#2158 = EDGE_CURVE('',#2017,#2149,#2159,.T.);
#2159 = LINE('',#2160,#2161);
#2160 = CARTESIAN_POINT('',(2.15,61.7,4.95));
#2161 = VECTOR('',#2162,1.);
#2162 = DIRECTION('',(1.,0.,-0.));
#2163 = PLANE('',#2164);
#2164 = AXIS2_PLACEMENT_3D('',#2165,#2166,#2167);
#2165 = CARTESIAN_POINT('',(2.15,61.7,2.15));
#2166 = DIRECTION('',(-0.,1.,0.));
#2167 = DIRECTION('',(0.,0.,1.));
#2168 = ADVANCED_FACE('',(#2169),#2196,.T.);
#2169 = FACE_BOUND('',#2170,.T.);
#2170 = EDGE_LOOP('',(#2171,#2172,#2173,#2179,#2180,#2181,#2182,#2190));
#2171 = ORIENTED_EDGE('',*,*,#1912,.F.);
#2172 = ORIENTED_EDGE('',*,*,#1958,.T.);
#2173 = ORIENTED_EDGE('',*,*,#2174,.T.);
#2174 = EDGE_CURVE('',#1951,#2057,#2175,.T.);
#2175 = LINE('',#2176,#2177);
#2176 = CARTESIAN_POINT('',(97.65,2.15,4.95));
#2177 = VECTOR('',#2178,1.);
#2178 = DIRECTION('',(-0.,1.,0.));
#2179 = ORIENTED_EDGE('',*,*,#2071,.F.);
#2180 = ORIENTED_EDGE('',*,*,#2014,.T.);
#2181 = ORIENTED_EDGE('',*,*,#2158,.T.);
#2182 = ORIENTED_EDGE('',*,*,#2183,.T.);
#2183 = EDGE_CURVE('',#2149,#2184,#2186,.T.);
#2184 = VERTEX_POINT('',#2185);
#2185 = CARTESIAN_POINT('',(97.65,62.85,4.95));
#2186 = LINE('',#2187,#2188);
#2187 = CARTESIAN_POINT('',(97.65,61.7,4.95));
#2188 = VECTOR('',#2189,1.);
#2189 = DIRECTION('',(-0.,1.,0.));
#2190 = ORIENTED_EDGE('',*,*,#2191,.F.);
#2191 = EDGE_CURVE('',#1913,#2184,#2192,.T.);
#2192 = LINE('',#2193,#2194);
#2193 = CARTESIAN_POINT('',(2.15,62.85,4.95));
#2194 = VECTOR('',#2195,1.);
#2195 = DIRECTION('',(1.,0.,-0.));
#2196 = PLANE('',#2197);
#2197 = AXIS2_PLACEMENT_3D('',#2198,#2199,#2200);
#2198 = CARTESIAN_POINT('',(39.133612774451,32.5,4.95));
#2199 = DIRECTION('',(0.,0.,1.));
#2200 = DIRECTION('',(1.,0.,-0.));
#2201 = ADVANCED_FACE('',(#2202),#2210,.T.);
#2202 = FACE_BOUND('',#2203,.T.);
#2203 = EDGE_LOOP('',(#2204,#2205,#2206,#2207,#2208,#2209));
#2204 = ORIENTED_EDGE('',*,*,#1950,.F.);
#2205 = ORIENTED_EDGE('',*,*,#1999,.T.);
#2206 = ORIENTED_EDGE('',*,*,#2133,.T.);
#2207 = ORIENTED_EDGE('',*,*,#2087,.F.);
#2208 = ORIENTED_EDGE('',*,*,#2054,.T.);
#2209 = ORIENTED_EDGE('',*,*,#2174,.F.);
#2210 = PLANE('',#2211);
#2211 = AXIS2_PLACEMENT_3D('',#2212,#2213,#2214);
#2212 = CARTESIAN_POINT('',(97.65,12.269202691494,2.879618863307));
#2213 = DIRECTION('',(1.,0.,0.));
#2214 = DIRECTION('',(-0.,0.,1.));
#2215 = ADVANCED_FACE('',(#2216),#2229,.T.);
#2216 = FACE_BOUND('',#2217,.T.);
#2217 = EDGE_LOOP('',(#2218,#2219,#2220,#2226,#2227,#2228));
#2218 = ORIENTED_EDGE('',*,*,#2126,.F.);
#2219 = ORIENTED_EDGE('',*,*,#1982,.T.);
#2220 = ORIENTED_EDGE('',*,*,#2221,.T.);
#2221 = EDGE_CURVE('',#1975,#2184,#2222,.T.);
#2222 = LINE('',#2223,#2224);
#2223 = CARTESIAN_POINT('',(97.65,62.85,2.15));
#2224 = VECTOR('',#2225,1.);
#2225 = DIRECTION('',(0.,0.,1.));
#2226 = ORIENTED_EDGE('',*,*,#2183,.F.);
#2227 = ORIENTED_EDGE('',*,*,#2148,.F.);
#2228 = ORIENTED_EDGE('',*,*,#2104,.F.);
#2229 = PLANE('',#2230);
#2230 = AXIS2_PLACEMENT_3D('',#2231,#2232,#2233);
#2231 = CARTESIAN_POINT('',(97.65,52.730797308506,2.879618863307));
#2232 = DIRECTION('',(1.,0.,0.));
#2233 = DIRECTION('',(-0.,0.,1.));
#2234 = ADVANCED_FACE('',(#2235),#2241,.T.);
#2235 = FACE_BOUND('',#2236,.T.);
#2236 = EDGE_LOOP('',(#2237,#2238,#2239,#2240));
#2237 = ORIENTED_EDGE('',*,*,#1974,.F.);
#2238 = ORIENTED_EDGE('',*,*,#1920,.T.);
#2239 = ORIENTED_EDGE('',*,*,#2191,.T.);
#2240 = ORIENTED_EDGE('',*,*,#2221,.F.);
#2241 = PLANE('',#2242);
#2242 = AXIS2_PLACEMENT_3D('',#2243,#2244,#2245);
#2243 = CARTESIAN_POINT('',(49.9,62.85,3.55));
#2244 = DIRECTION('',(0.,1.,0.));
#2245 = DIRECTION('',(0.,-0.,1.));
#2246 = ( GEOMETRIC_REPRESENTATION_CONTEXT(3) 
GLOBAL_UNCERTAINTY_ASSIGNED_CONTEXT((#2250)) 
GLOBAL_UNIT_ASSIGNED_CONTEXT((#2247,#2248,#2249)) REPRESENTATION_CONTEXT
('Context #1','3D Context with UNIT and UNCERTAINTY') );
#2247 = ( LENGTH_UNIT() NAMED_UNIT(*) SI_UNIT(.MILLI.,.METRE.) );
#2248 = ( NAMED_UNIT(*) PLANE_ANGLE_UNIT() SI_UNIT($,.RADIAN.) );
#2249 = ( NAMED_UNIT(*) SI_UNIT($,.STERADIAN.) SOLID_ANGLE_UNIT() );
#2250 = UNCERTAINTY_MEASURE_WITH_UNIT(LENGTH_MEASURE(1.E-07),#2247,
  'distance_accuracy_value','confusion accuracy');
#2251 = CONTEXT_DEPENDENT_SHAPE_REPRESENTATION(#2252,#2254);
#2252 = ( REPRESENTATION_RELATIONSHIP('','',#1895,#10) 
REPRESENTATION_RELATIONSHIP_WITH_TRANSFORMATION(#2253) 
SHAPE_REPRESENTATION_RELATIONSHIP() );
#2253 = ITEM_DEFINED_TRANSFORMATION('','',#11,#19);
#2254 = PRODUCT_DEFINITION_SHAPE('Placement','Placement of an item',
  #2255);
#2255 = NEXT_ASSEMBLY_USAGE_OCCURRENCE('2',
  'Sliding Tray — PC+ABS intent','',#5,#1890,$);
#2256 = PRODUCT_RELATED_PRODUCT_CATEGORY('part',$,(#1892));
#2257 = SHAPE_DEFINITION_REPRESENTATION(#2258,#2264);
#2258 = PRODUCT_DEFINITION_SHAPE('','',#2259);
#2259 = PRODUCT_DEFINITION('design','',#2260,#2263);
#2260 = PRODUCT_DEFINITION_FORMATION('','',#2261);
#2261 = PRODUCT('Lift Wedge — POM intent','Lift Wedge — POM intent',
  '',(#2262));
#2262 = PRODUCT_CONTEXT('',#2,'mechanical');
#2263 = PRODUCT_DEFINITION_CONTEXT('part definition',#2,'design');
#2264 = ADVANCED_BREP_SHAPE_REPRESENTATION('',(#11,#2265),#2382);
#2265 = MANIFOLD_SOLID_BREP('',#2266);
#2266 = CLOSED_SHELL('',(#2267,#2307,#2338,#2360,#2371));
#2267 = ADVANCED_FACE('',(#2268),#2302,.T.);
#2268 = FACE_BOUND('',#2269,.T.);
#2269 = EDGE_LOOP('',(#2270,#2280,#2288,#2296));
#2270 = ORIENTED_EDGE('',*,*,#2271,.T.);
#2271 = EDGE_CURVE('',#2272,#2274,#2276,.T.);
#2272 = VERTEX_POINT('',#2273);
#2273 = CARTESIAN_POINT('',(77.,7.5,3.));
#2274 = VERTEX_POINT('',#2275);
#2275 = CARTESIAN_POINT('',(77.,57.5,3.));
#2276 = LINE('',#2277,#2278);
#2277 = CARTESIAN_POINT('',(77.,7.5,3.));
#2278 = VECTOR('',#2279,1.);
#2279 = DIRECTION('',(0.,1.,0.));
#2280 = ORIENTED_EDGE('',*,*,#2281,.T.);
#2281 = EDGE_CURVE('',#2274,#2282,#2284,.T.);
#2282 = VERTEX_POINT('',#2283);
#2283 = CARTESIAN_POINT('',(95.,57.5,3.));
#2284 = LINE('',#2285,#2286);
#2285 = CARTESIAN_POINT('',(77.,57.5,3.));
#2286 = VECTOR('',#2287,1.);
#2287 = DIRECTION('',(1.,0.,0.));
#2288 = ORIENTED_EDGE('',*,*,#2289,.F.);
#2289 = EDGE_CURVE('',#2290,#2282,#2292,.T.);
#2290 = VERTEX_POINT('',#2291);
#2291 = CARTESIAN_POINT('',(95.,7.5,3.));
#2292 = LINE('',#2293,#2294);
#2293 = CARTESIAN_POINT('',(95.,7.5,3.));
#2294 = VECTOR('',#2295,1.);
#2295 = DIRECTION('',(0.,1.,0.));
#2296 = ORIENTED_EDGE('',*,*,#2297,.F.);
#2297 = EDGE_CURVE('',#2272,#2290,#2298,.T.);
#2298 = LINE('',#2299,#2300);
#2299 = CARTESIAN_POINT('',(77.,7.5,3.));
#2300 = VECTOR('',#2301,1.);
#2301 = DIRECTION('',(1.,0.,0.));
#2302 = PLANE('',#2303);
#2303 = AXIS2_PLACEMENT_3D('',#2304,#2305,#2306);
#2304 = CARTESIAN_POINT('',(77.,7.5,3.));
#2305 = DIRECTION('',(0.,0.,-1.));
#2306 = DIRECTION('',(1.,0.,0.));
#2307 = ADVANCED_FACE('',(#2308),#2333,.T.);
#2308 = FACE_BOUND('',#2309,.T.);
#2309 = EDGE_LOOP('',(#2310,#2311,#2319,#2327));
#2310 = ORIENTED_EDGE('',*,*,#2289,.T.);
#2311 = ORIENTED_EDGE('',*,*,#2312,.T.);
#2312 = EDGE_CURVE('',#2282,#2313,#2315,.T.);
#2313 = VERTEX_POINT('',#2314);
#2314 = CARTESIAN_POINT('',(95.,57.5,10.));
#2315 = LINE('',#2316,#2317);
#2316 = CARTESIAN_POINT('',(95.,57.5,3.));
#2317 = VECTOR('',#2318,1.);
#2318 = DIRECTION('',(0.,0.,1.));
#2319 = ORIENTED_EDGE('',*,*,#2320,.F.);
#2320 = EDGE_CURVE('',#2321,#2313,#2323,.T.);
#2321 = VERTEX_POINT('',#2322);
#2322 = CARTESIAN_POINT('',(95.,7.5,10.));
#2323 = LINE('',#2324,#2325);
#2324 = CARTESIAN_POINT('',(95.,7.5,10.));
#2325 = VECTOR('',#2326,1.);
#2326 = DIRECTION('',(0.,1.,0.));
#2327 = ORIENTED_EDGE('',*,*,#2328,.F.);
#2328 = EDGE_CURVE('',#2290,#2321,#2329,.T.);
#2329 = LINE('',#2330,#2331);
#2330 = CARTESIAN_POINT('',(95.,7.5,3.));
#2331 = VECTOR('',#2332,1.);
#2332 = DIRECTION('',(0.,0.,1.));
#2333 = PLANE('',#2334);
#2334 = AXIS2_PLACEMENT_3D('',#2335,#2336,#2337);
#2335 = CARTESIAN_POINT('',(95.,7.5,3.));
#2336 = DIRECTION('',(1.,0.,0.));
#2337 = DIRECTION('',(0.,0.,1.));
#2338 = ADVANCED_FACE('',(#2339),#2355,.T.);
#2339 = FACE_BOUND('',#2340,.T.);
#2340 = EDGE_LOOP('',(#2341,#2342,#2348,#2349));
#2341 = ORIENTED_EDGE('',*,*,#2320,.T.);
#2342 = ORIENTED_EDGE('',*,*,#2343,.T.);
#2343 = EDGE_CURVE('',#2313,#2274,#2344,.T.);
#2344 = LINE('',#2345,#2346);
#2345 = CARTESIAN_POINT('',(95.,57.5,10.));
#2346 = VECTOR('',#2347,1.);
#2347 = DIRECTION('',(-0.932004671541,0.,-0.362446261155));
#2348 = ORIENTED_EDGE('',*,*,#2271,.F.);
#2349 = ORIENTED_EDGE('',*,*,#2350,.F.);
#2350 = EDGE_CURVE('',#2321,#2272,#2351,.T.);
#2351 = LINE('',#2352,#2353);
#2352 = CARTESIAN_POINT('',(95.,7.5,10.));
#2353 = VECTOR('',#2354,1.);
#2354 = DIRECTION('',(-0.932004671541,0.,-0.362446261155));
#2355 = PLANE('',#2356);
#2356 = AXIS2_PLACEMENT_3D('',#2357,#2358,#2359);
#2357 = CARTESIAN_POINT('',(95.,7.5,10.));
#2358 = DIRECTION('',(-0.362446261155,0.,0.932004671541));
#2359 = DIRECTION('',(-0.932004671541,0.,-0.362446261155));
#2360 = ADVANCED_FACE('',(#2361),#2366,.T.);
#2361 = FACE_BOUND('',#2362,.T.);
#2362 = EDGE_LOOP('',(#2363,#2364,#2365));
#2363 = ORIENTED_EDGE('',*,*,#2297,.T.);
#2364 = ORIENTED_EDGE('',*,*,#2328,.T.);
#2365 = ORIENTED_EDGE('',*,*,#2350,.T.);
#2366 = PLANE('',#2367);
#2367 = AXIS2_PLACEMENT_3D('',#2368,#2369,#2370);
#2368 = CARTESIAN_POINT('',(87.421698021043,7.5,5.078301978957));
#2369 = DIRECTION('',(-0.,-1.,-0.));
#2370 = DIRECTION('',(0.,0.,-1.));
#2371 = ADVANCED_FACE('',(#2372),#2377,.F.);
#2372 = FACE_BOUND('',#2373,.F.);
#2373 = EDGE_LOOP('',(#2374,#2375,#2376));
#2374 = ORIENTED_EDGE('',*,*,#2281,.T.);
#2375 = ORIENTED_EDGE('',*,*,#2312,.T.);
#2376 = ORIENTED_EDGE('',*,*,#2343,.T.);
#2377 = PLANE('',#2378);
#2378 = AXIS2_PLACEMENT_3D('',#2379,#2380,#2381);
#2379 = CARTESIAN_POINT('',(87.421698021043,57.5,5.078301978957));
#2380 = DIRECTION('',(-0.,-1.,-0.));
#2381 = DIRECTION('',(0.,0.,-1.));
#2382 = ( GEOMETRIC_REPRESENTATION_CONTEXT(3) 
GLOBAL_UNCERTAINTY_ASSIGNED_CONTEXT((#2386)) 
GLOBAL_UNIT_ASSIGNED_CONTEXT((#2383,#2384,#2385)) REPRESENTATION_CONTEXT
('Context #1','3D Context with UNIT and UNCERTAINTY') );
#2383 = ( LENGTH_UNIT() NAMED_UNIT(*) SI_UNIT(.MILLI.,.METRE.) );
#2384 = ( NAMED_UNIT(*) PLANE_ANGLE_UNIT() SI_UNIT($,.RADIAN.) );
#2385 = ( NAMED_UNIT(*) SI_UNIT($,.STERADIAN.) SOLID_ANGLE_UNIT() );
#2386 = UNCERTAINTY_MEASURE_WITH_UNIT(LENGTH_MEASURE(1.E-07),#2383,
  'distance_accuracy_value','confusion accuracy');
#2387 = CONTEXT_DEPENDENT_SHAPE_REPRESENTATION(#2388,#2390);
#2388 = ( REPRESENTATION_RELATIONSHIP('','',#2264,#10) 
REPRESENTATION_RELATIONSHIP_WITH_TRANSFORMATION(#2389) 
SHAPE_REPRESENTATION_RELATIONSHIP() );
#2389 = ITEM_DEFINED_TRANSFORMATION('','',#11,#23);
#2390 = PRODUCT_DEFINITION_SHAPE('Placement','Placement of an item',
  #2391);
#2391 = NEXT_ASSEMBLY_USAGE_OCCURRENCE('3','Lift Wedge — POM intent',
  '',#5,#2259,$);
#2392 = PRODUCT_RELATED_PRODUCT_CATEGORY('part',$,(#2261));
#2393 = SHAPE_DEFINITION_REPRESENTATION(#2394,#2400);
#2394 = PRODUCT_DEFINITION_SHAPE('','',#2395);
#2395 = PRODUCT_DEFINITION('design','',#2396,#2399);
#2396 = PRODUCT_DEFINITION_FORMATION('','',#2397);
#2397 = PRODUCT('17 degree Accent — anodised aluminium intent',
  '17 degree Accent — anodised aluminium intent','',(#2398));
#2398 = PRODUCT_CONTEXT('',#2,'mechanical');
#2399 = PRODUCT_DEFINITION_CONTEXT('part definition',#2,'design');
#2400 = ADVANCED_BREP_SHAPE_REPRESENTATION('',(#11,#2401),#2551);
#2401 = MANIFOLD_SOLID_BREP('',#2402);
#2402 = CLOSED_SHELL('',(#2403,#2443,#2483,#2505,#2527,#2539));
#2403 = ADVANCED_FACE('',(#2404),#2438,.F.);
#2404 = FACE_BOUND('',#2405,.F.);
#2405 = EDGE_LOOP('',(#2406,#2416,#2424,#2432));
#2406 = ORIENTED_EDGE('',*,*,#2407,.F.);
#2407 = EDGE_CURVE('',#2408,#2410,#2412,.T.);
#2408 = VERTEX_POINT('',#2409);
#2409 = CARTESIAN_POINT('',(12.952790978127,20.433570464573,13.45));
#2410 = VERTEX_POINT('',#2411);
#2411 = CARTESIAN_POINT('',(12.952790978127,20.433570464573,14.));
#2412 = LINE('',#2413,#2414);
#2413 = CARTESIAN_POINT('',(12.952790978127,20.433570464573,13.45));
#2414 = VECTOR('',#2415,1.);
#2415 = DIRECTION('',(0.,0.,1.));
#2416 = ORIENTED_EDGE('',*,*,#2417,.T.);
#2417 = EDGE_CURVE('',#2408,#2418,#2420,.T.);
#2418 = VERTEX_POINT('',#2419);
#2419 = CARTESIAN_POINT('',(12.368047568682,22.346179976499,13.45));
#2420 = LINE('',#2421,#2422);
#2421 = CARTESIAN_POINT('',(12.952790978127,20.433570464573,13.45));
#2422 = VECTOR('',#2423,1.);
#2423 = DIRECTION('',(-0.292371704723,0.956304755963,0.));
#2424 = ORIENTED_EDGE('',*,*,#2425,.T.);
#2425 = EDGE_CURVE('',#2418,#2426,#2428,.T.);
#2426 = VERTEX_POINT('',#2427);
#2427 = CARTESIAN_POINT('',(12.368047568682,22.346179976499,14.));
#2428 = LINE('',#2429,#2430);
#2429 = CARTESIAN_POINT('',(12.368047568682,22.346179976499,13.45));
#2430 = VECTOR('',#2431,1.);
#2431 = DIRECTION('',(0.,0.,1.));
#2432 = ORIENTED_EDGE('',*,*,#2433,.F.);
#2433 = EDGE_CURVE('',#2410,#2426,#2434,.T.);
#2434 = LINE('',#2435,#2436);
#2435 = CARTESIAN_POINT('',(12.952790978127,20.433570464573,14.));
#2436 = VECTOR('',#2437,1.);
#2437 = DIRECTION('',(-0.292371704723,0.956304755963,0.));
#2438 = PLANE('',#2439);
#2439 = AXIS2_PLACEMENT_3D('',#2440,#2441,#2442);
#2440 = CARTESIAN_POINT('',(12.952790978127,20.433570464573,13.45));
#2441 = DIRECTION('',(0.956304755963,0.292371704723,0.));
#2442 = DIRECTION('',(0.,0.,1.));
#2443 = ADVANCED_FACE('',(#2444),#2478,.T.);
#2444 = FACE_BOUND('',#2445,.T.);
#2445 = EDGE_LOOP('',(#2446,#2456,#2464,#2472));
#2446 = ORIENTED_EDGE('',*,*,#2447,.F.);
#2447 = EDGE_CURVE('',#2448,#2450,#2452,.T.);
#2448 = VERTEX_POINT('',#2449);
#2449 = CARTESIAN_POINT('',(85.631952431318,42.653820023501,13.45));
#2450 = VERTEX_POINT('',#2451);
#2451 = CARTESIAN_POINT('',(85.631952431318,42.653820023501,14.));
#2452 = LINE('',#2453,#2454);
#2453 = CARTESIAN_POINT('',(85.631952431318,42.653820023501,13.45));
#2454 = VECTOR('',#2455,1.);
#2455 = DIRECTION('',(0.,0.,1.));
#2456 = ORIENTED_EDGE('',*,*,#2457,.T.);
#2457 = EDGE_CURVE('',#2448,#2458,#2460,.T.);
#2458 = VERTEX_POINT('',#2459);
#2459 = CARTESIAN_POINT('',(85.047209021873,44.566429535427,13.45));
#2460 = LINE('',#2461,#2462);
#2461 = CARTESIAN_POINT('',(85.631952431318,42.653820023501,13.45));
#2462 = VECTOR('',#2463,1.);
#2463 = DIRECTION('',(-0.292371704723,0.956304755963,0.));
#2464 = ORIENTED_EDGE('',*,*,#2465,.T.);
#2465 = EDGE_CURVE('',#2458,#2466,#2468,.T.);
#2466 = VERTEX_POINT('',#2467);
#2467 = CARTESIAN_POINT('',(85.047209021873,44.566429535427,14.));
#2468 = LINE('',#2469,#2470);
#2469 = CARTESIAN_POINT('',(85.047209021873,44.566429535427,13.45));
#2470 = VECTOR('',#2471,1.);
#2471 = DIRECTION('',(0.,0.,1.));
#2472 = ORIENTED_EDGE('',*,*,#2473,.F.);
#2473 = EDGE_CURVE('',#2450,#2466,#2474,.T.);
#2474 = LINE('',#2475,#2476);
#2475 = CARTESIAN_POINT('',(85.631952431318,42.653820023501,14.));
#2476 = VECTOR('',#2477,1.);
#2477 = DIRECTION('',(-0.292371704723,0.956304755963,0.));
#2478 = PLANE('',#2479);
#2479 = AXIS2_PLACEMENT_3D('',#2480,#2481,#2482);
#2480 = CARTESIAN_POINT('',(85.631952431318,42.653820023501,13.45));
#2481 = DIRECTION('',(0.956304755963,0.292371704723,0.));
#2482 = DIRECTION('',(0.,0.,1.));
#2483 = ADVANCED_FACE('',(#2484),#2500,.F.);
#2484 = FACE_BOUND('',#2485,.F.);
#2485 = EDGE_LOOP('',(#2486,#2492,#2493,#2499));
#2486 = ORIENTED_EDGE('',*,*,#2487,.F.);
#2487 = EDGE_CURVE('',#2408,#2448,#2488,.T.);
#2488 = LINE('',#2489,#2490);
#2489 = CARTESIAN_POINT('',(12.952790978127,20.433570464573,13.45));
#2490 = VECTOR('',#2491,1.);
#2491 = DIRECTION('',(0.956304755963,0.292371704723,0.));
#2492 = ORIENTED_EDGE('',*,*,#2407,.T.);
#2493 = ORIENTED_EDGE('',*,*,#2494,.T.);
#2494 = EDGE_CURVE('',#2410,#2450,#2495,.T.);
#2495 = LINE('',#2496,#2497);
#2496 = CARTESIAN_POINT('',(12.952790978127,20.433570464573,14.));
#2497 = VECTOR('',#2498,1.);
#2498 = DIRECTION('',(0.956304755963,0.292371704723,0.));
#2499 = ORIENTED_EDGE('',*,*,#2447,.F.);
#2500 = PLANE('',#2501);
#2501 = AXIS2_PLACEMENT_3D('',#2502,#2503,#2504);
#2502 = CARTESIAN_POINT('',(12.952790978127,20.433570464573,13.45));
#2503 = DIRECTION('',(-0.292371704723,0.956304755963,0.));
#2504 = DIRECTION('',(0.,0.,1.));
#2505 = ADVANCED_FACE('',(#2506),#2522,.T.);
#2506 = FACE_BOUND('',#2507,.T.);
#2507 = EDGE_LOOP('',(#2508,#2514,#2515,#2521));
#2508 = ORIENTED_EDGE('',*,*,#2509,.F.);
#2509 = EDGE_CURVE('',#2418,#2458,#2510,.T.);
#2510 = LINE('',#2511,#2512);
#2511 = CARTESIAN_POINT('',(12.368047568682,22.346179976499,13.45));
#2512 = VECTOR('',#2513,1.);
#2513 = DIRECTION('',(0.956304755963,0.292371704723,0.));
#2514 = ORIENTED_EDGE('',*,*,#2425,.T.);
#2515 = ORIENTED_EDGE('',*,*,#2516,.T.);
#2516 = EDGE_CURVE('',#2426,#2466,#2517,.T.);
#2517 = LINE('',#2518,#2519);
#2518 = CARTESIAN_POINT('',(12.368047568682,22.346179976499,14.));
#2519 = VECTOR('',#2520,1.);
#2520 = DIRECTION('',(0.956304755963,0.292371704723,0.));
#2521 = ORIENTED_EDGE('',*,*,#2465,.F.);
#2522 = PLANE('',#2523);
#2523 = AXIS2_PLACEMENT_3D('',#2524,#2525,#2526);
#2524 = CARTESIAN_POINT('',(12.368047568682,22.346179976499,13.45));
#2525 = DIRECTION('',(-0.292371704723,0.956304755963,0.));
#2526 = DIRECTION('',(0.,0.,1.));
#2527 = ADVANCED_FACE('',(#2528),#2534,.F.);
#2528 = FACE_BOUND('',#2529,.F.);
#2529 = EDGE_LOOP('',(#2530,#2531,#2532,#2533));
#2530 = ORIENTED_EDGE('',*,*,#2417,.F.);
#2531 = ORIENTED_EDGE('',*,*,#2487,.T.);
#2532 = ORIENTED_EDGE('',*,*,#2457,.T.);
#2533 = ORIENTED_EDGE('',*,*,#2509,.F.);
#2534 = PLANE('',#2535);
#2535 = AXIS2_PLACEMENT_3D('',#2536,#2537,#2538);
#2536 = CARTESIAN_POINT('',(12.952790978127,20.433570464573,13.45));
#2537 = DIRECTION('',(0.,0.,1.));
#2538 = DIRECTION('',(0.956304755963,0.292371704723,0.));
#2539 = ADVANCED_FACE('',(#2540),#2546,.T.);
#2540 = FACE_BOUND('',#2541,.T.);
#2541 = EDGE_LOOP('',(#2542,#2543,#2544,#2545));
#2542 = ORIENTED_EDGE('',*,*,#2433,.F.);
#2543 = ORIENTED_EDGE('',*,*,#2494,.T.);
#2544 = ORIENTED_EDGE('',*,*,#2473,.T.);
#2545 = ORIENTED_EDGE('',*,*,#2516,.F.);
#2546 = PLANE('',#2547);
#2547 = AXIS2_PLACEMENT_3D('',#2548,#2549,#2550);
#2548 = CARTESIAN_POINT('',(12.952790978127,20.433570464573,14.));
#2549 = DIRECTION('',(0.,0.,1.));
#2550 = DIRECTION('',(0.956304755963,0.292371704723,0.));
#2551 = ( GEOMETRIC_REPRESENTATION_CONTEXT(3) 
GLOBAL_UNCERTAINTY_ASSIGNED_CONTEXT((#2555)) 
GLOBAL_UNIT_ASSIGNED_CONTEXT((#2552,#2553,#2554)) REPRESENTATION_CONTEXT
('Context #1','3D Context with UNIT and UNCERTAINTY') );
#2552 = ( LENGTH_UNIT() NAMED_UNIT(*) SI_UNIT(.MILLI.,.METRE.) );
#2553 = ( NAMED_UNIT(*) PLANE_ANGLE_UNIT() SI_UNIT($,.RADIAN.) );
#2554 = ( NAMED_UNIT(*) SI_UNIT($,.STERADIAN.) SOLID_ANGLE_UNIT() );
#2555 = UNCERTAINTY_MEASURE_WITH_UNIT(LENGTH_MEASURE(1.E-07),#2552,
  'distance_accuracy_value','confusion accuracy');
#2556 = CONTEXT_DEPENDENT_SHAPE_REPRESENTATION(#2557,#2559);
#2557 = ( REPRESENTATION_RELATIONSHIP('','',#2400,#10) 
REPRESENTATION_RELATIONSHIP_WITH_TRANSFORMATION(#2558) 
SHAPE_REPRESENTATION_RELATIONSHIP() );
#2558 = ITEM_DEFINED_TRANSFORMATION('','',#11,#27);
#2559 = PRODUCT_DEFINITION_SHAPE('Placement','Placement of an item',
  #2560);
#2560 = NEXT_ASSEMBLY_USAGE_OCCURRENCE('4',
  '17 degree Accent — anodised aluminium intent','',#5,#2395,$);
#2561 = PRODUCT_RELATED_PRODUCT_CATEGORY('part',$,(#2397));
#2562 = SHAPE_DEFINITION_REPRESENTATION(#2563,#2569);
#2563 = PRODUCT_DEFINITION_SHAPE('','',#2564);
#2564 = PRODUCT_DEFINITION('design','',#2565,#2568);
#2565 = PRODUCT_DEFINITION_FORMATION('','',#2566);
#2566 = PRODUCT('90 × 54 mm Card Fit Proxy',
  '90 × 54 mm Card Fit Proxy','',(#2567));
#2567 = PRODUCT_CONTEXT('',#2,'mechanical');
#2568 = PRODUCT_DEFINITION_CONTEXT('part definition',#2,'design');
#2569 = ADVANCED_BREP_SHAPE_REPRESENTATION('',(#11,#2570),#2720);
#2570 = MANIFOLD_SOLID_BREP('',#2571);
#2571 = CLOSED_SHELL('',(#2572,#2612,#2652,#2674,#2696,#2708));
#2572 = ADVANCED_FACE('',(#2573),#2607,.F.);
#2573 = FACE_BOUND('',#2574,.F.);
#2574 = EDGE_LOOP('',(#2575,#2585,#2593,#2601));
#2575 = ORIENTED_EDGE('',*,*,#2576,.F.);
#2576 = EDGE_CURVE('',#2577,#2579,#2581,.T.);
#2577 = VERTEX_POINT('',#2578);
#2578 = CARTESIAN_POINT('',(4.,5.5,5.1));
#2579 = VERTEX_POINT('',#2580);
#2580 = CARTESIAN_POINT('',(4.,5.5,5.4));
#2581 = LINE('',#2582,#2583);
#2582 = CARTESIAN_POINT('',(4.,5.5,5.1));
#2583 = VECTOR('',#2584,1.);
#2584 = DIRECTION('',(0.,0.,1.));
#2585 = ORIENTED_EDGE('',*,*,#2586,.T.);
#2586 = EDGE_CURVE('',#2577,#2587,#2589,.T.);
#2587 = VERTEX_POINT('',#2588);
#2588 = CARTESIAN_POINT('',(4.,59.5,5.1));
#2589 = LINE('',#2590,#2591);
#2590 = CARTESIAN_POINT('',(4.,5.5,5.1));
#2591 = VECTOR('',#2592,1.);
#2592 = DIRECTION('',(-0.,1.,0.));
#2593 = ORIENTED_EDGE('',*,*,#2594,.T.);
#2594 = EDGE_CURVE('',#2587,#2595,#2597,.T.);
#2595 = VERTEX_POINT('',#2596);
#2596 = CARTESIAN_POINT('',(4.,59.5,5.4));
#2597 = LINE('',#2598,#2599);
#2598 = CARTESIAN_POINT('',(4.,59.5,5.1));
#2599 = VECTOR('',#2600,1.);
#2600 = DIRECTION('',(0.,0.,1.));
#2601 = ORIENTED_EDGE('',*,*,#2602,.F.);
#2602 = EDGE_CURVE('',#2579,#2595,#2603,.T.);
#2603 = LINE('',#2604,#2605);
#2604 = CARTESIAN_POINT('',(4.,5.5,5.4));
#2605 = VECTOR('',#2606,1.);
#2606 = DIRECTION('',(-0.,1.,0.));
#2607 = PLANE('',#2608);
#2608 = AXIS2_PLACEMENT_3D('',#2609,#2610,#2611);
#2609 = CARTESIAN_POINT('',(4.,5.5,5.1));
#2610 = DIRECTION('',(1.,0.,-0.));
#2611 = DIRECTION('',(0.,0.,1.));
#2612 = ADVANCED_FACE('',(#2613),#2647,.T.);
#2613 = FACE_BOUND('',#2614,.T.);
#2614 = EDGE_LOOP('',(#2615,#2625,#2633,#2641));
#2615 = ORIENTED_EDGE('',*,*,#2616,.F.);
#2616 = EDGE_CURVE('',#2617,#2619,#2621,.T.);
#2617 = VERTEX_POINT('',#2618);
#2618 = CARTESIAN_POINT('',(94.,5.5,5.1));
#2619 = VERTEX_POINT('',#2620);
#2620 = CARTESIAN_POINT('',(94.,5.5,5.4));
#2621 = LINE('',#2622,#2623);
#2622 = CARTESIAN_POINT('',(94.,5.5,5.1));
#2623 = VECTOR('',#2624,1.);
#2624 = DIRECTION('',(0.,0.,1.));
#2625 = ORIENTED_EDGE('',*,*,#2626,.T.);
#2626 = EDGE_CURVE('',#2617,#2627,#2629,.T.);
#2627 = VERTEX_POINT('',#2628);
#2628 = CARTESIAN_POINT('',(94.,59.5,5.1));
#2629 = LINE('',#2630,#2631);
#2630 = CARTESIAN_POINT('',(94.,5.5,5.1));
#2631 = VECTOR('',#2632,1.);
#2632 = DIRECTION('',(-0.,1.,0.));
#2633 = ORIENTED_EDGE('',*,*,#2634,.T.);
#2634 = EDGE_CURVE('',#2627,#2635,#2637,.T.);
#2635 = VERTEX_POINT('',#2636);
#2636 = CARTESIAN_POINT('',(94.,59.5,5.4));
#2637 = LINE('',#2638,#2639);
#2638 = CARTESIAN_POINT('',(94.,59.5,5.1));
#2639 = VECTOR('',#2640,1.);
#2640 = DIRECTION('',(0.,0.,1.));
#2641 = ORIENTED_EDGE('',*,*,#2642,.F.);
#2642 = EDGE_CURVE('',#2619,#2635,#2643,.T.);
#2643 = LINE('',#2644,#2645);
#2644 = CARTESIAN_POINT('',(94.,5.5,5.4));
#2645 = VECTOR('',#2646,1.);
#2646 = DIRECTION('',(-0.,1.,0.));
#2647 = PLANE('',#2648);
#2648 = AXIS2_PLACEMENT_3D('',#2649,#2650,#2651);
#2649 = CARTESIAN_POINT('',(94.,5.5,5.1));
#2650 = DIRECTION('',(1.,0.,-0.));
#2651 = DIRECTION('',(0.,0.,1.));
#2652 = ADVANCED_FACE('',(#2653),#2669,.F.);
#2653 = FACE_BOUND('',#2654,.F.);
#2654 = EDGE_LOOP('',(#2655,#2661,#2662,#2668));
#2655 = ORIENTED_EDGE('',*,*,#2656,.F.);
#2656 = EDGE_CURVE('',#2577,#2617,#2657,.T.);
#2657 = LINE('',#2658,#2659);
#2658 = CARTESIAN_POINT('',(4.,5.5,5.1));
#2659 = VECTOR('',#2660,1.);
#2660 = DIRECTION('',(1.,0.,-0.));
#2661 = ORIENTED_EDGE('',*,*,#2576,.T.);
#2662 = ORIENTED_EDGE('',*,*,#2663,.T.);
#2663 = EDGE_CURVE('',#2579,#2619,#2664,.T.);
#2664 = LINE('',#2665,#2666);
#2665 = CARTESIAN_POINT('',(4.,5.5,5.4));
#2666 = VECTOR('',#2667,1.);
#2667 = DIRECTION('',(1.,0.,-0.));
#2668 = ORIENTED_EDGE('',*,*,#2616,.F.);
#2669 = PLANE('',#2670);
#2670 = AXIS2_PLACEMENT_3D('',#2671,#2672,#2673);
#2671 = CARTESIAN_POINT('',(4.,5.5,5.1));
#2672 = DIRECTION('',(-0.,1.,0.));
#2673 = DIRECTION('',(0.,0.,1.));
#2674 = ADVANCED_FACE('',(#2675),#2691,.T.);
#2675 = FACE_BOUND('',#2676,.T.);
#2676 = EDGE_LOOP('',(#2677,#2683,#2684,#2690));
#2677 = ORIENTED_EDGE('',*,*,#2678,.F.);
#2678 = EDGE_CURVE('',#2587,#2627,#2679,.T.);
#2679 = LINE('',#2680,#2681);
#2680 = CARTESIAN_POINT('',(4.,59.5,5.1));
#2681 = VECTOR('',#2682,1.);
#2682 = DIRECTION('',(1.,0.,-0.));
#2683 = ORIENTED_EDGE('',*,*,#2594,.T.);
#2684 = ORIENTED_EDGE('',*,*,#2685,.T.);
#2685 = EDGE_CURVE('',#2595,#2635,#2686,.T.);
#2686 = LINE('',#2687,#2688);
#2687 = CARTESIAN_POINT('',(4.,59.5,5.4));
#2688 = VECTOR('',#2689,1.);
#2689 = DIRECTION('',(1.,0.,-0.));
#2690 = ORIENTED_EDGE('',*,*,#2634,.F.);
#2691 = PLANE('',#2692);
#2692 = AXIS2_PLACEMENT_3D('',#2693,#2694,#2695);
#2693 = CARTESIAN_POINT('',(4.,59.5,5.1));
#2694 = DIRECTION('',(-0.,1.,0.));
#2695 = DIRECTION('',(0.,0.,1.));
#2696 = ADVANCED_FACE('',(#2697),#2703,.F.);
#2697 = FACE_BOUND('',#2698,.F.);
#2698 = EDGE_LOOP('',(#2699,#2700,#2701,#2702));
#2699 = ORIENTED_EDGE('',*,*,#2586,.F.);
#2700 = ORIENTED_EDGE('',*,*,#2656,.T.);
#2701 = ORIENTED_EDGE('',*,*,#2626,.T.);
#2702 = ORIENTED_EDGE('',*,*,#2678,.F.);
#2703 = PLANE('',#2704);
#2704 = AXIS2_PLACEMENT_3D('',#2705,#2706,#2707);
#2705 = CARTESIAN_POINT('',(4.,5.5,5.1));
#2706 = DIRECTION('',(0.,0.,1.));
#2707 = DIRECTION('',(1.,0.,-0.));
#2708 = ADVANCED_FACE('',(#2709),#2715,.T.);
#2709 = FACE_BOUND('',#2710,.T.);
#2710 = EDGE_LOOP('',(#2711,#2712,#2713,#2714));
#2711 = ORIENTED_EDGE('',*,*,#2602,.F.);
#2712 = ORIENTED_EDGE('',*,*,#2663,.T.);
#2713 = ORIENTED_EDGE('',*,*,#2642,.T.);
#2714 = ORIENTED_EDGE('',*,*,#2685,.F.);
#2715 = PLANE('',#2716);
#2716 = AXIS2_PLACEMENT_3D('',#2717,#2718,#2719);
#2717 = CARTESIAN_POINT('',(4.,5.5,5.4));
#2718 = DIRECTION('',(0.,0.,1.));
#2719 = DIRECTION('',(1.,0.,-0.));
#2720 = ( GEOMETRIC_REPRESENTATION_CONTEXT(3) 
GLOBAL_UNCERTAINTY_ASSIGNED_CONTEXT((#2724)) 
GLOBAL_UNIT_ASSIGNED_CONTEXT((#2721,#2722,#2723)) REPRESENTATION_CONTEXT
('Context #1','3D Context with UNIT and UNCERTAINTY') );
#2721 = ( LENGTH_UNIT() NAMED_UNIT(*) SI_UNIT(.MILLI.,.METRE.) );
#2722 = ( NAMED_UNIT(*) PLANE_ANGLE_UNIT() SI_UNIT($,.RADIAN.) );
#2723 = ( NAMED_UNIT(*) SI_UNIT($,.STERADIAN.) SOLID_ANGLE_UNIT() );
#2724 = UNCERTAINTY_MEASURE_WITH_UNIT(LENGTH_MEASURE(1.E-07),#2721,
  'distance_accuracy_value','confusion accuracy');
#2725 = CONTEXT_DEPENDENT_SHAPE_REPRESENTATION(#2726,#2728);
#2726 = ( REPRESENTATION_RELATIONSHIP('','',#2569,#10) 
REPRESENTATION_RELATIONSHIP_WITH_TRANSFORMATION(#2727) 
SHAPE_REPRESENTATION_RELATIONSHIP() );
#2727 = ITEM_DEFINED_TRANSFORMATION('','',#11,#31);
#2728 = PRODUCT_DEFINITION_SHAPE('Placement','Placement of an item',
  #2729);
#2729 = NEXT_ASSEMBLY_USAGE_OCCURRENCE('5','90 × 54 mm Card Fit Proxy',
  '',#5,#2564,$);
#2730 = PRODUCT_RELATED_PRODUCT_CATEGORY('part',$,(#2566));
ENDSEC;
END-ISO-10303-21;
