ISO-10303-21;
HEADER;
FILE_DESCRIPTION(('FreeCAD Model'),'2;1');
FILE_NAME('Open CASCADE Shape Model','2026-10-01T17:49:22',('Author'),(
    ''),'Open CASCADE STEP processor 7.8','FreeCAD','Unknown');
FILE_SCHEMA(('AUTOMOTIVE_DESIGN { 1 0 10303 214 1 1 1 1 }'));
ENDSEC;
DATA;
#1 = APPLICATION_PROTOCOL_DEFINITION('international standard',
  'automotive_design',2000,#2);
#2 = APPLICATION_CONTEXT(
  'core data for automotive mechanical design processes');
#3 = SHAPE_DEFINITION_REPRESENTATION(#4,#10);
#4 = PRODUCT_DEFINITION_SHAPE('','',#5);
#5 = PRODUCT_DEFINITION('design','',#6,#9);
#6 = PRODUCT_DEFINITION_FORMATION('','',#7);
#7 = PRODUCT('Jiewei_closed','Jiewei_closed','',(#8));
#8 = PRODUCT_CONTEXT('',#2,'mechanical');
#9 = PRODUCT_DEFINITION_CONTEXT('part definition',#2,'design');
#10 = SHAPE_REPRESENTATION('',(#11,#15,#19,#23,#27,#31,#35,#39,#43,#47,
    #51,#55,#59,#63),#67);
#11 = AXIS2_PLACEMENT_3D('',#12,#13,#14);
#12 = CARTESIAN_POINT('',(0.,0.,0.));
#13 = DIRECTION('',(0.,0.,1.));
#14 = DIRECTION('',(1.,0.,-0.));
#15 = AXIS2_PLACEMENT_3D('',#16,#17,#18);
#16 = CARTESIAN_POINT('',(0.,0.,0.));
#17 = DIRECTION('',(0.,0.,1.));
#18 = DIRECTION('',(1.,0.,0.));
#19 = AXIS2_PLACEMENT_3D('',#20,#21,#22);
#20 = CARTESIAN_POINT('',(0.,0.,0.));
#21 = DIRECTION('',(0.,0.,1.));
#22 = DIRECTION('',(1.,0.,0.));
#23 = AXIS2_PLACEMENT_3D('',#24,#25,#26);
#24 = CARTESIAN_POINT('',(0.,0.,0.));
#25 = DIRECTION('',(0.,0.,1.));
#26 = DIRECTION('',(1.,0.,0.));
#27 = AXIS2_PLACEMENT_3D('',#28,#29,#30);
#28 = CARTESIAN_POINT('',(0.,0.,0.));
#29 = DIRECTION('',(0.,0.,1.));
#30 = DIRECTION('',(1.,0.,0.));
#31 = AXIS2_PLACEMENT_3D('',#32,#33,#34);
#32 = CARTESIAN_POINT('',(0.,0.,0.));
#33 = DIRECTION('',(0.,0.,1.));
#34 = DIRECTION('',(1.,0.,0.));
#35 = AXIS2_PLACEMENT_3D('',#36,#37,#38);
#36 = CARTESIAN_POINT('',(0.,0.,0.));
#37 = DIRECTION('',(0.,0.,1.));
#38 = DIRECTION('',(1.,0.,0.));
#39 = AXIS2_PLACEMENT_3D('',#40,#41,#42);
#40 = CARTESIAN_POINT('',(0.,0.,0.));
#41 = DIRECTION('',(0.,0.,1.));
#42 = DIRECTION('',(1.,0.,0.));
#43 = AXIS2_PLACEMENT_3D('',#44,#45,#46);
#44 = CARTESIAN_POINT('',(0.,0.,0.));
#45 = DIRECTION('',(0.,0.,1.));
#46 = DIRECTION('',(1.,0.,0.));
#47 = AXIS2_PLACEMENT_3D('',#48,#49,#50);
#48 = CARTESIAN_POINT('',(0.,0.,0.));
#49 = DIRECTION('',(0.,0.,1.));
#50 = DIRECTION('',(1.,0.,0.));
#51 = AXIS2_PLACEMENT_3D('',#52,#53,#54);
#52 = CARTESIAN_POINT('',(0.,0.,0.));
#53 = DIRECTION('',(0.,0.,1.));
#54 = DIRECTION('',(1.,0.,0.));
#55 = AXIS2_PLACEMENT_3D('',#56,#57,#58);
#56 = CARTESIAN_POINT('',(0.,0.,0.));
#57 = DIRECTION('',(0.,0.,1.));
#58 = DIRECTION('',(1.,0.,0.));
#59 = AXIS2_PLACEMENT_3D('',#60,#61,#62);
#60 = CARTESIAN_POINT('',(0.,0.,0.));
#61 = DIRECTION('',(0.,0.,1.));
#62 = DIRECTION('',(1.,0.,0.));
#63 = AXIS2_PLACEMENT_3D('',#64,#65,#66);
#64 = CARTESIAN_POINT('',(0.,0.,0.));
#65 = DIRECTION('',(0.,0.,1.));
#66 = DIRECTION('',(1.,0.,0.));
#67 = ( GEOMETRIC_REPRESENTATION_CONTEXT(3) 
GLOBAL_UNCERTAINTY_ASSIGNED_CONTEXT((#71)) GLOBAL_UNIT_ASSIGNED_CONTEXT(
(#68,#69,#70)) REPRESENTATION_CONTEXT('Context #1',
  '3D Context with UNIT and UNCERTAINTY') );
#68 = ( LENGTH_UNIT() NAMED_UNIT(*) SI_UNIT(.MILLI.,.METRE.) );
#69 = ( NAMED_UNIT(*) PLANE_ANGLE_UNIT() SI_UNIT($,.RADIAN.) );
#70 = ( NAMED_UNIT(*) SI_UNIT($,.STERADIAN.) SOLID_ANGLE_UNIT() );
#71 = UNCERTAINTY_MEASURE_WITH_UNIT(LENGTH_MEASURE(1.E-07),#68,
  'distance_accuracy_value','confusion accuracy');
#72 = PRODUCT_RELATED_PRODUCT_CATEGORY('part',$,(#7));
#73 = SHAPE_DEFINITION_REPRESENTATION(#74,#80);
#74 = PRODUCT_DEFINITION_SHAPE('','',#75);
#75 = PRODUCT_DEFINITION('design','',#76,#79);
#76 = PRODUCT_DEFINITION_FORMATION('','',#77);
#77 = PRODUCT('outer_sleeve','outer_sleeve','',(#78));
#78 = PRODUCT_CONTEXT('',#2,'mechanical');
#79 = PRODUCT_DEFINITION_CONTEXT('part definition',#2,'design');
#80 = ADVANCED_BREP_SHAPE_REPRESENTATION('',(#11,#81),#412);
#81 = MANIFOLD_SOLID_BREP('',#82);
#82 = CLOSED_SHELL('',(#83,#123,#188,#223,#247,#264,#276,#318,#342,#366,
    #383,#400));
#83 = ADVANCED_FACE('',(#84),#118,.F.);
#84 = FACE_BOUND('',#85,.F.);
#85 = EDGE_LOOP('',(#86,#96,#104,#112));
#86 = ORIENTED_EDGE('',*,*,#87,.F.);
#87 = EDGE_CURVE('',#88,#90,#92,.T.);
#88 = VERTEX_POINT('',#89);
#89 = CARTESIAN_POINT('',(0.,0.,0.));
#90 = VERTEX_POINT('',#91);
#91 = CARTESIAN_POINT('',(0.,0.,75.));
#92 = LINE('',#93,#94);
#93 = CARTESIAN_POINT('',(0.,0.,0.));
#94 = VECTOR('',#95,1.);
#95 = DIRECTION('',(0.,0.,1.));
#96 = ORIENTED_EDGE('',*,*,#97,.T.);
#97 = EDGE_CURVE('',#88,#98,#100,.T.);
#98 = VERTEX_POINT('',#99);
#99 = CARTESIAN_POINT('',(0.,230.,0.));
#100 = LINE('',#101,#102);
#101 = CARTESIAN_POINT('',(0.,0.,0.));
#102 = VECTOR('',#103,1.);
#103 = DIRECTION('',(-0.,1.,0.));
#104 = ORIENTED_EDGE('',*,*,#105,.T.);
#105 = EDGE_CURVE('',#98,#106,#108,.T.);
#106 = VERTEX_POINT('',#107);
#107 = CARTESIAN_POINT('',(0.,230.,75.));
#108 = LINE('',#109,#110);
#109 = CARTESIAN_POINT('',(0.,230.,0.));
#110 = VECTOR('',#111,1.);
#111 = DIRECTION('',(0.,0.,1.));
#112 = ORIENTED_EDGE('',*,*,#113,.F.);
#113 = EDGE_CURVE('',#90,#106,#114,.T.);
#114 = LINE('',#115,#116);
#115 = CARTESIAN_POINT('',(0.,0.,75.));
#116 = VECTOR('',#117,1.);
#117 = DIRECTION('',(-0.,1.,0.));
#118 = PLANE('',#119);
#119 = AXIS2_PLACEMENT_3D('',#120,#121,#122);
#120 = CARTESIAN_POINT('',(0.,0.,0.));
#121 = DIRECTION('',(1.,0.,-0.));
#122 = DIRECTION('',(0.,0.,1.));
#123 = ADVANCED_FACE('',(#124,#149),#183,.F.);
#124 = FACE_BOUND('',#125,.F.);
#125 = EDGE_LOOP('',(#126,#134,#135,#143));
#126 = ORIENTED_EDGE('',*,*,#127,.F.);
#127 = EDGE_CURVE('',#88,#128,#130,.T.);
#128 = VERTEX_POINT('',#129);
#129 = CARTESIAN_POINT('',(290.,0.,0.));
#130 = LINE('',#131,#132);
#131 = CARTESIAN_POINT('',(0.,0.,0.));
#132 = VECTOR('',#133,1.);
#133 = DIRECTION('',(1.,0.,-0.));
#134 = ORIENTED_EDGE('',*,*,#87,.T.);
#135 = ORIENTED_EDGE('',*,*,#136,.T.);
#136 = EDGE_CURVE('',#90,#137,#139,.T.);
#137 = VERTEX_POINT('',#138);
#138 = CARTESIAN_POINT('',(290.,0.,75.));
#139 = LINE('',#140,#141);
#140 = CARTESIAN_POINT('',(0.,0.,75.));
#141 = VECTOR('',#142,1.);
#142 = DIRECTION('',(1.,0.,-0.));
#143 = ORIENTED_EDGE('',*,*,#144,.F.);
#144 = EDGE_CURVE('',#128,#137,#145,.T.);
#145 = LINE('',#146,#147);
#146 = CARTESIAN_POINT('',(290.,0.,0.));
#147 = VECTOR('',#148,1.);
#148 = DIRECTION('',(0.,0.,1.));
#149 = FACE_BOUND('',#150,.F.);
#150 = EDGE_LOOP('',(#151,#161,#169,#177));
#151 = ORIENTED_EDGE('',*,*,#152,.F.);
#152 = EDGE_CURVE('',#153,#155,#157,.T.);
#153 = VERTEX_POINT('',#154);
#154 = CARTESIAN_POINT('',(2.18,0.,72.82));
#155 = VERTEX_POINT('',#156);
#156 = CARTESIAN_POINT('',(287.82,0.,72.82));
#157 = LINE('',#158,#159);
#158 = CARTESIAN_POINT('',(1.09,0.,72.82));
#159 = VECTOR('',#160,1.);
#160 = DIRECTION('',(1.,0.,-0.));
#161 = ORIENTED_EDGE('',*,*,#162,.T.);
#162 = EDGE_CURVE('',#153,#163,#165,.T.);
#163 = VERTEX_POINT('',#164);
#164 = CARTESIAN_POINT('',(2.18,0.,2.18));
#165 = LINE('',#166,#167);
#166 = CARTESIAN_POINT('',(2.18,0.,1.09));
#167 = VECTOR('',#168,1.);
#168 = DIRECTION('',(-0.,0.,-1.));
#169 = ORIENTED_EDGE('',*,*,#170,.T.);
#170 = EDGE_CURVE('',#163,#171,#173,.T.);
#171 = VERTEX_POINT('',#172);
#172 = CARTESIAN_POINT('',(287.82,0.,2.18));
#173 = LINE('',#174,#175);
#174 = CARTESIAN_POINT('',(1.09,0.,2.18));
#175 = VECTOR('',#176,1.);
#176 = DIRECTION('',(1.,0.,-0.));
#177 = ORIENTED_EDGE('',*,*,#178,.F.);
#178 = EDGE_CURVE('',#155,#171,#179,.T.);
#179 = LINE('',#180,#181);
#180 = CARTESIAN_POINT('',(287.82,0.,1.09));
#181 = VECTOR('',#182,1.);
#182 = DIRECTION('',(-0.,0.,-1.));
#183 = PLANE('',#184);
#184 = AXIS2_PLACEMENT_3D('',#185,#186,#187);
#185 = CARTESIAN_POINT('',(0.,0.,0.));
#186 = DIRECTION('',(-0.,1.,0.));
#187 = DIRECTION('',(0.,0.,1.));
#188 = ADVANCED_FACE('',(#189,#207),#218,.T.);
#189 = FACE_BOUND('',#190,.T.);
#190 = EDGE_LOOP('',(#191,#192,#193,#201));
#191 = ORIENTED_EDGE('',*,*,#113,.F.);
#192 = ORIENTED_EDGE('',*,*,#136,.T.);
#193 = ORIENTED_EDGE('',*,*,#194,.T.);
#194 = EDGE_CURVE('',#137,#195,#197,.T.);
#195 = VERTEX_POINT('',#196);
#196 = CARTESIAN_POINT('',(290.,230.,75.));
#197 = LINE('',#198,#199);
#198 = CARTESIAN_POINT('',(290.,0.,75.));
#199 = VECTOR('',#200,1.);
#200 = DIRECTION('',(-0.,1.,0.));
#201 = ORIENTED_EDGE('',*,*,#202,.F.);
#202 = EDGE_CURVE('',#106,#195,#203,.T.);
#203 = LINE('',#204,#205);
#204 = CARTESIAN_POINT('',(0.,230.,75.));
#205 = VECTOR('',#206,1.);
#206 = DIRECTION('',(1.,0.,-0.));
#207 = FACE_BOUND('',#208,.T.);
#208 = EDGE_LOOP('',(#209));
#209 = ORIENTED_EDGE('',*,*,#210,.F.);
#210 = EDGE_CURVE('',#211,#211,#213,.T.);
#211 = VERTEX_POINT('',#212);
#212 = CARTESIAN_POINT('',(199.,115.,75.));
#213 = CIRCLE('',#214,54.);
#214 = AXIS2_PLACEMENT_3D('',#215,#216,#217);
#215 = CARTESIAN_POINT('',(145.,115.,75.));
#216 = DIRECTION('',(0.,0.,1.));
#217 = DIRECTION('',(1.,0.,-0.));
#218 = PLANE('',#219);
#219 = AXIS2_PLACEMENT_3D('',#220,#221,#222);
#220 = CARTESIAN_POINT('',(0.,0.,75.));
#221 = DIRECTION('',(0.,0.,1.));
#222 = DIRECTION('',(1.,0.,-0.));
#223 = ADVANCED_FACE('',(#224),#242,.T.);
#224 = FACE_BOUND('',#225,.T.);
#225 = EDGE_LOOP('',(#226,#234,#235,#236));
#226 = ORIENTED_EDGE('',*,*,#227,.F.);
#227 = EDGE_CURVE('',#98,#228,#230,.T.);
#228 = VERTEX_POINT('',#229);
#229 = CARTESIAN_POINT('',(290.,230.,0.));
#230 = LINE('',#231,#232);
#231 = CARTESIAN_POINT('',(0.,230.,0.));
#232 = VECTOR('',#233,1.);
#233 = DIRECTION('',(1.,0.,-0.));
#234 = ORIENTED_EDGE('',*,*,#105,.T.);
#235 = ORIENTED_EDGE('',*,*,#202,.T.);
#236 = ORIENTED_EDGE('',*,*,#237,.F.);
#237 = EDGE_CURVE('',#228,#195,#238,.T.);
#238 = LINE('',#239,#240);
#239 = CARTESIAN_POINT('',(290.,230.,0.));
#240 = VECTOR('',#241,1.);
#241 = DIRECTION('',(0.,0.,1.));
#242 = PLANE('',#243);
#243 = AXIS2_PLACEMENT_3D('',#244,#245,#246);
#244 = CARTESIAN_POINT('',(0.,230.,0.));
#245 = DIRECTION('',(-0.,1.,0.));
#246 = DIRECTION('',(0.,0.,1.));
#247 = ADVANCED_FACE('',(#248),#259,.F.);
#248 = FACE_BOUND('',#249,.F.);
#249 = EDGE_LOOP('',(#250,#251,#252,#258));
#250 = ORIENTED_EDGE('',*,*,#97,.F.);
#251 = ORIENTED_EDGE('',*,*,#127,.T.);
#252 = ORIENTED_EDGE('',*,*,#253,.T.);
#253 = EDGE_CURVE('',#128,#228,#254,.T.);
#254 = LINE('',#255,#256);
#255 = CARTESIAN_POINT('',(290.,0.,0.));
#256 = VECTOR('',#257,1.);
#257 = DIRECTION('',(-0.,1.,0.));
#258 = ORIENTED_EDGE('',*,*,#227,.F.);
#259 = PLANE('',#260);
#260 = AXIS2_PLACEMENT_3D('',#261,#262,#263);
#261 = CARTESIAN_POINT('',(0.,0.,0.));
#262 = DIRECTION('',(0.,0.,1.));
#263 = DIRECTION('',(1.,0.,-0.));
#264 = ADVANCED_FACE('',(#265),#271,.T.);
#265 = FACE_BOUND('',#266,.T.);
#266 = EDGE_LOOP('',(#267,#268,#269,#270));
#267 = ORIENTED_EDGE('',*,*,#144,.F.);
#268 = ORIENTED_EDGE('',*,*,#253,.T.);
#269 = ORIENTED_EDGE('',*,*,#237,.T.);
#270 = ORIENTED_EDGE('',*,*,#194,.F.);
#271 = PLANE('',#272);
#272 = AXIS2_PLACEMENT_3D('',#273,#274,#275);
#273 = CARTESIAN_POINT('',(290.,0.,0.));
#274 = DIRECTION('',(1.,0.,-0.));
#275 = DIRECTION('',(0.,0.,1.));
#276 = ADVANCED_FACE('',(#277,#302),#313,.F.);
#277 = FACE_BOUND('',#278,.F.);
#278 = EDGE_LOOP('',(#279,#287,#288,#296));
#279 = ORIENTED_EDGE('',*,*,#280,.F.);
#280 = EDGE_CURVE('',#153,#281,#283,.T.);
#281 = VERTEX_POINT('',#282);
#282 = CARTESIAN_POINT('',(2.18,226.,72.82));
#283 = LINE('',#284,#285);
#284 = CARTESIAN_POINT('',(2.18,-1.,72.82));
#285 = VECTOR('',#286,1.);
#286 = DIRECTION('',(-0.,1.,0.));
#287 = ORIENTED_EDGE('',*,*,#152,.T.);
#288 = ORIENTED_EDGE('',*,*,#289,.T.);
#289 = EDGE_CURVE('',#155,#290,#292,.T.);
#290 = VERTEX_POINT('',#291);
#291 = CARTESIAN_POINT('',(287.82,226.,72.82));
#292 = LINE('',#293,#294);
#293 = CARTESIAN_POINT('',(287.82,-1.,72.82));
#294 = VECTOR('',#295,1.);
#295 = DIRECTION('',(-0.,1.,0.));
#296 = ORIENTED_EDGE('',*,*,#297,.F.);
#297 = EDGE_CURVE('',#281,#290,#298,.T.);
#298 = LINE('',#299,#300);
#299 = CARTESIAN_POINT('',(2.18,226.,72.82));
#300 = VECTOR('',#301,1.);
#301 = DIRECTION('',(1.,0.,-0.));
#302 = FACE_BOUND('',#303,.F.);
#303 = EDGE_LOOP('',(#304));
#304 = ORIENTED_EDGE('',*,*,#305,.F.);
#305 = EDGE_CURVE('',#306,#306,#308,.T.);
#306 = VERTEX_POINT('',#307);
#307 = CARTESIAN_POINT('',(199.,115.,72.82));
#308 = CIRCLE('',#309,54.);
#309 = AXIS2_PLACEMENT_3D('',#310,#311,#312);
#310 = CARTESIAN_POINT('',(145.,115.,72.82));
#311 = DIRECTION('',(0.,0.,1.));
#312 = DIRECTION('',(1.,0.,-0.));
#313 = PLANE('',#314);
#314 = AXIS2_PLACEMENT_3D('',#315,#316,#317);
#315 = CARTESIAN_POINT('',(2.18,-1.,72.82));
#316 = DIRECTION('',(0.,0.,1.));
#317 = DIRECTION('',(1.,0.,-0.));
#318 = ADVANCED_FACE('',(#319),#337,.F.);
#319 = FACE_BOUND('',#320,.F.);
#320 = EDGE_LOOP('',(#321,#322,#323,#331));
#321 = ORIENTED_EDGE('',*,*,#289,.F.);
#322 = ORIENTED_EDGE('',*,*,#178,.T.);
#323 = ORIENTED_EDGE('',*,*,#324,.T.);
#324 = EDGE_CURVE('',#171,#325,#327,.T.);
#325 = VERTEX_POINT('',#326);
#326 = CARTESIAN_POINT('',(287.82,226.,2.18));
#327 = LINE('',#328,#329);
#328 = CARTESIAN_POINT('',(287.82,-1.,2.18));
#329 = VECTOR('',#330,1.);
#330 = DIRECTION('',(-0.,1.,0.));
#331 = ORIENTED_EDGE('',*,*,#332,.T.);
#332 = EDGE_CURVE('',#325,#290,#333,.T.);
#333 = LINE('',#334,#335);
#334 = CARTESIAN_POINT('',(287.82,226.,2.18));
#335 = VECTOR('',#336,1.);
#336 = DIRECTION('',(0.,0.,1.));
#337 = PLANE('',#338);
#338 = AXIS2_PLACEMENT_3D('',#339,#340,#341);
#339 = CARTESIAN_POINT('',(287.82,-1.,2.18));
#340 = DIRECTION('',(1.,0.,-0.));
#341 = DIRECTION('',(0.,0.,1.));
#342 = ADVANCED_FACE('',(#343),#361,.T.);
#343 = FACE_BOUND('',#344,.T.);
#344 = EDGE_LOOP('',(#345,#353,#354,#355));
#345 = ORIENTED_EDGE('',*,*,#346,.F.);
#346 = EDGE_CURVE('',#163,#347,#349,.T.);
#347 = VERTEX_POINT('',#348);
#348 = CARTESIAN_POINT('',(2.18,226.,2.18));
#349 = LINE('',#350,#351);
#350 = CARTESIAN_POINT('',(2.18,-1.,2.18));
#351 = VECTOR('',#352,1.);
#352 = DIRECTION('',(-0.,1.,0.));
#353 = ORIENTED_EDGE('',*,*,#170,.T.);
#354 = ORIENTED_EDGE('',*,*,#324,.T.);
#355 = ORIENTED_EDGE('',*,*,#356,.F.);
#356 = EDGE_CURVE('',#347,#325,#357,.T.);
#357 = LINE('',#358,#359);
#358 = CARTESIAN_POINT('',(2.18,226.,2.18));
#359 = VECTOR('',#360,1.);
#360 = DIRECTION('',(1.,0.,-0.));
#361 = PLANE('',#362);
#362 = AXIS2_PLACEMENT_3D('',#363,#364,#365);
#363 = CARTESIAN_POINT('',(2.18,-1.,2.18));
#364 = DIRECTION('',(0.,0.,1.));
#365 = DIRECTION('',(1.,0.,-0.));
#366 = ADVANCED_FACE('',(#367),#378,.T.);
#367 = FACE_BOUND('',#368,.T.);
#368 = EDGE_LOOP('',(#369,#370,#371,#372));
#369 = ORIENTED_EDGE('',*,*,#280,.F.);
#370 = ORIENTED_EDGE('',*,*,#162,.T.);
#371 = ORIENTED_EDGE('',*,*,#346,.T.);
#372 = ORIENTED_EDGE('',*,*,#373,.T.);
#373 = EDGE_CURVE('',#347,#281,#374,.T.);
#374 = LINE('',#375,#376);
#375 = CARTESIAN_POINT('',(2.18,226.,2.18));
#376 = VECTOR('',#377,1.);
#377 = DIRECTION('',(0.,0.,1.));
#378 = PLANE('',#379);
#379 = AXIS2_PLACEMENT_3D('',#380,#381,#382);
#380 = CARTESIAN_POINT('',(2.18,-1.,2.18));
#381 = DIRECTION('',(1.,0.,-0.));
#382 = DIRECTION('',(0.,0.,1.));
#383 = ADVANCED_FACE('',(#384),#395,.F.);
#384 = FACE_BOUND('',#385,.F.);
#385 = EDGE_LOOP('',(#386,#387,#393,#394));
#386 = ORIENTED_EDGE('',*,*,#210,.F.);
#387 = ORIENTED_EDGE('',*,*,#388,.F.);
#388 = EDGE_CURVE('',#306,#211,#389,.T.);
#389 = LINE('',#390,#391);
#390 = CARTESIAN_POINT('',(199.,115.,71.82));
#391 = VECTOR('',#392,1.);
#392 = DIRECTION('',(0.,0.,1.));
#393 = ORIENTED_EDGE('',*,*,#305,.T.);
#394 = ORIENTED_EDGE('',*,*,#388,.T.);
#395 = CYLINDRICAL_SURFACE('',#396,54.);
#396 = AXIS2_PLACEMENT_3D('',#397,#398,#399);
#397 = CARTESIAN_POINT('',(145.,115.,71.82));
#398 = DIRECTION('',(0.,0.,1.));
#399 = DIRECTION('',(1.,0.,-0.));
#400 = ADVANCED_FACE('',(#401),#407,.F.);
#401 = FACE_BOUND('',#402,.F.);
#402 = EDGE_LOOP('',(#403,#404,#405,#406));
#403 = ORIENTED_EDGE('',*,*,#356,.F.);
#404 = ORIENTED_EDGE('',*,*,#373,.T.);
#405 = ORIENTED_EDGE('',*,*,#297,.T.);
#406 = ORIENTED_EDGE('',*,*,#332,.F.);
#407 = PLANE('',#408);
#408 = AXIS2_PLACEMENT_3D('',#409,#410,#411);
#409 = CARTESIAN_POINT('',(2.18,226.,2.18));
#410 = DIRECTION('',(-0.,1.,0.));
#411 = DIRECTION('',(0.,0.,1.));
#412 = ( GEOMETRIC_REPRESENTATION_CONTEXT(3) 
GLOBAL_UNCERTAINTY_ASSIGNED_CONTEXT((#416)) GLOBAL_UNIT_ASSIGNED_CONTEXT
((#413,#414,#415)) REPRESENTATION_CONTEXT('Context #1',
  '3D Context with UNIT and UNCERTAINTY') );
#413 = ( LENGTH_UNIT() NAMED_UNIT(*) SI_UNIT(.MILLI.,.METRE.) );
#414 = ( NAMED_UNIT(*) PLANE_ANGLE_UNIT() SI_UNIT($,.RADIAN.) );
#415 = ( NAMED_UNIT(*) SI_UNIT($,.STERADIAN.) SOLID_ANGLE_UNIT() );
#416 = UNCERTAINTY_MEASURE_WITH_UNIT(LENGTH_MEASURE(1.E-07),#413,
  'distance_accuracy_value','confusion accuracy');
#417 = CONTEXT_DEPENDENT_SHAPE_REPRESENTATION(#418,#420);
#418 = ( REPRESENTATION_RELATIONSHIP('','',#80,#10) 
REPRESENTATION_RELATIONSHIP_WITH_TRANSFORMATION(#419) 
SHAPE_REPRESENTATION_RELATIONSHIP() );
#419 = ITEM_DEFINED_TRANSFORMATION('','',#11,#15);
#420 = PRODUCT_DEFINITION_SHAPE('Placement','Placement of an item',#421
  );
#421 = NEXT_ASSEMBLY_USAGE_OCCURRENCE('1','outer_sleeve','',#5,#75,$);
#422 = PRODUCT_RELATED_PRODUCT_CATEGORY('part',$,(#77));
#423 = SHAPE_DEFINITION_REPRESENTATION(#424,#430);
#424 = PRODUCT_DEFINITION_SHAPE('','',#425);
#425 = PRODUCT_DEFINITION('design','',#426,#429);
#426 = PRODUCT_DEFINITION_FORMATION('','',#427);
#427 = PRODUCT('wei_drawer','wei_drawer','',(#428));
#428 = PRODUCT_CONTEXT('',#2,'mechanical');
#429 = PRODUCT_DEFINITION_CONTEXT('part definition',#2,'design');
#430 = ADVANCED_BREP_SHAPE_REPRESENTATION('',(#11,#431),#649);
#431 = MANIFOLD_SOLID_BREP('',#432);
#432 = CLOSED_SHELL('',(#433,#473,#504,#545,#569,#603,#620,#637));
#433 = ADVANCED_FACE('',(#434),#468,.F.);
#434 = FACE_BOUND('',#435,.F.);
#435 = EDGE_LOOP('',(#436,#446,#454,#462));
#436 = ORIENTED_EDGE('',*,*,#437,.F.);
#437 = EDGE_CURVE('',#438,#440,#442,.T.);
#438 = VERTEX_POINT('',#439);
#439 = CARTESIAN_POINT('',(235.,25.,8.));
#440 = VERTEX_POINT('',#441);
#441 = CARTESIAN_POINT('',(235.,25.,63.));
#442 = LINE('',#443,#444);
#443 = CARTESIAN_POINT('',(235.,25.,8.));
#444 = VECTOR('',#445,1.);
#445 = DIRECTION('',(0.,0.,1.));
#446 = ORIENTED_EDGE('',*,*,#447,.T.);
#447 = EDGE_CURVE('',#438,#448,#450,.T.);
#448 = VERTEX_POINT('',#449);
#449 = CARTESIAN_POINT('',(235.,205.,8.));
#450 = LINE('',#451,#452);
#451 = CARTESIAN_POINT('',(235.,25.,8.));
#452 = VECTOR('',#453,1.);
#453 = DIRECTION('',(-0.,1.,0.));
#454 = ORIENTED_EDGE('',*,*,#455,.T.);
#455 = EDGE_CURVE('',#448,#456,#458,.T.);
#456 = VERTEX_POINT('',#457);
#457 = CARTESIAN_POINT('',(235.,205.,63.));
#458 = LINE('',#459,#460);
#459 = CARTESIAN_POINT('',(235.,205.,8.));
#460 = VECTOR('',#461,1.);
#461 = DIRECTION('',(0.,0.,1.));
#462 = ORIENTED_EDGE('',*,*,#463,.F.);
#463 = EDGE_CURVE('',#440,#456,#464,.T.);
#464 = LINE('',#465,#466);
#465 = CARTESIAN_POINT('',(235.,25.,63.));
#466 = VECTOR('',#467,1.);
#467 = DIRECTION('',(-0.,1.,0.));
#468 = PLANE('',#469);
#469 = AXIS2_PLACEMENT_3D('',#470,#471,#472);
#470 = CARTESIAN_POINT('',(235.,25.,8.));
#471 = DIRECTION('',(1.,0.,-0.));
#472 = DIRECTION('',(0.,0.,1.));
#473 = ADVANCED_FACE('',(#474),#499,.F.);
#474 = FACE_BOUND('',#475,.F.);
#475 = EDGE_LOOP('',(#476,#484,#485,#493));
#476 = ORIENTED_EDGE('',*,*,#477,.F.);
#477 = EDGE_CURVE('',#438,#478,#480,.T.);
#478 = VERTEX_POINT('',#479);
#479 = CARTESIAN_POINT('',(288.,25.,8.));
#480 = LINE('',#481,#482);
#481 = CARTESIAN_POINT('',(235.,25.,8.));
#482 = VECTOR('',#483,1.);
#483 = DIRECTION('',(1.,0.,-0.));
#484 = ORIENTED_EDGE('',*,*,#437,.T.);
#485 = ORIENTED_EDGE('',*,*,#486,.T.);
#486 = EDGE_CURVE('',#440,#487,#489,.T.);
#487 = VERTEX_POINT('',#488);
#488 = CARTESIAN_POINT('',(288.,25.,63.));
#489 = LINE('',#490,#491);
#490 = CARTESIAN_POINT('',(235.,25.,63.));
#491 = VECTOR('',#492,1.);
#492 = DIRECTION('',(1.,0.,-0.));
#493 = ORIENTED_EDGE('',*,*,#494,.F.);
#494 = EDGE_CURVE('',#478,#487,#495,.T.);
#495 = LINE('',#496,#497);
#496 = CARTESIAN_POINT('',(288.,25.,8.));
#497 = VECTOR('',#498,1.);
#498 = DIRECTION('',(0.,0.,1.));
#499 = PLANE('',#500);
#500 = AXIS2_PLACEMENT_3D('',#501,#502,#503);
#501 = CARTESIAN_POINT('',(235.,25.,8.));
#502 = DIRECTION('',(-0.,1.,0.));
#503 = DIRECTION('',(0.,0.,1.));
#504 = ADVANCED_FACE('',(#505),#540,.T.);
#505 = FACE_BOUND('',#506,.T.);
#506 = EDGE_LOOP('',(#507,#515,#516,#517,#525,#534));
#507 = ORIENTED_EDGE('',*,*,#508,.F.);
#508 = EDGE_CURVE('',#456,#509,#511,.T.);
#509 = VERTEX_POINT('',#510);
#510 = CARTESIAN_POINT('',(288.,205.,63.));
#511 = LINE('',#512,#513);
#512 = CARTESIAN_POINT('',(235.,205.,63.));
#513 = VECTOR('',#514,1.);
#514 = DIRECTION('',(1.,0.,-0.));
#515 = ORIENTED_EDGE('',*,*,#463,.F.);
#516 = ORIENTED_EDGE('',*,*,#486,.T.);
#517 = ORIENTED_EDGE('',*,*,#518,.T.);
#518 = EDGE_CURVE('',#487,#519,#521,.T.);
#519 = VERTEX_POINT('',#520);
#520 = CARTESIAN_POINT('',(288.,101.,63.));
#521 = LINE('',#522,#523);
#522 = CARTESIAN_POINT('',(288.,25.,63.));
#523 = VECTOR('',#524,1.);
#524 = DIRECTION('',(-0.,1.,0.));
#525 = ORIENTED_EDGE('',*,*,#526,.F.);
#526 = EDGE_CURVE('',#527,#519,#529,.T.);
#527 = VERTEX_POINT('',#528);
#528 = CARTESIAN_POINT('',(288.,129.,63.));
#529 = CIRCLE('',#530,14.);
#530 = AXIS2_PLACEMENT_3D('',#531,#532,#533);
#531 = CARTESIAN_POINT('',(288.,115.,63.));
#532 = DIRECTION('',(0.,0.,1.));
#533 = DIRECTION('',(1.,0.,-0.));
#534 = ORIENTED_EDGE('',*,*,#535,.T.);
#535 = EDGE_CURVE('',#527,#509,#536,.T.);
#536 = LINE('',#537,#538);
#537 = CARTESIAN_POINT('',(288.,25.,63.));
#538 = VECTOR('',#539,1.);
#539 = DIRECTION('',(-0.,1.,0.));
#540 = PLANE('',#541);
#541 = AXIS2_PLACEMENT_3D('',#542,#543,#544);
#542 = CARTESIAN_POINT('',(235.,25.,63.));
#543 = DIRECTION('',(0.,0.,1.));
#544 = DIRECTION('',(1.,0.,-0.));
#545 = ADVANCED_FACE('',(#546),#564,.T.);
#546 = FACE_BOUND('',#547,.T.);
#547 = EDGE_LOOP('',(#548,#556,#557,#558));
#548 = ORIENTED_EDGE('',*,*,#549,.F.);
#549 = EDGE_CURVE('',#448,#550,#552,.T.);
#550 = VERTEX_POINT('',#551);
#551 = CARTESIAN_POINT('',(288.,205.,8.));
#552 = LINE('',#553,#554);
#553 = CARTESIAN_POINT('',(235.,205.,8.));
#554 = VECTOR('',#555,1.);
#555 = DIRECTION('',(1.,0.,-0.));
#556 = ORIENTED_EDGE('',*,*,#455,.T.);
#557 = ORIENTED_EDGE('',*,*,#508,.T.);
#558 = ORIENTED_EDGE('',*,*,#559,.F.);
#559 = EDGE_CURVE('',#550,#509,#560,.T.);
#560 = LINE('',#561,#562);
#561 = CARTESIAN_POINT('',(288.,205.,8.));
#562 = VECTOR('',#563,1.);
#563 = DIRECTION('',(0.,0.,1.));
#564 = PLANE('',#565);
#565 = AXIS2_PLACEMENT_3D('',#566,#567,#568);
#566 = CARTESIAN_POINT('',(235.,205.,8.));
#567 = DIRECTION('',(-0.,1.,0.));
#568 = DIRECTION('',(0.,0.,1.));
#569 = ADVANCED_FACE('',(#570),#598,.F.);
#570 = FACE_BOUND('',#571,.F.);
#571 = EDGE_LOOP('',(#572,#573,#574,#575,#583,#592));
#572 = ORIENTED_EDGE('',*,*,#549,.F.);
#573 = ORIENTED_EDGE('',*,*,#447,.F.);
#574 = ORIENTED_EDGE('',*,*,#477,.T.);
#575 = ORIENTED_EDGE('',*,*,#576,.T.);
#576 = EDGE_CURVE('',#478,#577,#579,.T.);
#577 = VERTEX_POINT('',#578);
#578 = CARTESIAN_POINT('',(288.,101.,8.));
#579 = LINE('',#580,#581);
#580 = CARTESIAN_POINT('',(288.,25.,8.));
#581 = VECTOR('',#582,1.);
#582 = DIRECTION('',(-0.,1.,0.));
#583 = ORIENTED_EDGE('',*,*,#584,.F.);
#584 = EDGE_CURVE('',#585,#577,#587,.T.);
#585 = VERTEX_POINT('',#586);
#586 = CARTESIAN_POINT('',(288.,129.,8.));
#587 = CIRCLE('',#588,14.);
#588 = AXIS2_PLACEMENT_3D('',#589,#590,#591);
#589 = CARTESIAN_POINT('',(288.,115.,8.));
#590 = DIRECTION('',(0.,0.,1.));
#591 = DIRECTION('',(1.,0.,-0.));
#592 = ORIENTED_EDGE('',*,*,#593,.T.);
#593 = EDGE_CURVE('',#585,#550,#594,.T.);
#594 = LINE('',#595,#596);
#595 = CARTESIAN_POINT('',(288.,25.,8.));
#596 = VECTOR('',#597,1.);
#597 = DIRECTION('',(-0.,1.,0.));
#598 = PLANE('',#599);
#599 = AXIS2_PLACEMENT_3D('',#600,#601,#602);
#600 = CARTESIAN_POINT('',(235.,25.,8.));
#601 = DIRECTION('',(0.,0.,1.));
#602 = DIRECTION('',(1.,0.,-0.));
#603 = ADVANCED_FACE('',(#604),#615,.T.);
#604 = FACE_BOUND('',#605,.T.);
#605 = EDGE_LOOP('',(#606,#607,#608,#609));
#606 = ORIENTED_EDGE('',*,*,#518,.F.);
#607 = ORIENTED_EDGE('',*,*,#494,.F.);
#608 = ORIENTED_EDGE('',*,*,#576,.T.);
#609 = ORIENTED_EDGE('',*,*,#610,.T.);
#610 = EDGE_CURVE('',#577,#519,#611,.T.);
#611 = LINE('',#612,#613);
#612 = CARTESIAN_POINT('',(288.,101.,8.));
#613 = VECTOR('',#614,1.);
#614 = DIRECTION('',(0.,0.,1.));
#615 = PLANE('',#616);
#616 = AXIS2_PLACEMENT_3D('',#617,#618,#619);
#617 = CARTESIAN_POINT('',(288.,25.,8.));
#618 = DIRECTION('',(1.,0.,-0.));
#619 = DIRECTION('',(0.,0.,1.));
#620 = ADVANCED_FACE('',(#621),#632,.T.);
#621 = FACE_BOUND('',#622,.T.);
#622 = EDGE_LOOP('',(#623,#624,#630,#631));
#623 = ORIENTED_EDGE('',*,*,#535,.F.);
#624 = ORIENTED_EDGE('',*,*,#625,.F.);
#625 = EDGE_CURVE('',#585,#527,#626,.T.);
#626 = LINE('',#627,#628);
#627 = CARTESIAN_POINT('',(288.,129.,8.));
#628 = VECTOR('',#629,1.);
#629 = DIRECTION('',(0.,0.,1.));
#630 = ORIENTED_EDGE('',*,*,#593,.T.);
#631 = ORIENTED_EDGE('',*,*,#559,.T.);
#632 = PLANE('',#633);
#633 = AXIS2_PLACEMENT_3D('',#634,#635,#636);
#634 = CARTESIAN_POINT('',(288.,25.,8.));
#635 = DIRECTION('',(1.,0.,-0.));
#636 = DIRECTION('',(0.,0.,1.));
#637 = ADVANCED_FACE('',(#638),#644,.F.);
#638 = FACE_BOUND('',#639,.F.);
#639 = EDGE_LOOP('',(#640,#641,#642,#643));
#640 = ORIENTED_EDGE('',*,*,#526,.F.);
#641 = ORIENTED_EDGE('',*,*,#625,.F.);
#642 = ORIENTED_EDGE('',*,*,#584,.T.);
#643 = ORIENTED_EDGE('',*,*,#610,.T.);
#644 = CYLINDRICAL_SURFACE('',#645,14.);
#645 = AXIS2_PLACEMENT_3D('',#646,#647,#648);
#646 = CARTESIAN_POINT('',(288.,115.,8.));
#647 = DIRECTION('',(0.,0.,1.));
#648 = DIRECTION('',(1.,0.,-0.));
#649 = ( GEOMETRIC_REPRESENTATION_CONTEXT(3) 
GLOBAL_UNCERTAINTY_ASSIGNED_CONTEXT((#653)) GLOBAL_UNIT_ASSIGNED_CONTEXT
((#650,#651,#652)) REPRESENTATION_CONTEXT('Context #1',
  '3D Context with UNIT and UNCERTAINTY') );
#650 = ( LENGTH_UNIT() NAMED_UNIT(*) SI_UNIT(.MILLI.,.METRE.) );
#651 = ( NAMED_UNIT(*) PLANE_ANGLE_UNIT() SI_UNIT($,.RADIAN.) );
#652 = ( NAMED_UNIT(*) SI_UNIT($,.STERADIAN.) SOLID_ANGLE_UNIT() );
#653 = UNCERTAINTY_MEASURE_WITH_UNIT(LENGTH_MEASURE(1.E-07),#650,
  'distance_accuracy_value','confusion accuracy');
#654 = CONTEXT_DEPENDENT_SHAPE_REPRESENTATION(#655,#657);
#655 = ( REPRESENTATION_RELATIONSHIP('','',#430,#10) 
REPRESENTATION_RELATIONSHIP_WITH_TRANSFORMATION(#656) 
SHAPE_REPRESENTATION_RELATIONSHIP() );
#656 = ITEM_DEFINED_TRANSFORMATION('','',#11,#19);
#657 = PRODUCT_DEFINITION_SHAPE('Placement','Placement of an item',#658
  );
#658 = NEXT_ASSEMBLY_USAGE_OCCURRENCE('2','wei_drawer','',#5,#425,$);
#659 = PRODUCT_RELATED_PRODUCT_CATEGORY('part',$,(#427));
#660 = SHAPE_DEFINITION_REPRESENTATION(#661,#667);
#661 = PRODUCT_DEFINITION_SHAPE('','',#662);
#662 = PRODUCT_DEFINITION('design','',#663,#666);
#663 = PRODUCT_DEFINITION_FORMATION('','',#664);
#664 = PRODUCT('lock_key_left','lock_key_left','',(#665));
#665 = PRODUCT_CONTEXT('',#2,'mechanical');
#666 = PRODUCT_DEFINITION_CONTEXT('part definition',#2,'design');
#667 = ADVANCED_BREP_SHAPE_REPRESENTATION('',(#11,#668),#950);
#668 = MANIFOLD_SOLID_BREP('',#669);
#669 = CLOSED_SHELL('',(#670,#710,#741,#772,#803,#834,#865,#896,#918,
    #934));
#670 = ADVANCED_FACE('',(#671),#705,.F.);
#671 = FACE_BOUND('',#672,.F.);
#672 = EDGE_LOOP('',(#673,#683,#691,#699));
#673 = ORIENTED_EDGE('',*,*,#674,.F.);
#674 = EDGE_CURVE('',#675,#677,#679,.T.);
#675 = VERTEX_POINT('',#676);
#676 = CARTESIAN_POINT('',(203.2,55.,10.));
#677 = VERTEX_POINT('',#678);
#678 = CARTESIAN_POINT('',(203.2,55.,18.));
#679 = LINE('',#680,#681);
#680 = CARTESIAN_POINT('',(203.2,55.,10.));
#681 = VECTOR('',#682,1.);
#682 = DIRECTION('',(0.,0.,1.));
#683 = ORIENTED_EDGE('',*,*,#684,.T.);
#684 = EDGE_CURVE('',#675,#685,#687,.T.);
#685 = VERTEX_POINT('',#686);
#686 = CARTESIAN_POINT('',(203.2,75.,10.));
#687 = LINE('',#688,#689);
#688 = CARTESIAN_POINT('',(203.2,55.,10.));
#689 = VECTOR('',#690,1.);
#690 = DIRECTION('',(-0.,1.,0.));
#691 = ORIENTED_EDGE('',*,*,#692,.T.);
#692 = EDGE_CURVE('',#685,#693,#695,.T.);
#693 = VERTEX_POINT('',#694);
#694 = CARTESIAN_POINT('',(203.2,75.,18.));
#695 = LINE('',#696,#697);
#696 = CARTESIAN_POINT('',(203.2,75.,10.));
#697 = VECTOR('',#698,1.);
#698 = DIRECTION('',(0.,0.,1.));
#699 = ORIENTED_EDGE('',*,*,#700,.F.);
#700 = EDGE_CURVE('',#677,#693,#701,.T.);
#701 = LINE('',#702,#703);
#702 = CARTESIAN_POINT('',(203.2,55.,18.));
#703 = VECTOR('',#704,1.);
#704 = DIRECTION('',(-0.,1.,0.));
#705 = PLANE('',#706);
#706 = AXIS2_PLACEMENT_3D('',#707,#708,#709);
#707 = CARTESIAN_POINT('',(203.2,55.,10.));
#708 = DIRECTION('',(1.,0.,-0.));
#709 = DIRECTION('',(0.,0.,1.));
#710 = ADVANCED_FACE('',(#711),#736,.F.);
#711 = FACE_BOUND('',#712,.F.);
#712 = EDGE_LOOP('',(#713,#721,#722,#730));
#713 = ORIENTED_EDGE('',*,*,#714,.F.);
#714 = EDGE_CURVE('',#675,#715,#717,.T.);
#715 = VERTEX_POINT('',#716);
#716 = CARTESIAN_POINT('',(235.,55.,10.));
#717 = LINE('',#718,#719);
#718 = CARTESIAN_POINT('',(203.2,55.,10.));
#719 = VECTOR('',#720,1.);
#720 = DIRECTION('',(1.,0.,-0.));
#721 = ORIENTED_EDGE('',*,*,#674,.T.);
#722 = ORIENTED_EDGE('',*,*,#723,.T.);
#723 = EDGE_CURVE('',#677,#724,#726,.T.);
#724 = VERTEX_POINT('',#725);
#725 = CARTESIAN_POINT('',(235.,55.,18.));
#726 = LINE('',#727,#728);
#727 = CARTESIAN_POINT('',(203.2,55.,18.));
#728 = VECTOR('',#729,1.);
#729 = DIRECTION('',(1.,0.,-0.));
#730 = ORIENTED_EDGE('',*,*,#731,.F.);
#731 = EDGE_CURVE('',#715,#724,#732,.T.);
#732 = LINE('',#733,#734);
#733 = CARTESIAN_POINT('',(235.,55.,10.));
#734 = VECTOR('',#735,1.);
#735 = DIRECTION('',(0.,0.,1.));
#736 = PLANE('',#737);
#737 = AXIS2_PLACEMENT_3D('',#738,#739,#740);
#738 = CARTESIAN_POINT('',(203.2,55.,10.));
#739 = DIRECTION('',(-0.,1.,0.));
#740 = DIRECTION('',(0.,0.,1.));
#741 = ADVANCED_FACE('',(#742),#767,.T.);
#742 = FACE_BOUND('',#743,.T.);
#743 = EDGE_LOOP('',(#744,#752,#753,#761));
#744 = ORIENTED_EDGE('',*,*,#745,.F.);
#745 = EDGE_CURVE('',#685,#746,#748,.T.);
#746 = VERTEX_POINT('',#747);
#747 = CARTESIAN_POINT('',(235.,75.,10.));
#748 = LINE('',#749,#750);
#749 = CARTESIAN_POINT('',(203.2,75.,10.));
#750 = VECTOR('',#751,1.);
#751 = DIRECTION('',(1.,0.,-0.));
#752 = ORIENTED_EDGE('',*,*,#692,.T.);
#753 = ORIENTED_EDGE('',*,*,#754,.T.);
#754 = EDGE_CURVE('',#693,#755,#757,.T.);
#755 = VERTEX_POINT('',#756);
#756 = CARTESIAN_POINT('',(235.,75.,18.));
#757 = LINE('',#758,#759);
#758 = CARTESIAN_POINT('',(203.2,75.,18.));
#759 = VECTOR('',#760,1.);
#760 = DIRECTION('',(1.,0.,-0.));
#761 = ORIENTED_EDGE('',*,*,#762,.F.);
#762 = EDGE_CURVE('',#746,#755,#763,.T.);
#763 = LINE('',#764,#765);
#764 = CARTESIAN_POINT('',(235.,75.,10.));
#765 = VECTOR('',#766,1.);
#766 = DIRECTION('',(0.,0.,1.));
#767 = PLANE('',#768);
#768 = AXIS2_PLACEMENT_3D('',#769,#770,#771);
#769 = CARTESIAN_POINT('',(203.2,75.,10.));
#770 = DIRECTION('',(-0.,1.,0.));
#771 = DIRECTION('',(0.,0.,1.));
#772 = ADVANCED_FACE('',(#773),#798,.T.);
#773 = FACE_BOUND('',#774,.T.);
#774 = EDGE_LOOP('',(#775,#783,#784,#792));
#775 = ORIENTED_EDGE('',*,*,#776,.F.);
#776 = EDGE_CURVE('',#724,#777,#779,.T.);
#777 = VERTEX_POINT('',#778);
#778 = CARTESIAN_POINT('',(235.,58.,18.));
#779 = LINE('',#780,#781);
#780 = CARTESIAN_POINT('',(235.,55.,18.));
#781 = VECTOR('',#782,1.);
#782 = DIRECTION('',(-0.,1.,0.));
#783 = ORIENTED_EDGE('',*,*,#731,.F.);
#784 = ORIENTED_EDGE('',*,*,#785,.T.);
#785 = EDGE_CURVE('',#715,#786,#788,.T.);
#786 = VERTEX_POINT('',#787);
#787 = CARTESIAN_POINT('',(235.,58.,10.));
#788 = LINE('',#789,#790);
#789 = CARTESIAN_POINT('',(235.,55.,10.));
#790 = VECTOR('',#791,1.);
#791 = DIRECTION('',(-0.,1.,0.));
#792 = ORIENTED_EDGE('',*,*,#793,.T.);
#793 = EDGE_CURVE('',#786,#777,#794,.T.);
#794 = LINE('',#795,#796);
#795 = CARTESIAN_POINT('',(235.,58.,10.));
#796 = VECTOR('',#797,1.);
#797 = DIRECTION('',(0.,0.,1.));
#798 = PLANE('',#799);
#799 = AXIS2_PLACEMENT_3D('',#800,#801,#802);
#800 = CARTESIAN_POINT('',(235.,55.,10.));
#801 = DIRECTION('',(1.,0.,-0.));
#802 = DIRECTION('',(0.,0.,1.));
#803 = ADVANCED_FACE('',(#804),#829,.T.);
#804 = FACE_BOUND('',#805,.T.);
#805 = EDGE_LOOP('',(#806,#814,#822,#828));
#806 = ORIENTED_EDGE('',*,*,#807,.F.);
#807 = EDGE_CURVE('',#808,#755,#810,.T.);
#808 = VERTEX_POINT('',#809);
#809 = CARTESIAN_POINT('',(235.,72.,18.));
#810 = LINE('',#811,#812);
#811 = CARTESIAN_POINT('',(235.,55.,18.));
#812 = VECTOR('',#813,1.);
#813 = DIRECTION('',(-0.,1.,0.));
#814 = ORIENTED_EDGE('',*,*,#815,.F.);
#815 = EDGE_CURVE('',#816,#808,#818,.T.);
#816 = VERTEX_POINT('',#817);
#817 = CARTESIAN_POINT('',(235.,72.,10.));
#818 = LINE('',#819,#820);
#819 = CARTESIAN_POINT('',(235.,72.,10.));
#820 = VECTOR('',#821,1.);
#821 = DIRECTION('',(0.,0.,1.));
#822 = ORIENTED_EDGE('',*,*,#823,.T.);
#823 = EDGE_CURVE('',#816,#746,#824,.T.);
#824 = LINE('',#825,#826);
#825 = CARTESIAN_POINT('',(235.,55.,10.));
#826 = VECTOR('',#827,1.);
#827 = DIRECTION('',(-0.,1.,0.));
#828 = ORIENTED_EDGE('',*,*,#762,.T.);
#829 = PLANE('',#830);
#830 = AXIS2_PLACEMENT_3D('',#831,#832,#833);
#831 = CARTESIAN_POINT('',(235.,55.,10.));
#832 = DIRECTION('',(1.,0.,-0.));
#833 = DIRECTION('',(0.,0.,1.));
#834 = ADVANCED_FACE('',(#835),#860,.F.);
#835 = FACE_BOUND('',#836,.F.);
#836 = EDGE_LOOP('',(#837,#845,#846,#854));
#837 = ORIENTED_EDGE('',*,*,#838,.F.);
#838 = EDGE_CURVE('',#786,#839,#841,.T.);
#839 = VERTEX_POINT('',#840);
#840 = CARTESIAN_POINT('',(239.,58.,10.));
#841 = LINE('',#842,#843);
#842 = CARTESIAN_POINT('',(231.,58.,10.));
#843 = VECTOR('',#844,1.);
#844 = DIRECTION('',(1.,0.,-0.));
#845 = ORIENTED_EDGE('',*,*,#793,.T.);
#846 = ORIENTED_EDGE('',*,*,#847,.T.);
#847 = EDGE_CURVE('',#777,#848,#850,.T.);
#848 = VERTEX_POINT('',#849);
#849 = CARTESIAN_POINT('',(239.,58.,18.));
#850 = LINE('',#851,#852);
#851 = CARTESIAN_POINT('',(231.,58.,18.));
#852 = VECTOR('',#853,1.);
#853 = DIRECTION('',(1.,0.,-0.));
#854 = ORIENTED_EDGE('',*,*,#855,.F.);
#855 = EDGE_CURVE('',#839,#848,#856,.T.);
#856 = LINE('',#857,#858);
#857 = CARTESIAN_POINT('',(239.,58.,10.));
#858 = VECTOR('',#859,1.);
#859 = DIRECTION('',(0.,0.,1.));
#860 = PLANE('',#861);
#861 = AXIS2_PLACEMENT_3D('',#862,#863,#864);
#862 = CARTESIAN_POINT('',(231.,58.,10.));
#863 = DIRECTION('',(-0.,1.,0.));
#864 = DIRECTION('',(0.,0.,1.));
#865 = ADVANCED_FACE('',(#866),#891,.T.);
#866 = FACE_BOUND('',#867,.T.);
#867 = EDGE_LOOP('',(#868,#876,#877,#885));
#868 = ORIENTED_EDGE('',*,*,#869,.F.);
#869 = EDGE_CURVE('',#816,#870,#872,.T.);
#870 = VERTEX_POINT('',#871);
#871 = CARTESIAN_POINT('',(239.,72.,10.));
#872 = LINE('',#873,#874);
#873 = CARTESIAN_POINT('',(231.,72.,10.));
#874 = VECTOR('',#875,1.);
#875 = DIRECTION('',(1.,0.,-0.));
#876 = ORIENTED_EDGE('',*,*,#815,.T.);
#877 = ORIENTED_EDGE('',*,*,#878,.T.);
#878 = EDGE_CURVE('',#808,#879,#881,.T.);
#879 = VERTEX_POINT('',#880);
#880 = CARTESIAN_POINT('',(239.,72.,18.));
#881 = LINE('',#882,#883);
#882 = CARTESIAN_POINT('',(231.,72.,18.));
#883 = VECTOR('',#884,1.);
#884 = DIRECTION('',(1.,0.,-0.));
#885 = ORIENTED_EDGE('',*,*,#886,.F.);
#886 = EDGE_CURVE('',#870,#879,#887,.T.);
#887 = LINE('',#888,#889);
#888 = CARTESIAN_POINT('',(239.,72.,10.));
#889 = VECTOR('',#890,1.);
#890 = DIRECTION('',(0.,0.,1.));
#891 = PLANE('',#892);
#892 = AXIS2_PLACEMENT_3D('',#893,#894,#895);
#893 = CARTESIAN_POINT('',(231.,72.,10.));
#894 = DIRECTION('',(-0.,1.,0.));
#895 = DIRECTION('',(0.,0.,1.));
#896 = ADVANCED_FACE('',(#897),#913,.T.);
#897 = FACE_BOUND('',#898,.T.);
#898 = EDGE_LOOP('',(#899,#900,#906,#907));
#899 = ORIENTED_EDGE('',*,*,#855,.F.);
#900 = ORIENTED_EDGE('',*,*,#901,.T.);
#901 = EDGE_CURVE('',#839,#870,#902,.T.);
#902 = LINE('',#903,#904);
#903 = CARTESIAN_POINT('',(239.,58.,10.));
#904 = VECTOR('',#905,1.);
#905 = DIRECTION('',(-0.,1.,0.));
#906 = ORIENTED_EDGE('',*,*,#886,.T.);
#907 = ORIENTED_EDGE('',*,*,#908,.F.);
#908 = EDGE_CURVE('',#848,#879,#909,.T.);
#909 = LINE('',#910,#911);
#910 = CARTESIAN_POINT('',(239.,58.,18.));
#911 = VECTOR('',#912,1.);
#912 = DIRECTION('',(-0.,1.,0.));
#913 = PLANE('',#914);
#914 = AXIS2_PLACEMENT_3D('',#915,#916,#917);
#915 = CARTESIAN_POINT('',(239.,58.,10.));
#916 = DIRECTION('',(1.,0.,-0.));
#917 = DIRECTION('',(0.,0.,1.));
#918 = ADVANCED_FACE('',(#919),#929,.T.);
#919 = FACE_BOUND('',#920,.T.);
#920 = EDGE_LOOP('',(#921,#922,#923,#924,#925,#926,#927,#928));
#921 = ORIENTED_EDGE('',*,*,#754,.F.);
#922 = ORIENTED_EDGE('',*,*,#700,.F.);
#923 = ORIENTED_EDGE('',*,*,#723,.T.);
#924 = ORIENTED_EDGE('',*,*,#776,.T.);
#925 = ORIENTED_EDGE('',*,*,#847,.T.);
#926 = ORIENTED_EDGE('',*,*,#908,.T.);
#927 = ORIENTED_EDGE('',*,*,#878,.F.);
#928 = ORIENTED_EDGE('',*,*,#807,.T.);
#929 = PLANE('',#930);
#930 = AXIS2_PLACEMENT_3D('',#931,#932,#933);
#931 = CARTESIAN_POINT('',(220.88494623655,65.,18.));
#932 = DIRECTION('',(0.,0.,1.));
#933 = DIRECTION('',(1.,0.,-0.));
#934 = ADVANCED_FACE('',(#935),#945,.T.);
#935 = FACE_BOUND('',#936,.T.);
#936 = EDGE_LOOP('',(#937,#938,#939,#940,#941,#942,#943,#944));
#937 = ORIENTED_EDGE('',*,*,#745,.T.);
#938 = ORIENTED_EDGE('',*,*,#823,.F.);
#939 = ORIENTED_EDGE('',*,*,#869,.T.);
#940 = ORIENTED_EDGE('',*,*,#901,.F.);
#941 = ORIENTED_EDGE('',*,*,#838,.F.);
#942 = ORIENTED_EDGE('',*,*,#785,.F.);
#943 = ORIENTED_EDGE('',*,*,#714,.F.);
#944 = ORIENTED_EDGE('',*,*,#684,.T.);
#945 = PLANE('',#946);
#946 = AXIS2_PLACEMENT_3D('',#947,#948,#949);
#947 = CARTESIAN_POINT('',(220.88494623655,65.,10.));
#948 = DIRECTION('',(-0.,-0.,-1.));
#949 = DIRECTION('',(-1.,0.,0.));
#950 = ( GEOMETRIC_REPRESENTATION_CONTEXT(3) 
GLOBAL_UNCERTAINTY_ASSIGNED_CONTEXT((#954)) GLOBAL_UNIT_ASSIGNED_CONTEXT
((#951,#952,#953)) REPRESENTATION_CONTEXT('Context #1',
  '3D Context with UNIT and UNCERTAINTY') );
#951 = ( LENGTH_UNIT() NAMED_UNIT(*) SI_UNIT(.MILLI.,.METRE.) );
#952 = ( NAMED_UNIT(*) PLANE_ANGLE_UNIT() SI_UNIT($,.RADIAN.) );
#953 = ( NAMED_UNIT(*) SI_UNIT($,.STERADIAN.) SOLID_ANGLE_UNIT() );
#954 = UNCERTAINTY_MEASURE_WITH_UNIT(LENGTH_MEASURE(1.E-07),#951,
  'distance_accuracy_value','confusion accuracy');
#955 = CONTEXT_DEPENDENT_SHAPE_REPRESENTATION(#956,#958);
#956 = ( REPRESENTATION_RELATIONSHIP('','',#667,#10) 
REPRESENTATION_RELATIONSHIP_WITH_TRANSFORMATION(#957) 
SHAPE_REPRESENTATION_RELATIONSHIP() );
#957 = ITEM_DEFINED_TRANSFORMATION('','',#11,#23);
#958 = PRODUCT_DEFINITION_SHAPE('Placement','Placement of an item',#959
  );
#959 = NEXT_ASSEMBLY_USAGE_OCCURRENCE('3','lock_key_left','',#5,#662,$);
#960 = PRODUCT_RELATED_PRODUCT_CATEGORY('part',$,(#664));
#961 = SHAPE_DEFINITION_REPRESENTATION(#962,#968);
#962 = PRODUCT_DEFINITION_SHAPE('','',#963);
#963 = PRODUCT_DEFINITION('design','',#964,#967);
#964 = PRODUCT_DEFINITION_FORMATION('','',#965);
#965 = PRODUCT('lock_key_right','lock_key_right','',(#966));
#966 = PRODUCT_CONTEXT('',#2,'mechanical');
#967 = PRODUCT_DEFINITION_CONTEXT('part definition',#2,'design');
#968 = ADVANCED_BREP_SHAPE_REPRESENTATION('',(#11,#969),#1251);
#969 = MANIFOLD_SOLID_BREP('',#970);
#970 = CLOSED_SHELL('',(#971,#1011,#1042,#1073,#1104,#1135,#1166,#1197,
    #1219,#1235));
#971 = ADVANCED_FACE('',(#972),#1006,.F.);
#972 = FACE_BOUND('',#973,.F.);
#973 = EDGE_LOOP('',(#974,#984,#992,#1000));
#974 = ORIENTED_EDGE('',*,*,#975,.F.);
#975 = EDGE_CURVE('',#976,#978,#980,.T.);
#976 = VERTEX_POINT('',#977);
#977 = CARTESIAN_POINT('',(203.2,155.,10.));
#978 = VERTEX_POINT('',#979);
#979 = CARTESIAN_POINT('',(203.2,155.,18.));
#980 = LINE('',#981,#982);
#981 = CARTESIAN_POINT('',(203.2,155.,10.));
#982 = VECTOR('',#983,1.);
#983 = DIRECTION('',(0.,0.,1.));
#984 = ORIENTED_EDGE('',*,*,#985,.T.);
#985 = EDGE_CURVE('',#976,#986,#988,.T.);
#986 = VERTEX_POINT('',#987);
#987 = CARTESIAN_POINT('',(203.2,175.,10.));
#988 = LINE('',#989,#990);
#989 = CARTESIAN_POINT('',(203.2,155.,10.));
#990 = VECTOR('',#991,1.);
#991 = DIRECTION('',(-0.,1.,0.));
#992 = ORIENTED_EDGE('',*,*,#993,.T.);
#993 = EDGE_CURVE('',#986,#994,#996,.T.);
#994 = VERTEX_POINT('',#995);
#995 = CARTESIAN_POINT('',(203.2,175.,18.));
#996 = LINE('',#997,#998);
#997 = CARTESIAN_POINT('',(203.2,175.,10.));
#998 = VECTOR('',#999,1.);
#999 = DIRECTION('',(0.,0.,1.));
#1000 = ORIENTED_EDGE('',*,*,#1001,.F.);
#1001 = EDGE_CURVE('',#978,#994,#1002,.T.);
#1002 = LINE('',#1003,#1004);
#1003 = CARTESIAN_POINT('',(203.2,155.,18.));
#1004 = VECTOR('',#1005,1.);
#1005 = DIRECTION('',(-0.,1.,0.));
#1006 = PLANE('',#1007);
#1007 = AXIS2_PLACEMENT_3D('',#1008,#1009,#1010);
#1008 = CARTESIAN_POINT('',(203.2,155.,10.));
#1009 = DIRECTION('',(1.,0.,-0.));
#1010 = DIRECTION('',(0.,0.,1.));
#1011 = ADVANCED_FACE('',(#1012),#1037,.F.);
#1012 = FACE_BOUND('',#1013,.F.);
#1013 = EDGE_LOOP('',(#1014,#1022,#1023,#1031));
#1014 = ORIENTED_EDGE('',*,*,#1015,.F.);
#1015 = EDGE_CURVE('',#976,#1016,#1018,.T.);
#1016 = VERTEX_POINT('',#1017);
#1017 = CARTESIAN_POINT('',(235.,155.,10.));
#1018 = LINE('',#1019,#1020);
#1019 = CARTESIAN_POINT('',(203.2,155.,10.));
#1020 = VECTOR('',#1021,1.);
#1021 = DIRECTION('',(1.,0.,-0.));
#1022 = ORIENTED_EDGE('',*,*,#975,.T.);
#1023 = ORIENTED_EDGE('',*,*,#1024,.T.);
#1024 = EDGE_CURVE('',#978,#1025,#1027,.T.);
#1025 = VERTEX_POINT('',#1026);
#1026 = CARTESIAN_POINT('',(235.,155.,18.));
#1027 = LINE('',#1028,#1029);
#1028 = CARTESIAN_POINT('',(203.2,155.,18.));
#1029 = VECTOR('',#1030,1.);
#1030 = DIRECTION('',(1.,0.,-0.));
#1031 = ORIENTED_EDGE('',*,*,#1032,.F.);
#1032 = EDGE_CURVE('',#1016,#1025,#1033,.T.);
#1033 = LINE('',#1034,#1035);
#1034 = CARTESIAN_POINT('',(235.,155.,10.));
#1035 = VECTOR('',#1036,1.);
#1036 = DIRECTION('',(0.,0.,1.));
#1037 = PLANE('',#1038);
#1038 = AXIS2_PLACEMENT_3D('',#1039,#1040,#1041);
#1039 = CARTESIAN_POINT('',(203.2,155.,10.));
#1040 = DIRECTION('',(-0.,1.,0.));
#1041 = DIRECTION('',(0.,0.,1.));
#1042 = ADVANCED_FACE('',(#1043),#1068,.T.);
#1043 = FACE_BOUND('',#1044,.T.);
#1044 = EDGE_LOOP('',(#1045,#1053,#1054,#1062));
#1045 = ORIENTED_EDGE('',*,*,#1046,.F.);
#1046 = EDGE_CURVE('',#986,#1047,#1049,.T.);
#1047 = VERTEX_POINT('',#1048);
#1048 = CARTESIAN_POINT('',(235.,175.,10.));
#1049 = LINE('',#1050,#1051);
#1050 = CARTESIAN_POINT('',(203.2,175.,10.));
#1051 = VECTOR('',#1052,1.);
#1052 = DIRECTION('',(1.,0.,-0.));
#1053 = ORIENTED_EDGE('',*,*,#993,.T.);
#1054 = ORIENTED_EDGE('',*,*,#1055,.T.);
#1055 = EDGE_CURVE('',#994,#1056,#1058,.T.);
#1056 = VERTEX_POINT('',#1057);
#1057 = CARTESIAN_POINT('',(235.,175.,18.));
#1058 = LINE('',#1059,#1060);
#1059 = CARTESIAN_POINT('',(203.2,175.,18.));
#1060 = VECTOR('',#1061,1.);
#1061 = DIRECTION('',(1.,0.,-0.));
#1062 = ORIENTED_EDGE('',*,*,#1063,.F.);
#1063 = EDGE_CURVE('',#1047,#1056,#1064,.T.);
#1064 = LINE('',#1065,#1066);
#1065 = CARTESIAN_POINT('',(235.,175.,10.));
#1066 = VECTOR('',#1067,1.);
#1067 = DIRECTION('',(0.,0.,1.));
#1068 = PLANE('',#1069);
#1069 = AXIS2_PLACEMENT_3D('',#1070,#1071,#1072);
#1070 = CARTESIAN_POINT('',(203.2,175.,10.));
#1071 = DIRECTION('',(-0.,1.,0.));
#1072 = DIRECTION('',(0.,0.,1.));
#1073 = ADVANCED_FACE('',(#1074),#1099,.T.);
#1074 = FACE_BOUND('',#1075,.T.);
#1075 = EDGE_LOOP('',(#1076,#1084,#1085,#1093));
#1076 = ORIENTED_EDGE('',*,*,#1077,.F.);
#1077 = EDGE_CURVE('',#1025,#1078,#1080,.T.);
#1078 = VERTEX_POINT('',#1079);
#1079 = CARTESIAN_POINT('',(235.,158.,18.));
#1080 = LINE('',#1081,#1082);
#1081 = CARTESIAN_POINT('',(235.,155.,18.));
#1082 = VECTOR('',#1083,1.);
#1083 = DIRECTION('',(-0.,1.,0.));
#1084 = ORIENTED_EDGE('',*,*,#1032,.F.);
#1085 = ORIENTED_EDGE('',*,*,#1086,.T.);
#1086 = EDGE_CURVE('',#1016,#1087,#1089,.T.);
#1087 = VERTEX_POINT('',#1088);
#1088 = CARTESIAN_POINT('',(235.,158.,10.));
#1089 = LINE('',#1090,#1091);
#1090 = CARTESIAN_POINT('',(235.,155.,10.));
#1091 = VECTOR('',#1092,1.);
#1092 = DIRECTION('',(-0.,1.,0.));
#1093 = ORIENTED_EDGE('',*,*,#1094,.T.);
#1094 = EDGE_CURVE('',#1087,#1078,#1095,.T.);
#1095 = LINE('',#1096,#1097);
#1096 = CARTESIAN_POINT('',(235.,158.,10.));
#1097 = VECTOR('',#1098,1.);
#1098 = DIRECTION('',(0.,0.,1.));
#1099 = PLANE('',#1100);
#1100 = AXIS2_PLACEMENT_3D('',#1101,#1102,#1103);
#1101 = CARTESIAN_POINT('',(235.,155.,10.));
#1102 = DIRECTION('',(1.,0.,-0.));
#1103 = DIRECTION('',(0.,0.,1.));
#1104 = ADVANCED_FACE('',(#1105),#1130,.T.);
#1105 = FACE_BOUND('',#1106,.T.);
#1106 = EDGE_LOOP('',(#1107,#1115,#1123,#1129));
#1107 = ORIENTED_EDGE('',*,*,#1108,.F.);
#1108 = EDGE_CURVE('',#1109,#1056,#1111,.T.);
#1109 = VERTEX_POINT('',#1110);
#1110 = CARTESIAN_POINT('',(235.,172.,18.));
#1111 = LINE('',#1112,#1113);
#1112 = CARTESIAN_POINT('',(235.,155.,18.));
#1113 = VECTOR('',#1114,1.);
#1114 = DIRECTION('',(-0.,1.,0.));
#1115 = ORIENTED_EDGE('',*,*,#1116,.F.);
#1116 = EDGE_CURVE('',#1117,#1109,#1119,.T.);
#1117 = VERTEX_POINT('',#1118);
#1118 = CARTESIAN_POINT('',(235.,172.,10.));
#1119 = LINE('',#1120,#1121);
#1120 = CARTESIAN_POINT('',(235.,172.,10.));
#1121 = VECTOR('',#1122,1.);
#1122 = DIRECTION('',(0.,0.,1.));
#1123 = ORIENTED_EDGE('',*,*,#1124,.T.);
#1124 = EDGE_CURVE('',#1117,#1047,#1125,.T.);
#1125 = LINE('',#1126,#1127);
#1126 = CARTESIAN_POINT('',(235.,155.,10.));
#1127 = VECTOR('',#1128,1.);
#1128 = DIRECTION('',(-0.,1.,0.));
#1129 = ORIENTED_EDGE('',*,*,#1063,.T.);
#1130 = PLANE('',#1131);
#1131 = AXIS2_PLACEMENT_3D('',#1132,#1133,#1134);
#1132 = CARTESIAN_POINT('',(235.,155.,10.));
#1133 = DIRECTION('',(1.,0.,-0.));
#1134 = DIRECTION('',(0.,0.,1.));
#1135 = ADVANCED_FACE('',(#1136),#1161,.F.);
#1136 = FACE_BOUND('',#1137,.F.);
#1137 = EDGE_LOOP('',(#1138,#1146,#1147,#1155));
#1138 = ORIENTED_EDGE('',*,*,#1139,.F.);
#1139 = EDGE_CURVE('',#1087,#1140,#1142,.T.);
#1140 = VERTEX_POINT('',#1141);
#1141 = CARTESIAN_POINT('',(239.,158.,10.));
#1142 = LINE('',#1143,#1144);
#1143 = CARTESIAN_POINT('',(231.,158.,10.));
#1144 = VECTOR('',#1145,1.);
#1145 = DIRECTION('',(1.,0.,-0.));
#1146 = ORIENTED_EDGE('',*,*,#1094,.T.);
#1147 = ORIENTED_EDGE('',*,*,#1148,.T.);
#1148 = EDGE_CURVE('',#1078,#1149,#1151,.T.);
#1149 = VERTEX_POINT('',#1150);
#1150 = CARTESIAN_POINT('',(239.,158.,18.));
#1151 = LINE('',#1152,#1153);
#1152 = CARTESIAN_POINT('',(231.,158.,18.));
#1153 = VECTOR('',#1154,1.);
#1154 = DIRECTION('',(1.,0.,-0.));
#1155 = ORIENTED_EDGE('',*,*,#1156,.F.);
#1156 = EDGE_CURVE('',#1140,#1149,#1157,.T.);
#1157 = LINE('',#1158,#1159);
#1158 = CARTESIAN_POINT('',(239.,158.,10.));
#1159 = VECTOR('',#1160,1.);
#1160 = DIRECTION('',(0.,0.,1.));
#1161 = PLANE('',#1162);
#1162 = AXIS2_PLACEMENT_3D('',#1163,#1164,#1165);
#1163 = CARTESIAN_POINT('',(231.,158.,10.));
#1164 = DIRECTION('',(-0.,1.,0.));
#1165 = DIRECTION('',(0.,0.,1.));
#1166 = ADVANCED_FACE('',(#1167),#1192,.T.);
#1167 = FACE_BOUND('',#1168,.T.);
#1168 = EDGE_LOOP('',(#1169,#1177,#1178,#1186));
#1169 = ORIENTED_EDGE('',*,*,#1170,.F.);
#1170 = EDGE_CURVE('',#1117,#1171,#1173,.T.);
#1171 = VERTEX_POINT('',#1172);
#1172 = CARTESIAN_POINT('',(239.,172.,10.));
#1173 = LINE('',#1174,#1175);
#1174 = CARTESIAN_POINT('',(231.,172.,10.));
#1175 = VECTOR('',#1176,1.);
#1176 = DIRECTION('',(1.,0.,-0.));
#1177 = ORIENTED_EDGE('',*,*,#1116,.T.);
#1178 = ORIENTED_EDGE('',*,*,#1179,.T.);
#1179 = EDGE_CURVE('',#1109,#1180,#1182,.T.);
#1180 = VERTEX_POINT('',#1181);
#1181 = CARTESIAN_POINT('',(239.,172.,18.));
#1182 = LINE('',#1183,#1184);
#1183 = CARTESIAN_POINT('',(231.,172.,18.));
#1184 = VECTOR('',#1185,1.);
#1185 = DIRECTION('',(1.,0.,-0.));
#1186 = ORIENTED_EDGE('',*,*,#1187,.F.);
#1187 = EDGE_CURVE('',#1171,#1180,#1188,.T.);
#1188 = LINE('',#1189,#1190);
#1189 = CARTESIAN_POINT('',(239.,172.,10.));
#1190 = VECTOR('',#1191,1.);
#1191 = DIRECTION('',(0.,0.,1.));
#1192 = PLANE('',#1193);
#1193 = AXIS2_PLACEMENT_3D('',#1194,#1195,#1196);
#1194 = CARTESIAN_POINT('',(231.,172.,10.));
#1195 = DIRECTION('',(-0.,1.,0.));
#1196 = DIRECTION('',(0.,0.,1.));
#1197 = ADVANCED_FACE('',(#1198),#1214,.T.);
#1198 = FACE_BOUND('',#1199,.T.);
#1199 = EDGE_LOOP('',(#1200,#1201,#1207,#1208));
#1200 = ORIENTED_EDGE('',*,*,#1156,.F.);
#1201 = ORIENTED_EDGE('',*,*,#1202,.T.);
#1202 = EDGE_CURVE('',#1140,#1171,#1203,.T.);
#1203 = LINE('',#1204,#1205);
#1204 = CARTESIAN_POINT('',(239.,158.,10.));
#1205 = VECTOR('',#1206,1.);
#1206 = DIRECTION('',(-0.,1.,0.));
#1207 = ORIENTED_EDGE('',*,*,#1187,.T.);
#1208 = ORIENTED_EDGE('',*,*,#1209,.F.);
#1209 = EDGE_CURVE('',#1149,#1180,#1210,.T.);
#1210 = LINE('',#1211,#1212);
#1211 = CARTESIAN_POINT('',(239.,158.,18.));
#1212 = VECTOR('',#1213,1.);
#1213 = DIRECTION('',(-0.,1.,0.));
#1214 = PLANE('',#1215);
#1215 = AXIS2_PLACEMENT_3D('',#1216,#1217,#1218);
#1216 = CARTESIAN_POINT('',(239.,158.,10.));
#1217 = DIRECTION('',(1.,0.,-0.));
#1218 = DIRECTION('',(0.,0.,1.));
#1219 = ADVANCED_FACE('',(#1220),#1230,.T.);
#1220 = FACE_BOUND('',#1221,.T.);
#1221 = EDGE_LOOP('',(#1222,#1223,#1224,#1225,#1226,#1227,#1228,#1229));
#1222 = ORIENTED_EDGE('',*,*,#1055,.F.);
#1223 = ORIENTED_EDGE('',*,*,#1001,.F.);
#1224 = ORIENTED_EDGE('',*,*,#1024,.T.);
#1225 = ORIENTED_EDGE('',*,*,#1077,.T.);
#1226 = ORIENTED_EDGE('',*,*,#1148,.T.);
#1227 = ORIENTED_EDGE('',*,*,#1209,.T.);
#1228 = ORIENTED_EDGE('',*,*,#1179,.F.);
#1229 = ORIENTED_EDGE('',*,*,#1108,.T.);
#1230 = PLANE('',#1231);
#1231 = AXIS2_PLACEMENT_3D('',#1232,#1233,#1234);
#1232 = CARTESIAN_POINT('',(220.88494623655,165.,18.));
#1233 = DIRECTION('',(0.,0.,1.));
#1234 = DIRECTION('',(1.,0.,-0.));
#1235 = ADVANCED_FACE('',(#1236),#1246,.T.);
#1236 = FACE_BOUND('',#1237,.T.);
#1237 = EDGE_LOOP('',(#1238,#1239,#1240,#1241,#1242,#1243,#1244,#1245));
#1238 = ORIENTED_EDGE('',*,*,#1046,.T.);
#1239 = ORIENTED_EDGE('',*,*,#1124,.F.);
#1240 = ORIENTED_EDGE('',*,*,#1170,.T.);
#1241 = ORIENTED_EDGE('',*,*,#1202,.F.);
#1242 = ORIENTED_EDGE('',*,*,#1139,.F.);
#1243 = ORIENTED_EDGE('',*,*,#1086,.F.);
#1244 = ORIENTED_EDGE('',*,*,#1015,.F.);
#1245 = ORIENTED_EDGE('',*,*,#985,.T.);
#1246 = PLANE('',#1247);
#1247 = AXIS2_PLACEMENT_3D('',#1248,#1249,#1250);
#1248 = CARTESIAN_POINT('',(220.88494623655,165.,10.));
#1249 = DIRECTION('',(-0.,-0.,-1.));
#1250 = DIRECTION('',(-1.,0.,0.));
#1251 = ( GEOMETRIC_REPRESENTATION_CONTEXT(3) 
GLOBAL_UNCERTAINTY_ASSIGNED_CONTEXT((#1255)) 
GLOBAL_UNIT_ASSIGNED_CONTEXT((#1252,#1253,#1254)) REPRESENTATION_CONTEXT
('Context #1','3D Context with UNIT and UNCERTAINTY') );
#1252 = ( LENGTH_UNIT() NAMED_UNIT(*) SI_UNIT(.MILLI.,.METRE.) );
#1253 = ( NAMED_UNIT(*) PLANE_ANGLE_UNIT() SI_UNIT($,.RADIAN.) );
#1254 = ( NAMED_UNIT(*) SI_UNIT($,.STERADIAN.) SOLID_ANGLE_UNIT() );
#1255 = UNCERTAINTY_MEASURE_WITH_UNIT(LENGTH_MEASURE(1.E-07),#1252,
  'distance_accuracy_value','confusion accuracy');
#1256 = CONTEXT_DEPENDENT_SHAPE_REPRESENTATION(#1257,#1259);
#1257 = ( REPRESENTATION_RELATIONSHIP('','',#968,#10) 
REPRESENTATION_RELATIONSHIP_WITH_TRANSFORMATION(#1258) 
SHAPE_REPRESENTATION_RELATIONSHIP() );
#1258 = ITEM_DEFINED_TRANSFORMATION('','',#11,#27);
#1259 = PRODUCT_DEFINITION_SHAPE('Placement','Placement of an item',
  #1260);
#1260 = NEXT_ASSEMBLY_USAGE_OCCURRENCE('4','lock_key_right','',#5,#963,$
  );
#1261 = PRODUCT_RELATED_PRODUCT_CATEGORY('part',$,(#965));
#1262 = SHAPE_DEFINITION_REPRESENTATION(#1263,#1269);
#1263 = PRODUCT_DEFINITION_SHAPE('','',#1264);
#1264 = PRODUCT_DEFINITION('design','',#1265,#1268);
#1265 = PRODUCT_DEFINITION_FORMATION('','',#1266);
#1266 = PRODUCT('zhao_tray','zhao_tray','',(#1267));
#1267 = PRODUCT_CONTEXT('',#2,'mechanical');
#1268 = PRODUCT_DEFINITION_CONTEXT('part definition',#2,'design');
#1269 = ADVANCED_BREP_SHAPE_REPRESENTATION('',(#11,#1270),#1750);
#1270 = MANIFOLD_SOLID_BREP('',#1271);
#1271 = CLOSED_SHELL('',(#1272,#1312,#1343,#1438,#1469,#1500,#1524,#1548
    ,#1572,#1596,#1620,#1644,#1661,#1687,#1711,#1736));
#1272 = ADVANCED_FACE('',(#1273),#1307,.T.);
#1273 = FACE_BOUND('',#1274,.T.);
#1274 = EDGE_LOOP('',(#1275,#1285,#1293,#1301));
#1275 = ORIENTED_EDGE('',*,*,#1276,.F.);
#1276 = EDGE_CURVE('',#1277,#1279,#1281,.T.);
#1277 = VERTEX_POINT('',#1278);
#1278 = CARTESIAN_POINT('',(8.,15.,21.));
#1279 = VERTEX_POINT('',#1280);
#1280 = CARTESIAN_POINT('',(8.,18.,21.));
#1281 = LINE('',#1282,#1283);
#1282 = CARTESIAN_POINT('',(8.,15.,21.));
#1283 = VECTOR('',#1284,1.);
#1284 = DIRECTION('',(-0.,1.,0.));
#1285 = ORIENTED_EDGE('',*,*,#1286,.T.);
#1286 = EDGE_CURVE('',#1277,#1287,#1289,.T.);
#1287 = VERTEX_POINT('',#1288);
#1288 = CARTESIAN_POINT('',(238.,15.,21.));
#1289 = LINE('',#1290,#1291);
#1290 = CARTESIAN_POINT('',(8.,15.,21.));
#1291 = VECTOR('',#1292,1.);
#1292 = DIRECTION('',(1.,0.,-0.));
#1293 = ORIENTED_EDGE('',*,*,#1294,.T.);
#1294 = EDGE_CURVE('',#1287,#1295,#1297,.T.);
#1295 = VERTEX_POINT('',#1296);
#1296 = CARTESIAN_POINT('',(238.,18.,21.));
#1297 = LINE('',#1298,#1299);
#1298 = CARTESIAN_POINT('',(238.,15.,21.));
#1299 = VECTOR('',#1300,1.);
#1300 = DIRECTION('',(-0.,1.,0.));
#1301 = ORIENTED_EDGE('',*,*,#1302,.F.);
#1302 = EDGE_CURVE('',#1279,#1295,#1303,.T.);
#1303 = LINE('',#1304,#1305);
#1304 = CARTESIAN_POINT('',(8.,18.,21.));
#1305 = VECTOR('',#1306,1.);
#1306 = DIRECTION('',(1.,0.,-0.));
#1307 = PLANE('',#1308);
#1308 = AXIS2_PLACEMENT_3D('',#1309,#1310,#1311);
#1309 = CARTESIAN_POINT('',(8.,15.,21.));
#1310 = DIRECTION('',(0.,0.,1.));
#1311 = DIRECTION('',(1.,0.,-0.));
#1312 = ADVANCED_FACE('',(#1313),#1338,.T.);
#1313 = FACE_BOUND('',#1314,.T.);
#1314 = EDGE_LOOP('',(#1315,#1325,#1331,#1332));
#1315 = ORIENTED_EDGE('',*,*,#1316,.T.);
#1316 = EDGE_CURVE('',#1317,#1319,#1321,.T.);
#1317 = VERTEX_POINT('',#1318);
#1318 = CARTESIAN_POINT('',(238.,18.,9.));
#1319 = VERTEX_POINT('',#1320);
#1320 = CARTESIAN_POINT('',(8.,18.,9.));
#1321 = LINE('',#1322,#1323);
#1322 = CARTESIAN_POINT('',(8.,18.,9.));
#1323 = VECTOR('',#1324,1.);
#1324 = DIRECTION('',(-1.,-0.,0.));
#1325 = ORIENTED_EDGE('',*,*,#1326,.T.);
#1326 = EDGE_CURVE('',#1319,#1279,#1327,.T.);
#1327 = LINE('',#1328,#1329);
#1328 = CARTESIAN_POINT('',(8.,18.,3.));
#1329 = VECTOR('',#1330,1.);
#1330 = DIRECTION('',(0.,0.,1.));
#1331 = ORIENTED_EDGE('',*,*,#1302,.T.);
#1332 = ORIENTED_EDGE('',*,*,#1333,.F.);
#1333 = EDGE_CURVE('',#1317,#1295,#1334,.T.);
#1334 = LINE('',#1335,#1336);
#1335 = CARTESIAN_POINT('',(238.,18.,3.));
#1336 = VECTOR('',#1337,1.);
#1337 = DIRECTION('',(0.,0.,1.));
#1338 = PLANE('',#1339);
#1339 = AXIS2_PLACEMENT_3D('',#1340,#1341,#1342);
#1340 = CARTESIAN_POINT('',(8.,18.,3.));
#1341 = DIRECTION('',(-0.,1.,0.));
#1342 = DIRECTION('',(0.,0.,1.));
#1343 = ADVANCED_FACE('',(#1344),#1433,.T.);
#1344 = FACE_BOUND('',#1345,.T.);
#1345 = EDGE_LOOP('',(#1346,#1356,#1364,#1372,#1378,#1379,#1387,#1395,
    #1403,#1411,#1419,#1427));
#1346 = ORIENTED_EDGE('',*,*,#1347,.F.);
#1347 = EDGE_CURVE('',#1348,#1350,#1352,.T.);
#1348 = VERTEX_POINT('',#1349);
#1349 = CARTESIAN_POINT('',(238.,178.,9.));
#1350 = VERTEX_POINT('',#1351);
#1351 = CARTESIAN_POINT('',(202.,178.,9.));
#1352 = LINE('',#1353,#1354);
#1353 = CARTESIAN_POINT('',(105.,178.,9.));
#1354 = VECTOR('',#1355,1.);
#1355 = DIRECTION('',(-1.,-0.,0.));
#1356 = ORIENTED_EDGE('',*,*,#1357,.T.);
#1357 = EDGE_CURVE('',#1348,#1358,#1360,.T.);
#1358 = VERTEX_POINT('',#1359);
#1359 = CARTESIAN_POINT('',(238.,215.,9.));
#1360 = LINE('',#1361,#1362);
#1361 = CARTESIAN_POINT('',(238.,15.,9.));
#1362 = VECTOR('',#1363,1.);
#1363 = DIRECTION('',(-0.,1.,0.));
#1364 = ORIENTED_EDGE('',*,*,#1365,.F.);
#1365 = EDGE_CURVE('',#1366,#1358,#1368,.T.);
#1366 = VERTEX_POINT('',#1367);
#1367 = CARTESIAN_POINT('',(8.,215.,9.));
#1368 = LINE('',#1369,#1370);
#1369 = CARTESIAN_POINT('',(8.,215.,9.));
#1370 = VECTOR('',#1371,1.);
#1371 = DIRECTION('',(1.,0.,-0.));
#1372 = ORIENTED_EDGE('',*,*,#1373,.F.);
#1373 = EDGE_CURVE('',#1319,#1366,#1374,.T.);
#1374 = LINE('',#1375,#1376);
#1375 = CARTESIAN_POINT('',(8.,15.,9.));
#1376 = VECTOR('',#1377,1.);
#1377 = DIRECTION('',(-0.,1.,0.));
#1378 = ORIENTED_EDGE('',*,*,#1316,.F.);
#1379 = ORIENTED_EDGE('',*,*,#1380,.T.);
#1380 = EDGE_CURVE('',#1317,#1381,#1383,.T.);
#1381 = VERTEX_POINT('',#1382);
#1382 = CARTESIAN_POINT('',(238.,54.,9.));
#1383 = LINE('',#1384,#1385);
#1384 = CARTESIAN_POINT('',(238.,15.,9.));
#1385 = VECTOR('',#1386,1.);
#1386 = DIRECTION('',(-0.,1.,0.));
#1387 = ORIENTED_EDGE('',*,*,#1388,.T.);
#1388 = EDGE_CURVE('',#1381,#1389,#1391,.T.);
#1389 = VERTEX_POINT('',#1390);
#1390 = CARTESIAN_POINT('',(202.,54.,9.));
#1391 = LINE('',#1392,#1393);
#1392 = CARTESIAN_POINT('',(105.,54.,9.));
#1393 = VECTOR('',#1394,1.);
#1394 = DIRECTION('',(-1.,-0.,0.));
#1395 = ORIENTED_EDGE('',*,*,#1396,.T.);
#1396 = EDGE_CURVE('',#1389,#1397,#1399,.T.);
#1397 = VERTEX_POINT('',#1398);
#1398 = CARTESIAN_POINT('',(202.,78.,9.));
#1399 = LINE('',#1400,#1401);
#1400 = CARTESIAN_POINT('',(202.,34.5,9.));
#1401 = VECTOR('',#1402,1.);
#1402 = DIRECTION('',(-0.,1.,0.));
#1403 = ORIENTED_EDGE('',*,*,#1404,.F.);
#1404 = EDGE_CURVE('',#1405,#1397,#1407,.T.);
#1405 = VERTEX_POINT('',#1406);
#1406 = CARTESIAN_POINT('',(238.,78.,9.));
#1407 = LINE('',#1408,#1409);
#1408 = CARTESIAN_POINT('',(105.,78.,9.));
#1409 = VECTOR('',#1410,1.);
#1410 = DIRECTION('',(-1.,-0.,0.));
#1411 = ORIENTED_EDGE('',*,*,#1412,.T.);
#1412 = EDGE_CURVE('',#1405,#1413,#1415,.T.);
#1413 = VERTEX_POINT('',#1414);
#1414 = CARTESIAN_POINT('',(238.,154.,9.));
#1415 = LINE('',#1416,#1417);
#1416 = CARTESIAN_POINT('',(238.,15.,9.));
#1417 = VECTOR('',#1418,1.);
#1418 = DIRECTION('',(-0.,1.,0.));
#1419 = ORIENTED_EDGE('',*,*,#1420,.T.);
#1420 = EDGE_CURVE('',#1413,#1421,#1423,.T.);
#1421 = VERTEX_POINT('',#1422);
#1422 = CARTESIAN_POINT('',(202.,154.,9.));
#1423 = LINE('',#1424,#1425);
#1424 = CARTESIAN_POINT('',(105.,154.,9.));
#1425 = VECTOR('',#1426,1.);
#1426 = DIRECTION('',(-1.,-0.,0.));
#1427 = ORIENTED_EDGE('',*,*,#1428,.T.);
#1428 = EDGE_CURVE('',#1421,#1350,#1429,.T.);
#1429 = LINE('',#1430,#1431);
#1430 = CARTESIAN_POINT('',(202.,84.5,9.));
#1431 = VECTOR('',#1432,1.);
#1432 = DIRECTION('',(-0.,1.,0.));
#1433 = PLANE('',#1434);
#1434 = AXIS2_PLACEMENT_3D('',#1435,#1436,#1437);
#1435 = CARTESIAN_POINT('',(8.,15.,9.));
#1436 = DIRECTION('',(0.,0.,1.));
#1437 = DIRECTION('',(1.,0.,-0.));
#1438 = ADVANCED_FACE('',(#1439),#1464,.T.);
#1439 = FACE_BOUND('',#1440,.T.);
#1440 = EDGE_LOOP('',(#1441,#1451,#1457,#1458));
#1441 = ORIENTED_EDGE('',*,*,#1442,.F.);
#1442 = EDGE_CURVE('',#1443,#1445,#1447,.T.);
#1443 = VERTEX_POINT('',#1444);
#1444 = CARTESIAN_POINT('',(8.,215.,3.));
#1445 = VERTEX_POINT('',#1446);
#1446 = CARTESIAN_POINT('',(238.,215.,3.));
#1447 = LINE('',#1448,#1449);
#1448 = CARTESIAN_POINT('',(8.,215.,3.));
#1449 = VECTOR('',#1450,1.);
#1450 = DIRECTION('',(1.,0.,-0.));
#1451 = ORIENTED_EDGE('',*,*,#1452,.T.);
#1452 = EDGE_CURVE('',#1443,#1366,#1453,.T.);
#1453 = LINE('',#1454,#1455);
#1454 = CARTESIAN_POINT('',(8.,215.,3.));
#1455 = VECTOR('',#1456,1.);
#1456 = DIRECTION('',(0.,0.,1.));
#1457 = ORIENTED_EDGE('',*,*,#1365,.T.);
#1458 = ORIENTED_EDGE('',*,*,#1459,.F.);
#1459 = EDGE_CURVE('',#1445,#1358,#1460,.T.);
#1460 = LINE('',#1461,#1462);
#1461 = CARTESIAN_POINT('',(238.,215.,3.));
#1462 = VECTOR('',#1463,1.);
#1463 = DIRECTION('',(0.,0.,1.));
#1464 = PLANE('',#1465);
#1465 = AXIS2_PLACEMENT_3D('',#1466,#1467,#1468);
#1466 = CARTESIAN_POINT('',(8.,215.,3.));
#1467 = DIRECTION('',(-0.,1.,0.));
#1468 = DIRECTION('',(0.,0.,1.));
#1469 = ADVANCED_FACE('',(#1470),#1495,.F.);
#1470 = FACE_BOUND('',#1471,.F.);
#1471 = EDGE_LOOP('',(#1472,#1480,#1488,#1494));
#1472 = ORIENTED_EDGE('',*,*,#1473,.F.);
#1473 = EDGE_CURVE('',#1474,#1348,#1476,.T.);
#1474 = VERTEX_POINT('',#1475);
#1475 = CARTESIAN_POINT('',(238.,178.,3.));
#1476 = LINE('',#1477,#1478);
#1477 = CARTESIAN_POINT('',(238.,178.,2.));
#1478 = VECTOR('',#1479,1.);
#1479 = DIRECTION('',(0.,0.,1.));
#1480 = ORIENTED_EDGE('',*,*,#1481,.T.);
#1481 = EDGE_CURVE('',#1474,#1482,#1484,.T.);
#1482 = VERTEX_POINT('',#1483);
#1483 = CARTESIAN_POINT('',(202.,178.,3.));
#1484 = LINE('',#1485,#1486);
#1485 = CARTESIAN_POINT('',(105.,178.,3.));
#1486 = VECTOR('',#1487,1.);
#1487 = DIRECTION('',(-1.,-0.,0.));
#1488 = ORIENTED_EDGE('',*,*,#1489,.T.);
#1489 = EDGE_CURVE('',#1482,#1350,#1490,.T.);
#1490 = LINE('',#1491,#1492);
#1491 = CARTESIAN_POINT('',(202.,178.,2.));
#1492 = VECTOR('',#1493,1.);
#1493 = DIRECTION('',(0.,0.,1.));
#1494 = ORIENTED_EDGE('',*,*,#1347,.F.);
#1495 = PLANE('',#1496);
#1496 = AXIS2_PLACEMENT_3D('',#1497,#1498,#1499);
#1497 = CARTESIAN_POINT('',(202.,178.,2.));
#1498 = DIRECTION('',(-0.,1.,0.));
#1499 = DIRECTION('',(0.,0.,1.));
#1500 = ADVANCED_FACE('',(#1501),#1519,.T.);
#1501 = FACE_BOUND('',#1502,.T.);
#1502 = EDGE_LOOP('',(#1503,#1511,#1517,#1518));
#1503 = ORIENTED_EDGE('',*,*,#1504,.F.);
#1504 = EDGE_CURVE('',#1505,#1421,#1507,.T.);
#1505 = VERTEX_POINT('',#1506);
#1506 = CARTESIAN_POINT('',(202.,154.,3.));
#1507 = LINE('',#1508,#1509);
#1508 = CARTESIAN_POINT('',(202.,154.,2.));
#1509 = VECTOR('',#1510,1.);
#1510 = DIRECTION('',(0.,0.,1.));
#1511 = ORIENTED_EDGE('',*,*,#1512,.T.);
#1512 = EDGE_CURVE('',#1505,#1482,#1513,.T.);
#1513 = LINE('',#1514,#1515);
#1514 = CARTESIAN_POINT('',(202.,84.5,3.));
#1515 = VECTOR('',#1516,1.);
#1516 = DIRECTION('',(-0.,1.,0.));
#1517 = ORIENTED_EDGE('',*,*,#1489,.T.);
#1518 = ORIENTED_EDGE('',*,*,#1428,.F.);
#1519 = PLANE('',#1520);
#1520 = AXIS2_PLACEMENT_3D('',#1521,#1522,#1523);
#1521 = CARTESIAN_POINT('',(202.,154.,2.));
#1522 = DIRECTION('',(1.,0.,-0.));
#1523 = DIRECTION('',(0.,0.,1.));
#1524 = ADVANCED_FACE('',(#1525),#1543,.T.);
#1525 = FACE_BOUND('',#1526,.T.);
#1526 = EDGE_LOOP('',(#1527,#1535,#1541,#1542));
#1527 = ORIENTED_EDGE('',*,*,#1528,.F.);
#1528 = EDGE_CURVE('',#1529,#1413,#1531,.T.);
#1529 = VERTEX_POINT('',#1530);
#1530 = CARTESIAN_POINT('',(238.,154.,3.));
#1531 = LINE('',#1532,#1533);
#1532 = CARTESIAN_POINT('',(238.,154.,2.));
#1533 = VECTOR('',#1534,1.);
#1534 = DIRECTION('',(0.,0.,1.));
#1535 = ORIENTED_EDGE('',*,*,#1536,.T.);
#1536 = EDGE_CURVE('',#1529,#1505,#1537,.T.);
#1537 = LINE('',#1538,#1539);
#1538 = CARTESIAN_POINT('',(105.,154.,3.));
#1539 = VECTOR('',#1540,1.);
#1540 = DIRECTION('',(-1.,-0.,0.));
#1541 = ORIENTED_EDGE('',*,*,#1504,.T.);
#1542 = ORIENTED_EDGE('',*,*,#1420,.F.);
#1543 = PLANE('',#1544);
#1544 = AXIS2_PLACEMENT_3D('',#1545,#1546,#1547);
#1545 = CARTESIAN_POINT('',(202.,154.,2.));
#1546 = DIRECTION('',(-0.,1.,0.));
#1547 = DIRECTION('',(0.,0.,1.));
#1548 = ADVANCED_FACE('',(#1549),#1567,.T.);
#1549 = FACE_BOUND('',#1550,.T.);
#1550 = EDGE_LOOP('',(#1551,#1552,#1560,#1566));
#1551 = ORIENTED_EDGE('',*,*,#1412,.F.);
#1552 = ORIENTED_EDGE('',*,*,#1553,.F.);
#1553 = EDGE_CURVE('',#1554,#1405,#1556,.T.);
#1554 = VERTEX_POINT('',#1555);
#1555 = CARTESIAN_POINT('',(238.,78.,3.));
#1556 = LINE('',#1557,#1558);
#1557 = CARTESIAN_POINT('',(238.,78.,2.));
#1558 = VECTOR('',#1559,1.);
#1559 = DIRECTION('',(0.,0.,1.));
#1560 = ORIENTED_EDGE('',*,*,#1561,.T.);
#1561 = EDGE_CURVE('',#1554,#1529,#1562,.T.);
#1562 = LINE('',#1563,#1564);
#1563 = CARTESIAN_POINT('',(238.,15.,3.));
#1564 = VECTOR('',#1565,1.);
#1565 = DIRECTION('',(-0.,1.,0.));
#1566 = ORIENTED_EDGE('',*,*,#1528,.T.);
#1567 = PLANE('',#1568);
#1568 = AXIS2_PLACEMENT_3D('',#1569,#1570,#1571);
#1569 = CARTESIAN_POINT('',(238.,15.,3.));
#1570 = DIRECTION('',(1.,0.,-0.));
#1571 = DIRECTION('',(0.,0.,1.));
#1572 = ADVANCED_FACE('',(#1573),#1591,.F.);
#1573 = FACE_BOUND('',#1574,.F.);
#1574 = EDGE_LOOP('',(#1575,#1576,#1584,#1590));
#1575 = ORIENTED_EDGE('',*,*,#1553,.F.);
#1576 = ORIENTED_EDGE('',*,*,#1577,.T.);
#1577 = EDGE_CURVE('',#1554,#1578,#1580,.T.);
#1578 = VERTEX_POINT('',#1579);
#1579 = CARTESIAN_POINT('',(202.,78.,3.));
#1580 = LINE('',#1581,#1582);
#1581 = CARTESIAN_POINT('',(105.,78.,3.));
#1582 = VECTOR('',#1583,1.);
#1583 = DIRECTION('',(-1.,-0.,0.));
#1584 = ORIENTED_EDGE('',*,*,#1585,.T.);
#1585 = EDGE_CURVE('',#1578,#1397,#1586,.T.);
#1586 = LINE('',#1587,#1588);
#1587 = CARTESIAN_POINT('',(202.,78.,2.));
#1588 = VECTOR('',#1589,1.);
#1589 = DIRECTION('',(0.,0.,1.));
#1590 = ORIENTED_EDGE('',*,*,#1404,.F.);
#1591 = PLANE('',#1592);
#1592 = AXIS2_PLACEMENT_3D('',#1593,#1594,#1595);
#1593 = CARTESIAN_POINT('',(202.,78.,2.));
#1594 = DIRECTION('',(-0.,1.,0.));
#1595 = DIRECTION('',(0.,0.,1.));
#1596 = ADVANCED_FACE('',(#1597),#1615,.T.);
#1597 = FACE_BOUND('',#1598,.T.);
#1598 = EDGE_LOOP('',(#1599,#1607,#1613,#1614));
#1599 = ORIENTED_EDGE('',*,*,#1600,.F.);
#1600 = EDGE_CURVE('',#1601,#1389,#1603,.T.);
#1601 = VERTEX_POINT('',#1602);
#1602 = CARTESIAN_POINT('',(202.,54.,3.));
#1603 = LINE('',#1604,#1605);
#1604 = CARTESIAN_POINT('',(202.,54.,2.));
#1605 = VECTOR('',#1606,1.);
#1606 = DIRECTION('',(0.,0.,1.));
#1607 = ORIENTED_EDGE('',*,*,#1608,.T.);
#1608 = EDGE_CURVE('',#1601,#1578,#1609,.T.);
#1609 = LINE('',#1610,#1611);
#1610 = CARTESIAN_POINT('',(202.,34.5,3.));
#1611 = VECTOR('',#1612,1.);
#1612 = DIRECTION('',(-0.,1.,0.));
#1613 = ORIENTED_EDGE('',*,*,#1585,.T.);
#1614 = ORIENTED_EDGE('',*,*,#1396,.F.);
#1615 = PLANE('',#1616);
#1616 = AXIS2_PLACEMENT_3D('',#1617,#1618,#1619);
#1617 = CARTESIAN_POINT('',(202.,54.,2.));
#1618 = DIRECTION('',(1.,0.,-0.));
#1619 = DIRECTION('',(0.,0.,1.));
#1620 = ADVANCED_FACE('',(#1621),#1639,.T.);
#1621 = FACE_BOUND('',#1622,.T.);
#1622 = EDGE_LOOP('',(#1623,#1631,#1637,#1638));
#1623 = ORIENTED_EDGE('',*,*,#1624,.F.);
#1624 = EDGE_CURVE('',#1625,#1381,#1627,.T.);
#1625 = VERTEX_POINT('',#1626);
#1626 = CARTESIAN_POINT('',(238.,54.,3.));
#1627 = LINE('',#1628,#1629);
#1628 = CARTESIAN_POINT('',(238.,54.,2.));
#1629 = VECTOR('',#1630,1.);
#1630 = DIRECTION('',(0.,0.,1.));
#1631 = ORIENTED_EDGE('',*,*,#1632,.T.);
#1632 = EDGE_CURVE('',#1625,#1601,#1633,.T.);
#1633 = LINE('',#1634,#1635);
#1634 = CARTESIAN_POINT('',(105.,54.,3.));
#1635 = VECTOR('',#1636,1.);
#1636 = DIRECTION('',(-1.,-0.,0.));
#1637 = ORIENTED_EDGE('',*,*,#1600,.T.);
#1638 = ORIENTED_EDGE('',*,*,#1388,.F.);
#1639 = PLANE('',#1640);
#1640 = AXIS2_PLACEMENT_3D('',#1641,#1642,#1643);
#1641 = CARTESIAN_POINT('',(202.,54.,2.));
#1642 = DIRECTION('',(-0.,1.,0.));
#1643 = DIRECTION('',(0.,0.,1.));
#1644 = ADVANCED_FACE('',(#1645),#1656,.T.);
#1645 = FACE_BOUND('',#1646,.T.);
#1646 = EDGE_LOOP('',(#1647,#1648,#1649,#1655));
#1647 = ORIENTED_EDGE('',*,*,#1357,.F.);
#1648 = ORIENTED_EDGE('',*,*,#1473,.F.);
#1649 = ORIENTED_EDGE('',*,*,#1650,.T.);
#1650 = EDGE_CURVE('',#1474,#1445,#1651,.T.);
#1651 = LINE('',#1652,#1653);
#1652 = CARTESIAN_POINT('',(238.,15.,3.));
#1653 = VECTOR('',#1654,1.);
#1654 = DIRECTION('',(-0.,1.,0.));
#1655 = ORIENTED_EDGE('',*,*,#1459,.T.);
#1656 = PLANE('',#1657);
#1657 = AXIS2_PLACEMENT_3D('',#1658,#1659,#1660);
#1658 = CARTESIAN_POINT('',(238.,15.,3.));
#1659 = DIRECTION('',(1.,0.,-0.));
#1660 = DIRECTION('',(0.,0.,1.));
#1661 = ADVANCED_FACE('',(#1662),#1682,.T.);
#1662 = FACE_BOUND('',#1663,.T.);
#1663 = EDGE_LOOP('',(#1664,#1672,#1673,#1674,#1675,#1676));
#1664 = ORIENTED_EDGE('',*,*,#1665,.T.);
#1665 = EDGE_CURVE('',#1666,#1277,#1668,.T.);
#1666 = VERTEX_POINT('',#1667);
#1667 = CARTESIAN_POINT('',(8.,15.,3.));
#1668 = LINE('',#1669,#1670);
#1669 = CARTESIAN_POINT('',(8.,15.,3.));
#1670 = VECTOR('',#1671,1.);
#1671 = DIRECTION('',(0.,0.,1.));
#1672 = ORIENTED_EDGE('',*,*,#1276,.T.);
#1673 = ORIENTED_EDGE('',*,*,#1326,.F.);
#1674 = ORIENTED_EDGE('',*,*,#1373,.T.);
#1675 = ORIENTED_EDGE('',*,*,#1452,.F.);
#1676 = ORIENTED_EDGE('',*,*,#1677,.F.);
#1677 = EDGE_CURVE('',#1666,#1443,#1678,.T.);
#1678 = LINE('',#1679,#1680);
#1679 = CARTESIAN_POINT('',(8.,15.,3.));
#1680 = VECTOR('',#1681,1.);
#1681 = DIRECTION('',(-0.,1.,0.));
#1682 = PLANE('',#1683);
#1683 = AXIS2_PLACEMENT_3D('',#1684,#1685,#1686);
#1684 = CARTESIAN_POINT('',(8.,109.57798165137,6.577981651376));
#1685 = DIRECTION('',(-1.,-0.,-0.));
#1686 = DIRECTION('',(0.,0.,-1.));
#1687 = ADVANCED_FACE('',(#1688),#1706,.T.);
#1688 = FACE_BOUND('',#1689,.T.);
#1689 = EDGE_LOOP('',(#1690,#1698,#1704,#1705));
#1690 = ORIENTED_EDGE('',*,*,#1691,.T.);
#1691 = EDGE_CURVE('',#1666,#1692,#1694,.T.);
#1692 = VERTEX_POINT('',#1693);
#1693 = CARTESIAN_POINT('',(238.,15.,3.));
#1694 = LINE('',#1695,#1696);
#1695 = CARTESIAN_POINT('',(8.,15.,3.));
#1696 = VECTOR('',#1697,1.);
#1697 = DIRECTION('',(1.,0.,-0.));
#1698 = ORIENTED_EDGE('',*,*,#1699,.T.);
#1699 = EDGE_CURVE('',#1692,#1287,#1700,.T.);
#1700 = LINE('',#1701,#1702);
#1701 = CARTESIAN_POINT('',(238.,15.,3.));
#1702 = VECTOR('',#1703,1.);
#1703 = DIRECTION('',(0.,0.,1.));
#1704 = ORIENTED_EDGE('',*,*,#1286,.F.);
#1705 = ORIENTED_EDGE('',*,*,#1665,.F.);
#1706 = PLANE('',#1707);
#1707 = AXIS2_PLACEMENT_3D('',#1708,#1709,#1710);
#1708 = CARTESIAN_POINT('',(123.,15.,12.));
#1709 = DIRECTION('',(-0.,-1.,-0.));
#1710 = DIRECTION('',(0.,0.,-1.));
#1711 = ADVANCED_FACE('',(#1712),#1731,.F.);
#1712 = FACE_BOUND('',#1713,.T.);
#1713 = EDGE_LOOP('',(#1714,#1715,#1716,#1717,#1718,#1719,#1720,#1721,
    #1722,#1723,#1724,#1725));
#1714 = ORIENTED_EDGE('',*,*,#1691,.F.);
#1715 = ORIENTED_EDGE('',*,*,#1677,.T.);
#1716 = ORIENTED_EDGE('',*,*,#1442,.T.);
#1717 = ORIENTED_EDGE('',*,*,#1650,.F.);
#1718 = ORIENTED_EDGE('',*,*,#1481,.T.);
#1719 = ORIENTED_EDGE('',*,*,#1512,.F.);
#1720 = ORIENTED_EDGE('',*,*,#1536,.F.);
#1721 = ORIENTED_EDGE('',*,*,#1561,.F.);
#1722 = ORIENTED_EDGE('',*,*,#1577,.T.);
#1723 = ORIENTED_EDGE('',*,*,#1608,.F.);
#1724 = ORIENTED_EDGE('',*,*,#1632,.F.);
#1725 = ORIENTED_EDGE('',*,*,#1726,.F.);
#1726 = EDGE_CURVE('',#1692,#1625,#1727,.T.);
#1727 = LINE('',#1728,#1729);
#1728 = CARTESIAN_POINT('',(238.,15.,3.));
#1729 = VECTOR('',#1730,1.);
#1730 = DIRECTION('',(-0.,1.,0.));
#1731 = PLANE('',#1732);
#1732 = AXIS2_PLACEMENT_3D('',#1733,#1734,#1735);
#1733 = CARTESIAN_POINT('',(8.,15.,3.));
#1734 = DIRECTION('',(0.,0.,1.));
#1735 = DIRECTION('',(1.,0.,-0.));
#1736 = ADVANCED_FACE('',(#1737),#1745,.T.);
#1737 = FACE_BOUND('',#1738,.T.);
#1738 = EDGE_LOOP('',(#1739,#1740,#1741,#1742,#1743,#1744));
#1739 = ORIENTED_EDGE('',*,*,#1726,.T.);
#1740 = ORIENTED_EDGE('',*,*,#1624,.T.);
#1741 = ORIENTED_EDGE('',*,*,#1380,.F.);
#1742 = ORIENTED_EDGE('',*,*,#1333,.T.);
#1743 = ORIENTED_EDGE('',*,*,#1294,.F.);
#1744 = ORIENTED_EDGE('',*,*,#1699,.F.);
#1745 = PLANE('',#1746);
#1746 = AXIS2_PLACEMENT_3D('',#1747,#1748,#1749);
#1747 = CARTESIAN_POINT('',(238.,30.710526315789,8.210526315789));
#1748 = DIRECTION('',(1.,0.,0.));
#1749 = DIRECTION('',(-0.,0.,1.));
#1750 = ( GEOMETRIC_REPRESENTATION_CONTEXT(3) 
GLOBAL_UNCERTAINTY_ASSIGNED_CONTEXT((#1754)) 
GLOBAL_UNIT_ASSIGNED_CONTEXT((#1751,#1752,#1753)) REPRESENTATION_CONTEXT
('Context #1','3D Context with UNIT and UNCERTAINTY') );
#1751 = ( LENGTH_UNIT() NAMED_UNIT(*) SI_UNIT(.MILLI.,.METRE.) );
#1752 = ( NAMED_UNIT(*) PLANE_ANGLE_UNIT() SI_UNIT($,.RADIAN.) );
#1753 = ( NAMED_UNIT(*) SI_UNIT($,.STERADIAN.) SOLID_ANGLE_UNIT() );
#1754 = UNCERTAINTY_MEASURE_WITH_UNIT(LENGTH_MEASURE(2.E-07),#1751,
  'distance_accuracy_value','confusion accuracy');
#1755 = CONTEXT_DEPENDENT_SHAPE_REPRESENTATION(#1756,#1758);
#1756 = ( REPRESENTATION_RELATIONSHIP('','',#1269,#10) 
REPRESENTATION_RELATIONSHIP_WITH_TRANSFORMATION(#1757) 
SHAPE_REPRESENTATION_RELATIONSHIP() );
#1757 = ITEM_DEFINED_TRANSFORMATION('','',#11,#31);
#1758 = PRODUCT_DEFINITION_SHAPE('Placement','Placement of an item',
  #1759);
#1759 = NEXT_ASSEMBLY_USAGE_OCCURRENCE('5','zhao_tray','',#5,#1264,$);
#1760 = PRODUCT_RELATED_PRODUCT_CATEGORY('part',$,(#1266));
#1761 = SHAPE_DEFINITION_REPRESENTATION(#1762,#1768);
#1762 = PRODUCT_DEFINITION_SHAPE('','',#1763);
#1763 = PRODUCT_DEFINITION('design','',#1764,#1767);
#1764 = PRODUCT_DEFINITION_FORMATION('','',#1765);
#1765 = PRODUCT('inner_liner','inner_liner','',(#1766));
#1766 = PRODUCT_CONTEXT('',#2,'mechanical');
#1767 = PRODUCT_DEFINITION_CONTEXT('part definition',#2,'design');
#1768 = ADVANCED_BREP_SHAPE_REPRESENTATION('',(#11,#1769),#2579);
#1769 = MANIFOLD_SOLID_BREP('',#1770);
#1770 = CLOSED_SHELL('',(#1771,#1811,#1842,#1866,#1922,#1953,#1977,#2001
    ,#2032,#2106,#2137,#2161,#2185,#2216,#2240,#2264,#2281,#2363,#2394,
    #2418,#2442,#2473,#2497,#2521,#2538,#2563));
#1771 = ADVANCED_FACE('',(#1772),#1806,.T.);
#1772 = FACE_BOUND('',#1773,.T.);
#1773 = EDGE_LOOP('',(#1774,#1784,#1792,#1800));
#1774 = ORIENTED_EDGE('',*,*,#1775,.T.);
#1775 = EDGE_CURVE('',#1776,#1778,#1780,.T.);
#1776 = VERTEX_POINT('',#1777);
#1777 = CARTESIAN_POINT('',(81.,112.,12.2));
#1778 = VERTEX_POINT('',#1779);
#1779 = CARTESIAN_POINT('',(18.,112.,12.2));
#1780 = LINE('',#1781,#1782);
#1781 = CARTESIAN_POINT('',(18.,112.,12.2));
#1782 = VECTOR('',#1783,1.);
#1783 = DIRECTION('',(-1.,-0.,0.));
#1784 = ORIENTED_EDGE('',*,*,#1785,.F.);
#1785 = EDGE_CURVE('',#1786,#1778,#1788,.T.);
#1786 = VERTEX_POINT('',#1787);
#1787 = CARTESIAN_POINT('',(18.,44.,12.2));
#1788 = LINE('',#1789,#1790);
#1789 = CARTESIAN_POINT('',(18.,44.,12.2));
#1790 = VECTOR('',#1791,1.);
#1791 = DIRECTION('',(-0.,1.,0.));
#1792 = ORIENTED_EDGE('',*,*,#1793,.T.);
#1793 = EDGE_CURVE('',#1786,#1794,#1796,.T.);
#1794 = VERTEX_POINT('',#1795);
#1795 = CARTESIAN_POINT('',(81.,44.,12.2));
#1796 = LINE('',#1797,#1798);
#1797 = CARTESIAN_POINT('',(18.,44.,12.2));
#1798 = VECTOR('',#1799,1.);
#1799 = DIRECTION('',(1.,0.,-0.));
#1800 = ORIENTED_EDGE('',*,*,#1801,.T.);
#1801 = EDGE_CURVE('',#1794,#1776,#1802,.T.);
#1802 = LINE('',#1803,#1804);
#1803 = CARTESIAN_POINT('',(81.,44.,12.2));
#1804 = VECTOR('',#1805,1.);
#1805 = DIRECTION('',(-0.,1.,0.));
#1806 = PLANE('',#1807);
#1807 = AXIS2_PLACEMENT_3D('',#1808,#1809,#1810);
#1808 = CARTESIAN_POINT('',(18.,44.,12.2));
#1809 = DIRECTION('',(0.,0.,1.));
#1810 = DIRECTION('',(1.,0.,-0.));
#1811 = ADVANCED_FACE('',(#1812),#1837,.F.);
#1812 = FACE_BOUND('',#1813,.F.);
#1813 = EDGE_LOOP('',(#1814,#1815,#1823,#1831));
#1814 = ORIENTED_EDGE('',*,*,#1775,.T.);
#1815 = ORIENTED_EDGE('',*,*,#1816,.T.);
#1816 = EDGE_CURVE('',#1778,#1817,#1819,.T.);
#1817 = VERTEX_POINT('',#1818);
#1818 = CARTESIAN_POINT('',(18.,112.,17.2));
#1819 = LINE('',#1820,#1821);
#1820 = CARTESIAN_POINT('',(18.,112.,9.2));
#1821 = VECTOR('',#1822,1.);
#1822 = DIRECTION('',(0.,0.,1.));
#1823 = ORIENTED_EDGE('',*,*,#1824,.T.);
#1824 = EDGE_CURVE('',#1817,#1825,#1827,.T.);
#1825 = VERTEX_POINT('',#1826);
#1826 = CARTESIAN_POINT('',(81.,112.,17.2));
#1827 = LINE('',#1828,#1829);
#1828 = CARTESIAN_POINT('',(18.,112.,17.2));
#1829 = VECTOR('',#1830,1.);
#1830 = DIRECTION('',(1.,0.,-0.));
#1831 = ORIENTED_EDGE('',*,*,#1832,.F.);
#1832 = EDGE_CURVE('',#1776,#1825,#1833,.T.);
#1833 = LINE('',#1834,#1835);
#1834 = CARTESIAN_POINT('',(81.,112.,9.2));
#1835 = VECTOR('',#1836,1.);
#1836 = DIRECTION('',(0.,0.,1.));
#1837 = PLANE('',#1838);
#1838 = AXIS2_PLACEMENT_3D('',#1839,#1840,#1841);
#1839 = CARTESIAN_POINT('',(18.,112.,9.2));
#1840 = DIRECTION('',(-0.,1.,0.));
#1841 = DIRECTION('',(0.,0.,1.));
#1842 = ADVANCED_FACE('',(#1843),#1861,.F.);
#1843 = FACE_BOUND('',#1844,.F.);
#1844 = EDGE_LOOP('',(#1845,#1853,#1854,#1855));
#1845 = ORIENTED_EDGE('',*,*,#1846,.F.);
#1846 = EDGE_CURVE('',#1794,#1847,#1849,.T.);
#1847 = VERTEX_POINT('',#1848);
#1848 = CARTESIAN_POINT('',(81.,44.,17.2));
#1849 = LINE('',#1850,#1851);
#1850 = CARTESIAN_POINT('',(81.,44.,9.2));
#1851 = VECTOR('',#1852,1.);
#1852 = DIRECTION('',(0.,0.,1.));
#1853 = ORIENTED_EDGE('',*,*,#1801,.T.);
#1854 = ORIENTED_EDGE('',*,*,#1832,.T.);
#1855 = ORIENTED_EDGE('',*,*,#1856,.F.);
#1856 = EDGE_CURVE('',#1847,#1825,#1857,.T.);
#1857 = LINE('',#1858,#1859);
#1858 = CARTESIAN_POINT('',(81.,44.,17.2));
#1859 = VECTOR('',#1860,1.);
#1860 = DIRECTION('',(-0.,1.,0.));
#1861 = PLANE('',#1862);
#1862 = AXIS2_PLACEMENT_3D('',#1863,#1864,#1865);
#1863 = CARTESIAN_POINT('',(81.,44.,9.2));
#1864 = DIRECTION('',(1.,0.,-0.));
#1865 = DIRECTION('',(0.,0.,1.));
#1866 = ADVANCED_FACE('',(#1867),#1917,.T.);
#1867 = FACE_BOUND('',#1868,.T.);
#1868 = EDGE_LOOP('',(#1869,#1870,#1871,#1879,#1887,#1895,#1903,#1911));
#1869 = ORIENTED_EDGE('',*,*,#1785,.T.);
#1870 = ORIENTED_EDGE('',*,*,#1816,.T.);
#1871 = ORIENTED_EDGE('',*,*,#1872,.T.);
#1872 = EDGE_CURVE('',#1817,#1873,#1875,.T.);
#1873 = VERTEX_POINT('',#1874);
#1874 = CARTESIAN_POINT('',(18.,114.,17.2));
#1875 = LINE('',#1876,#1877);
#1876 = CARTESIAN_POINT('',(18.,112.,17.2));
#1877 = VECTOR('',#1878,1.);
#1878 = DIRECTION('',(-0.,1.,0.));
#1879 = ORIENTED_EDGE('',*,*,#1880,.F.);
#1880 = EDGE_CURVE('',#1881,#1873,#1883,.T.);
#1881 = VERTEX_POINT('',#1882);
#1882 = CARTESIAN_POINT('',(18.,114.,12.2));
#1883 = LINE('',#1884,#1885);
#1884 = CARTESIAN_POINT('',(18.,114.,9.2));
#1885 = VECTOR('',#1886,1.);
#1886 = DIRECTION('',(0.,0.,1.));
#1887 = ORIENTED_EDGE('',*,*,#1888,.T.);
#1888 = EDGE_CURVE('',#1881,#1889,#1891,.T.);
#1889 = VERTEX_POINT('',#1890);
#1890 = CARTESIAN_POINT('',(18.,182.,12.2));
#1891 = LINE('',#1892,#1893);
#1892 = CARTESIAN_POINT('',(18.,44.,12.2));
#1893 = VECTOR('',#1894,1.);
#1894 = DIRECTION('',(-0.,1.,0.));
#1895 = ORIENTED_EDGE('',*,*,#1896,.F.);
#1896 = EDGE_CURVE('',#1897,#1889,#1899,.T.);
#1897 = VERTEX_POINT('',#1898);
#1898 = CARTESIAN_POINT('',(18.,182.,9.2));
#1899 = LINE('',#1900,#1901);
#1900 = CARTESIAN_POINT('',(18.,182.,9.2));
#1901 = VECTOR('',#1902,1.);
#1902 = DIRECTION('',(0.,0.,1.));
#1903 = ORIENTED_EDGE('',*,*,#1904,.F.);
#1904 = EDGE_CURVE('',#1905,#1897,#1907,.T.);
#1905 = VERTEX_POINT('',#1906);
#1906 = CARTESIAN_POINT('',(18.,44.,9.2));
#1907 = LINE('',#1908,#1909);
#1908 = CARTESIAN_POINT('',(18.,44.,9.2));
#1909 = VECTOR('',#1910,1.);
#1910 = DIRECTION('',(-0.,1.,0.));
#1911 = ORIENTED_EDGE('',*,*,#1912,.T.);
#1912 = EDGE_CURVE('',#1905,#1786,#1913,.T.);
#1913 = LINE('',#1914,#1915);
#1914 = CARTESIAN_POINT('',(18.,44.,9.2));
#1915 = VECTOR('',#1916,1.);
#1916 = DIRECTION('',(0.,0.,1.));
#1917 = PLANE('',#1918);
#1918 = AXIS2_PLACEMENT_3D('',#1919,#1920,#1921);
#1919 = CARTESIAN_POINT('',(18.,113.,10.871232876712));
#1920 = DIRECTION('',(-1.,-0.,-0.));
#1921 = DIRECTION('',(0.,0.,-1.));
#1922 = ADVANCED_FACE('',(#1923),#1948,.T.);
#1923 = FACE_BOUND('',#1924,.T.);
#1924 = EDGE_LOOP('',(#1925,#1933,#1934,#1942));
#1925 = ORIENTED_EDGE('',*,*,#1926,.T.);
#1926 = EDGE_CURVE('',#1927,#1881,#1929,.T.);
#1927 = VERTEX_POINT('',#1928);
#1928 = CARTESIAN_POINT('',(81.,114.,12.2));
#1929 = LINE('',#1930,#1931);
#1930 = CARTESIAN_POINT('',(18.,114.,12.2));
#1931 = VECTOR('',#1932,1.);
#1932 = DIRECTION('',(-1.,-0.,0.));
#1933 = ORIENTED_EDGE('',*,*,#1880,.T.);
#1934 = ORIENTED_EDGE('',*,*,#1935,.T.);
#1935 = EDGE_CURVE('',#1873,#1936,#1938,.T.);
#1936 = VERTEX_POINT('',#1937);
#1937 = CARTESIAN_POINT('',(81.,114.,17.2));
#1938 = LINE('',#1939,#1940);
#1939 = CARTESIAN_POINT('',(18.,114.,17.2));
#1940 = VECTOR('',#1941,1.);
#1941 = DIRECTION('',(1.,0.,-0.));
#1942 = ORIENTED_EDGE('',*,*,#1943,.F.);
#1943 = EDGE_CURVE('',#1927,#1936,#1944,.T.);
#1944 = LINE('',#1945,#1946);
#1945 = CARTESIAN_POINT('',(81.,114.,9.2));
#1946 = VECTOR('',#1947,1.);
#1947 = DIRECTION('',(0.,0.,1.));
#1948 = PLANE('',#1949);
#1949 = AXIS2_PLACEMENT_3D('',#1950,#1951,#1952);
#1950 = CARTESIAN_POINT('',(18.,114.,9.2));
#1951 = DIRECTION('',(-0.,1.,0.));
#1952 = DIRECTION('',(0.,0.,1.));
#1953 = ADVANCED_FACE('',(#1954),#1972,.T.);
#1954 = FACE_BOUND('',#1955,.T.);
#1955 = EDGE_LOOP('',(#1956,#1964,#1965,#1966));
#1956 = ORIENTED_EDGE('',*,*,#1957,.F.);
#1957 = EDGE_CURVE('',#1889,#1958,#1960,.T.);
#1958 = VERTEX_POINT('',#1959);
#1959 = CARTESIAN_POINT('',(81.,182.,12.2));
#1960 = LINE('',#1961,#1962);
#1961 = CARTESIAN_POINT('',(18.,182.,12.2));
#1962 = VECTOR('',#1963,1.);
#1963 = DIRECTION('',(1.,0.,-0.));
#1964 = ORIENTED_EDGE('',*,*,#1888,.F.);
#1965 = ORIENTED_EDGE('',*,*,#1926,.F.);
#1966 = ORIENTED_EDGE('',*,*,#1967,.T.);
#1967 = EDGE_CURVE('',#1927,#1958,#1968,.T.);
#1968 = LINE('',#1969,#1970);
#1969 = CARTESIAN_POINT('',(81.,44.,12.2));
#1970 = VECTOR('',#1971,1.);
#1971 = DIRECTION('',(-0.,1.,0.));
#1972 = PLANE('',#1973);
#1973 = AXIS2_PLACEMENT_3D('',#1974,#1975,#1976);
#1974 = CARTESIAN_POINT('',(18.,44.,12.2));
#1975 = DIRECTION('',(0.,0.,1.));
#1976 = DIRECTION('',(1.,0.,-0.));
#1977 = ADVANCED_FACE('',(#1978),#1996,.F.);
#1978 = FACE_BOUND('',#1979,.F.);
#1979 = EDGE_LOOP('',(#1980,#1981,#1982,#1990));
#1980 = ORIENTED_EDGE('',*,*,#1943,.F.);
#1981 = ORIENTED_EDGE('',*,*,#1967,.T.);
#1982 = ORIENTED_EDGE('',*,*,#1983,.T.);
#1983 = EDGE_CURVE('',#1958,#1984,#1986,.T.);
#1984 = VERTEX_POINT('',#1985);
#1985 = CARTESIAN_POINT('',(81.,182.,17.2));
#1986 = LINE('',#1987,#1988);
#1987 = CARTESIAN_POINT('',(81.,182.,9.2));
#1988 = VECTOR('',#1989,1.);
#1989 = DIRECTION('',(0.,0.,1.));
#1990 = ORIENTED_EDGE('',*,*,#1991,.F.);
#1991 = EDGE_CURVE('',#1936,#1984,#1992,.T.);
#1992 = LINE('',#1993,#1994);
#1993 = CARTESIAN_POINT('',(81.,44.,17.2));
#1994 = VECTOR('',#1995,1.);
#1995 = DIRECTION('',(-0.,1.,0.));
#1996 = PLANE('',#1997);
#1997 = AXIS2_PLACEMENT_3D('',#1998,#1999,#2000);
#1998 = CARTESIAN_POINT('',(81.,44.,9.2));
#1999 = DIRECTION('',(1.,0.,-0.));
#2000 = DIRECTION('',(0.,0.,1.));
#2001 = ADVANCED_FACE('',(#2002),#2027,.F.);
#2002 = FACE_BOUND('',#2003,.T.);
#2003 = EDGE_LOOP('',(#2004,#2005,#2013,#2021));
#2004 = ORIENTED_EDGE('',*,*,#1904,.T.);
#2005 = ORIENTED_EDGE('',*,*,#2006,.T.);
#2006 = EDGE_CURVE('',#1897,#2007,#2009,.T.);
#2007 = VERTEX_POINT('',#2008);
#2008 = CARTESIAN_POINT('',(226.,182.,9.2));
#2009 = LINE('',#2010,#2011);
#2010 = CARTESIAN_POINT('',(18.,182.,9.2));
#2011 = VECTOR('',#2012,1.);
#2012 = DIRECTION('',(1.,0.,-0.));
#2013 = ORIENTED_EDGE('',*,*,#2014,.F.);
#2014 = EDGE_CURVE('',#2015,#2007,#2017,.T.);
#2015 = VERTEX_POINT('',#2016);
#2016 = CARTESIAN_POINT('',(226.,44.,9.2));
#2017 = LINE('',#2018,#2019);
#2018 = CARTESIAN_POINT('',(226.,44.,9.2));
#2019 = VECTOR('',#2020,1.);
#2020 = DIRECTION('',(-0.,1.,0.));
#2021 = ORIENTED_EDGE('',*,*,#2022,.F.);
#2022 = EDGE_CURVE('',#1905,#2015,#2023,.T.);
#2023 = LINE('',#2024,#2025);
#2024 = CARTESIAN_POINT('',(18.,44.,9.2));
#2025 = VECTOR('',#2026,1.);
#2026 = DIRECTION('',(1.,0.,-0.));
#2027 = PLANE('',#2028);
#2028 = AXIS2_PLACEMENT_3D('',#2029,#2030,#2031);
#2029 = CARTESIAN_POINT('',(18.,44.,9.2));
#2030 = DIRECTION('',(0.,0.,1.));
#2031 = DIRECTION('',(1.,0.,-0.));
#2032 = ADVANCED_FACE('',(#2033),#2101,.T.);
#2033 = FACE_BOUND('',#2034,.T.);
#2034 = EDGE_LOOP('',(#2035,#2036,#2044,#2052,#2060,#2068,#2076,#2084,
    #2092,#2098,#2099,#2100));
#2035 = ORIENTED_EDGE('',*,*,#2022,.T.);
#2036 = ORIENTED_EDGE('',*,*,#2037,.T.);
#2037 = EDGE_CURVE('',#2015,#2038,#2040,.T.);
#2038 = VERTEX_POINT('',#2039);
#2039 = CARTESIAN_POINT('',(226.,44.,12.2));
#2040 = LINE('',#2041,#2042);
#2041 = CARTESIAN_POINT('',(226.,44.,9.2));
#2042 = VECTOR('',#2043,1.);
#2043 = DIRECTION('',(0.,0.,1.));
#2044 = ORIENTED_EDGE('',*,*,#2045,.F.);
#2045 = EDGE_CURVE('',#2046,#2038,#2048,.T.);
#2046 = VERTEX_POINT('',#2047);
#2047 = CARTESIAN_POINT('',(145.,44.,12.2));
#2048 = LINE('',#2049,#2050);
#2049 = CARTESIAN_POINT('',(18.,44.,12.2));
#2050 = VECTOR('',#2051,1.);
#2051 = DIRECTION('',(1.,0.,-0.));
#2052 = ORIENTED_EDGE('',*,*,#2053,.T.);
#2053 = EDGE_CURVE('',#2046,#2054,#2056,.T.);
#2054 = VERTEX_POINT('',#2055);
#2055 = CARTESIAN_POINT('',(145.,44.,17.2));
#2056 = LINE('',#2057,#2058);
#2057 = CARTESIAN_POINT('',(145.,44.,9.2));
#2058 = VECTOR('',#2059,1.);
#2059 = DIRECTION('',(0.,0.,1.));
#2060 = ORIENTED_EDGE('',*,*,#2061,.F.);
#2061 = EDGE_CURVE('',#2062,#2054,#2064,.T.);
#2062 = VERTEX_POINT('',#2063);
#2063 = CARTESIAN_POINT('',(143.,44.,17.2));
#2064 = LINE('',#2065,#2066);
#2065 = CARTESIAN_POINT('',(143.,44.,17.2));
#2066 = VECTOR('',#2067,1.);
#2067 = DIRECTION('',(1.,0.,-0.));
#2068 = ORIENTED_EDGE('',*,*,#2069,.F.);
#2069 = EDGE_CURVE('',#2070,#2062,#2072,.T.);
#2070 = VERTEX_POINT('',#2071);
#2071 = CARTESIAN_POINT('',(143.,44.,12.2));
#2072 = LINE('',#2073,#2074);
#2073 = CARTESIAN_POINT('',(143.,44.,9.2));
#2074 = VECTOR('',#2075,1.);
#2075 = DIRECTION('',(0.,0.,1.));
#2076 = ORIENTED_EDGE('',*,*,#2077,.F.);
#2077 = EDGE_CURVE('',#2078,#2070,#2080,.T.);
#2078 = VERTEX_POINT('',#2079);
#2079 = CARTESIAN_POINT('',(83.,44.,12.2));
#2080 = LINE('',#2081,#2082);
#2081 = CARTESIAN_POINT('',(18.,44.,12.2));
#2082 = VECTOR('',#2083,1.);
#2083 = DIRECTION('',(1.,0.,-0.));
#2084 = ORIENTED_EDGE('',*,*,#2085,.T.);
#2085 = EDGE_CURVE('',#2078,#2086,#2088,.T.);
#2086 = VERTEX_POINT('',#2087);
#2087 = CARTESIAN_POINT('',(83.,44.,17.2));
#2088 = LINE('',#2089,#2090);
#2089 = CARTESIAN_POINT('',(83.,44.,9.2));
#2090 = VECTOR('',#2091,1.);
#2091 = DIRECTION('',(0.,0.,1.));
#2092 = ORIENTED_EDGE('',*,*,#2093,.F.);
#2093 = EDGE_CURVE('',#1847,#2086,#2094,.T.);
#2094 = LINE('',#2095,#2096);
#2095 = CARTESIAN_POINT('',(81.,44.,17.2));
#2096 = VECTOR('',#2097,1.);
#2097 = DIRECTION('',(1.,0.,-0.));
#2098 = ORIENTED_EDGE('',*,*,#1846,.F.);
#2099 = ORIENTED_EDGE('',*,*,#1793,.F.);
#2100 = ORIENTED_EDGE('',*,*,#1912,.F.);
#2101 = PLANE('',#2102);
#2102 = AXIS2_PLACEMENT_3D('',#2103,#2104,#2105);
#2103 = CARTESIAN_POINT('',(121.59276018099,44.,10.926244343891));
#2104 = DIRECTION('',(-0.,-1.,-0.));
#2105 = DIRECTION('',(0.,0.,-1.));
#2106 = ADVANCED_FACE('',(#2107),#2132,.T.);
#2107 = FACE_BOUND('',#2108,.T.);
#2108 = EDGE_LOOP('',(#2109,#2119,#2125,#2126));
#2109 = ORIENTED_EDGE('',*,*,#2110,.T.);
#2110 = EDGE_CURVE('',#2111,#2113,#2115,.T.);
#2111 = VERTEX_POINT('',#2112);
#2112 = CARTESIAN_POINT('',(226.,112.,12.2));
#2113 = VERTEX_POINT('',#2114);
#2114 = CARTESIAN_POINT('',(145.,112.,12.2));
#2115 = LINE('',#2116,#2117);
#2116 = CARTESIAN_POINT('',(18.,112.,12.2));
#2117 = VECTOR('',#2118,1.);
#2118 = DIRECTION('',(-1.,-0.,0.));
#2119 = ORIENTED_EDGE('',*,*,#2120,.F.);
#2120 = EDGE_CURVE('',#2046,#2113,#2121,.T.);
#2121 = LINE('',#2122,#2123);
#2122 = CARTESIAN_POINT('',(145.,44.,12.2));
#2123 = VECTOR('',#2124,1.);
#2124 = DIRECTION('',(-0.,1.,0.));
#2125 = ORIENTED_EDGE('',*,*,#2045,.T.);
#2126 = ORIENTED_EDGE('',*,*,#2127,.T.);
#2127 = EDGE_CURVE('',#2038,#2111,#2128,.T.);
#2128 = LINE('',#2129,#2130);
#2129 = CARTESIAN_POINT('',(226.,44.,12.2));
#2130 = VECTOR('',#2131,1.);
#2131 = DIRECTION('',(-0.,1.,0.));
#2132 = PLANE('',#2133);
#2133 = AXIS2_PLACEMENT_3D('',#2134,#2135,#2136);
#2134 = CARTESIAN_POINT('',(18.,44.,12.2));
#2135 = DIRECTION('',(0.,0.,1.));
#2136 = DIRECTION('',(1.,0.,-0.));
#2137 = ADVANCED_FACE('',(#2138),#2156,.T.);
#2138 = FACE_BOUND('',#2139,.T.);
#2139 = EDGE_LOOP('',(#2140,#2141,#2142,#2150));
#2140 = ORIENTED_EDGE('',*,*,#2053,.F.);
#2141 = ORIENTED_EDGE('',*,*,#2120,.T.);
#2142 = ORIENTED_EDGE('',*,*,#2143,.T.);
#2143 = EDGE_CURVE('',#2113,#2144,#2146,.T.);
#2144 = VERTEX_POINT('',#2145);
#2145 = CARTESIAN_POINT('',(145.,112.,17.2));
#2146 = LINE('',#2147,#2148);
#2147 = CARTESIAN_POINT('',(145.,112.,9.2));
#2148 = VECTOR('',#2149,1.);
#2149 = DIRECTION('',(0.,0.,1.));
#2150 = ORIENTED_EDGE('',*,*,#2151,.F.);
#2151 = EDGE_CURVE('',#2054,#2144,#2152,.T.);
#2152 = LINE('',#2153,#2154);
#2153 = CARTESIAN_POINT('',(145.,44.,17.2));
#2154 = VECTOR('',#2155,1.);
#2155 = DIRECTION('',(-0.,1.,0.));
#2156 = PLANE('',#2157);
#2157 = AXIS2_PLACEMENT_3D('',#2158,#2159,#2160);
#2158 = CARTESIAN_POINT('',(145.,44.,9.2));
#2159 = DIRECTION('',(1.,0.,-0.));
#2160 = DIRECTION('',(0.,0.,1.));
#2161 = ADVANCED_FACE('',(#2162),#2180,.F.);
#2162 = FACE_BOUND('',#2163,.F.);
#2163 = EDGE_LOOP('',(#2164,#2172,#2173,#2174));
#2164 = ORIENTED_EDGE('',*,*,#2165,.F.);
#2165 = EDGE_CURVE('',#2111,#2166,#2168,.T.);
#2166 = VERTEX_POINT('',#2167);
#2167 = CARTESIAN_POINT('',(226.,112.,17.2));
#2168 = LINE('',#2169,#2170);
#2169 = CARTESIAN_POINT('',(226.,112.,9.2));
#2170 = VECTOR('',#2171,1.);
#2171 = DIRECTION('',(0.,0.,1.));
#2172 = ORIENTED_EDGE('',*,*,#2110,.T.);
#2173 = ORIENTED_EDGE('',*,*,#2143,.T.);
#2174 = ORIENTED_EDGE('',*,*,#2175,.T.);
#2175 = EDGE_CURVE('',#2144,#2166,#2176,.T.);
#2176 = LINE('',#2177,#2178);
#2177 = CARTESIAN_POINT('',(18.,112.,17.2));
#2178 = VECTOR('',#2179,1.);
#2179 = DIRECTION('',(1.,0.,-0.));
#2180 = PLANE('',#2181);
#2181 = AXIS2_PLACEMENT_3D('',#2182,#2183,#2184);
#2182 = CARTESIAN_POINT('',(18.,112.,9.2));
#2183 = DIRECTION('',(-0.,1.,0.));
#2184 = DIRECTION('',(0.,0.,1.));
#2185 = ADVANCED_FACE('',(#2186),#2211,.T.);
#2186 = FACE_BOUND('',#2187,.T.);
#2187 = EDGE_LOOP('',(#2188,#2189,#2197,#2205));
#2188 = ORIENTED_EDGE('',*,*,#2085,.F.);
#2189 = ORIENTED_EDGE('',*,*,#2190,.T.);
#2190 = EDGE_CURVE('',#2078,#2191,#2193,.T.);
#2191 = VERTEX_POINT('',#2192);
#2192 = CARTESIAN_POINT('',(83.,112.,12.2));
#2193 = LINE('',#2194,#2195);
#2194 = CARTESIAN_POINT('',(83.,44.,12.2));
#2195 = VECTOR('',#2196,1.);
#2196 = DIRECTION('',(-0.,1.,0.));
#2197 = ORIENTED_EDGE('',*,*,#2198,.T.);
#2198 = EDGE_CURVE('',#2191,#2199,#2201,.T.);
#2199 = VERTEX_POINT('',#2200);
#2200 = CARTESIAN_POINT('',(83.,112.,17.2));
#2201 = LINE('',#2202,#2203);
#2202 = CARTESIAN_POINT('',(83.,112.,9.2));
#2203 = VECTOR('',#2204,1.);
#2204 = DIRECTION('',(0.,0.,1.));
#2205 = ORIENTED_EDGE('',*,*,#2206,.F.);
#2206 = EDGE_CURVE('',#2086,#2199,#2207,.T.);
#2207 = LINE('',#2208,#2209);
#2208 = CARTESIAN_POINT('',(83.,44.,17.2));
#2209 = VECTOR('',#2210,1.);
#2210 = DIRECTION('',(-0.,1.,0.));
#2211 = PLANE('',#2212);
#2212 = AXIS2_PLACEMENT_3D('',#2213,#2214,#2215);
#2213 = CARTESIAN_POINT('',(83.,44.,9.2));
#2214 = DIRECTION('',(1.,0.,-0.));
#2215 = DIRECTION('',(0.,0.,1.));
#2216 = ADVANCED_FACE('',(#2217),#2235,.T.);
#2217 = FACE_BOUND('',#2218,.T.);
#2218 = EDGE_LOOP('',(#2219,#2227,#2228,#2229));
#2219 = ORIENTED_EDGE('',*,*,#2220,.T.);
#2220 = EDGE_CURVE('',#2221,#2191,#2223,.T.);
#2221 = VERTEX_POINT('',#2222);
#2222 = CARTESIAN_POINT('',(143.,112.,12.2));
#2223 = LINE('',#2224,#2225);
#2224 = CARTESIAN_POINT('',(18.,112.,12.2));
#2225 = VECTOR('',#2226,1.);
#2226 = DIRECTION('',(-1.,-0.,0.));
#2227 = ORIENTED_EDGE('',*,*,#2190,.F.);
#2228 = ORIENTED_EDGE('',*,*,#2077,.T.);
#2229 = ORIENTED_EDGE('',*,*,#2230,.T.);
#2230 = EDGE_CURVE('',#2070,#2221,#2231,.T.);
#2231 = LINE('',#2232,#2233);
#2232 = CARTESIAN_POINT('',(143.,44.,12.2));
#2233 = VECTOR('',#2234,1.);
#2234 = DIRECTION('',(-0.,1.,0.));
#2235 = PLANE('',#2236);
#2236 = AXIS2_PLACEMENT_3D('',#2237,#2238,#2239);
#2237 = CARTESIAN_POINT('',(18.,44.,12.2));
#2238 = DIRECTION('',(0.,0.,1.));
#2239 = DIRECTION('',(1.,0.,-0.));
#2240 = ADVANCED_FACE('',(#2241),#2259,.F.);
#2241 = FACE_BOUND('',#2242,.F.);
#2242 = EDGE_LOOP('',(#2243,#2244,#2252,#2258));
#2243 = ORIENTED_EDGE('',*,*,#2198,.T.);
#2244 = ORIENTED_EDGE('',*,*,#2245,.T.);
#2245 = EDGE_CURVE('',#2199,#2246,#2248,.T.);
#2246 = VERTEX_POINT('',#2247);
#2247 = CARTESIAN_POINT('',(143.,112.,17.2));
#2248 = LINE('',#2249,#2250);
#2249 = CARTESIAN_POINT('',(18.,112.,17.2));
#2250 = VECTOR('',#2251,1.);
#2251 = DIRECTION('',(1.,0.,-0.));
#2252 = ORIENTED_EDGE('',*,*,#2253,.F.);
#2253 = EDGE_CURVE('',#2221,#2246,#2254,.T.);
#2254 = LINE('',#2255,#2256);
#2255 = CARTESIAN_POINT('',(143.,112.,9.2));
#2256 = VECTOR('',#2257,1.);
#2257 = DIRECTION('',(0.,0.,1.));
#2258 = ORIENTED_EDGE('',*,*,#2220,.T.);
#2259 = PLANE('',#2260);
#2260 = AXIS2_PLACEMENT_3D('',#2261,#2262,#2263);
#2261 = CARTESIAN_POINT('',(18.,112.,9.2));
#2262 = DIRECTION('',(-0.,1.,0.));
#2263 = DIRECTION('',(0.,0.,1.));
#2264 = ADVANCED_FACE('',(#2265),#2276,.F.);
#2265 = FACE_BOUND('',#2266,.F.);
#2266 = EDGE_LOOP('',(#2267,#2268,#2269,#2270));
#2267 = ORIENTED_EDGE('',*,*,#2069,.F.);
#2268 = ORIENTED_EDGE('',*,*,#2230,.T.);
#2269 = ORIENTED_EDGE('',*,*,#2253,.T.);
#2270 = ORIENTED_EDGE('',*,*,#2271,.F.);
#2271 = EDGE_CURVE('',#2062,#2246,#2272,.T.);
#2272 = LINE('',#2273,#2274);
#2273 = CARTESIAN_POINT('',(143.,44.,17.2));
#2274 = VECTOR('',#2275,1.);
#2275 = DIRECTION('',(-0.,1.,0.));
#2276 = PLANE('',#2277);
#2277 = AXIS2_PLACEMENT_3D('',#2278,#2279,#2280);
#2278 = CARTESIAN_POINT('',(143.,44.,9.2));
#2279 = DIRECTION('',(1.,0.,-0.));
#2280 = DIRECTION('',(0.,0.,1.));
#2281 = ADVANCED_FACE('',(#2282),#2358,.T.);
#2282 = FACE_BOUND('',#2283,.T.);
#2283 = EDGE_LOOP('',(#2284,#2285,#2286,#2287,#2288,#2289,#2290,#2291,
    #2292,#2293,#2294,#2295,#2303,#2311,#2319,#2327,#2335,#2343,#2351,
    #2357));
#2284 = ORIENTED_EDGE('',*,*,#1935,.F.);
#2285 = ORIENTED_EDGE('',*,*,#1872,.F.);
#2286 = ORIENTED_EDGE('',*,*,#1824,.T.);
#2287 = ORIENTED_EDGE('',*,*,#1856,.F.);
#2288 = ORIENTED_EDGE('',*,*,#2093,.T.);
#2289 = ORIENTED_EDGE('',*,*,#2206,.T.);
#2290 = ORIENTED_EDGE('',*,*,#2245,.T.);
#2291 = ORIENTED_EDGE('',*,*,#2271,.F.);
#2292 = ORIENTED_EDGE('',*,*,#2061,.T.);
#2293 = ORIENTED_EDGE('',*,*,#2151,.T.);
#2294 = ORIENTED_EDGE('',*,*,#2175,.T.);
#2295 = ORIENTED_EDGE('',*,*,#2296,.T.);
#2296 = EDGE_CURVE('',#2166,#2297,#2299,.T.);
#2297 = VERTEX_POINT('',#2298);
#2298 = CARTESIAN_POINT('',(226.,114.,17.2));
#2299 = LINE('',#2300,#2301);
#2300 = CARTESIAN_POINT('',(226.,112.,17.2));
#2301 = VECTOR('',#2302,1.);
#2302 = DIRECTION('',(-0.,1.,0.));
#2303 = ORIENTED_EDGE('',*,*,#2304,.F.);
#2304 = EDGE_CURVE('',#2305,#2297,#2307,.T.);
#2305 = VERTEX_POINT('',#2306);
#2306 = CARTESIAN_POINT('',(145.,114.,17.2));
#2307 = LINE('',#2308,#2309);
#2308 = CARTESIAN_POINT('',(18.,114.,17.2));
#2309 = VECTOR('',#2310,1.);
#2310 = DIRECTION('',(1.,0.,-0.));
#2311 = ORIENTED_EDGE('',*,*,#2312,.T.);
#2312 = EDGE_CURVE('',#2305,#2313,#2315,.T.);
#2313 = VERTEX_POINT('',#2314);
#2314 = CARTESIAN_POINT('',(145.,182.,17.2));
#2315 = LINE('',#2316,#2317);
#2316 = CARTESIAN_POINT('',(145.,44.,17.2));
#2317 = VECTOR('',#2318,1.);
#2318 = DIRECTION('',(-0.,1.,0.));
#2319 = ORIENTED_EDGE('',*,*,#2320,.F.);
#2320 = EDGE_CURVE('',#2321,#2313,#2323,.T.);
#2321 = VERTEX_POINT('',#2322);
#2322 = CARTESIAN_POINT('',(143.,182.,17.2));
#2323 = LINE('',#2324,#2325);
#2324 = CARTESIAN_POINT('',(143.,182.,17.2));
#2325 = VECTOR('',#2326,1.);
#2326 = DIRECTION('',(1.,0.,-0.));
#2327 = ORIENTED_EDGE('',*,*,#2328,.F.);
#2328 = EDGE_CURVE('',#2329,#2321,#2331,.T.);
#2329 = VERTEX_POINT('',#2330);
#2330 = CARTESIAN_POINT('',(143.,114.,17.2));
#2331 = LINE('',#2332,#2333);
#2332 = CARTESIAN_POINT('',(143.,44.,17.2));
#2333 = VECTOR('',#2334,1.);
#2334 = DIRECTION('',(-0.,1.,0.));
#2335 = ORIENTED_EDGE('',*,*,#2336,.F.);
#2336 = EDGE_CURVE('',#2337,#2329,#2339,.T.);
#2337 = VERTEX_POINT('',#2338);
#2338 = CARTESIAN_POINT('',(83.,114.,17.2));
#2339 = LINE('',#2340,#2341);
#2340 = CARTESIAN_POINT('',(18.,114.,17.2));
#2341 = VECTOR('',#2342,1.);
#2342 = DIRECTION('',(1.,0.,-0.));
#2343 = ORIENTED_EDGE('',*,*,#2344,.T.);
#2344 = EDGE_CURVE('',#2337,#2345,#2347,.T.);
#2345 = VERTEX_POINT('',#2346);
#2346 = CARTESIAN_POINT('',(83.,182.,17.2));
#2347 = LINE('',#2348,#2349);
#2348 = CARTESIAN_POINT('',(83.,44.,17.2));
#2349 = VECTOR('',#2350,1.);
#2350 = DIRECTION('',(-0.,1.,0.));
#2351 = ORIENTED_EDGE('',*,*,#2352,.F.);
#2352 = EDGE_CURVE('',#1984,#2345,#2353,.T.);
#2353 = LINE('',#2354,#2355);
#2354 = CARTESIAN_POINT('',(81.,182.,17.2));
#2355 = VECTOR('',#2356,1.);
#2356 = DIRECTION('',(1.,0.,-0.));
#2357 = ORIENTED_EDGE('',*,*,#1991,.F.);
#2358 = PLANE('',#2359);
#2359 = AXIS2_PLACEMENT_3D('',#2360,#2361,#2362);
#2360 = CARTESIAN_POINT('',(116.92116182572,113.,17.2));
#2361 = DIRECTION('',(0.,0.,1.));
#2362 = DIRECTION('',(1.,0.,-0.));
#2363 = ADVANCED_FACE('',(#2364),#2389,.T.);
#2364 = FACE_BOUND('',#2365,.T.);
#2365 = EDGE_LOOP('',(#2366,#2374,#2382,#2388));
#2366 = ORIENTED_EDGE('',*,*,#2367,.F.);
#2367 = EDGE_CURVE('',#2368,#2305,#2370,.T.);
#2368 = VERTEX_POINT('',#2369);
#2369 = CARTESIAN_POINT('',(145.,114.,12.2));
#2370 = LINE('',#2371,#2372);
#2371 = CARTESIAN_POINT('',(145.,114.,9.2));
#2372 = VECTOR('',#2373,1.);
#2373 = DIRECTION('',(0.,0.,1.));
#2374 = ORIENTED_EDGE('',*,*,#2375,.T.);
#2375 = EDGE_CURVE('',#2368,#2376,#2378,.T.);
#2376 = VERTEX_POINT('',#2377);
#2377 = CARTESIAN_POINT('',(145.,182.,12.2));
#2378 = LINE('',#2379,#2380);
#2379 = CARTESIAN_POINT('',(145.,44.,12.2));
#2380 = VECTOR('',#2381,1.);
#2381 = DIRECTION('',(-0.,1.,0.));
#2382 = ORIENTED_EDGE('',*,*,#2383,.T.);
#2383 = EDGE_CURVE('',#2376,#2313,#2384,.T.);
#2384 = LINE('',#2385,#2386);
#2385 = CARTESIAN_POINT('',(145.,182.,9.2));
#2386 = VECTOR('',#2387,1.);
#2387 = DIRECTION('',(0.,0.,1.));
#2388 = ORIENTED_EDGE('',*,*,#2312,.F.);
#2389 = PLANE('',#2390);
#2390 = AXIS2_PLACEMENT_3D('',#2391,#2392,#2393);
#2391 = CARTESIAN_POINT('',(145.,44.,9.2));
#2392 = DIRECTION('',(1.,0.,-0.));
#2393 = DIRECTION('',(0.,0.,1.));
#2394 = ADVANCED_FACE('',(#2395),#2413,.T.);
#2395 = FACE_BOUND('',#2396,.T.);
#2396 = EDGE_LOOP('',(#2397,#2405,#2411,#2412));
#2397 = ORIENTED_EDGE('',*,*,#2398,.F.);
#2398 = EDGE_CURVE('',#2399,#2297,#2401,.T.);
#2399 = VERTEX_POINT('',#2400);
#2400 = CARTESIAN_POINT('',(226.,114.,12.2));
#2401 = LINE('',#2402,#2403);
#2402 = CARTESIAN_POINT('',(226.,114.,9.2));
#2403 = VECTOR('',#2404,1.);
#2404 = DIRECTION('',(0.,0.,1.));
#2405 = ORIENTED_EDGE('',*,*,#2406,.T.);
#2406 = EDGE_CURVE('',#2399,#2368,#2407,.T.);
#2407 = LINE('',#2408,#2409);
#2408 = CARTESIAN_POINT('',(18.,114.,12.2));
#2409 = VECTOR('',#2410,1.);
#2410 = DIRECTION('',(-1.,-0.,0.));
#2411 = ORIENTED_EDGE('',*,*,#2367,.T.);
#2412 = ORIENTED_EDGE('',*,*,#2304,.T.);
#2413 = PLANE('',#2414);
#2414 = AXIS2_PLACEMENT_3D('',#2415,#2416,#2417);
#2415 = CARTESIAN_POINT('',(18.,114.,9.2));
#2416 = DIRECTION('',(-0.,1.,0.));
#2417 = DIRECTION('',(0.,0.,1.));
#2418 = ADVANCED_FACE('',(#2419),#2437,.T.);
#2419 = FACE_BOUND('',#2420,.T.);
#2420 = EDGE_LOOP('',(#2421,#2429,#2430,#2431));
#2421 = ORIENTED_EDGE('',*,*,#2422,.F.);
#2422 = EDGE_CURVE('',#2376,#2423,#2425,.T.);
#2423 = VERTEX_POINT('',#2424);
#2424 = CARTESIAN_POINT('',(226.,182.,12.2));
#2425 = LINE('',#2426,#2427);
#2426 = CARTESIAN_POINT('',(18.,182.,12.2));
#2427 = VECTOR('',#2428,1.);
#2428 = DIRECTION('',(1.,0.,-0.));
#2429 = ORIENTED_EDGE('',*,*,#2375,.F.);
#2430 = ORIENTED_EDGE('',*,*,#2406,.F.);
#2431 = ORIENTED_EDGE('',*,*,#2432,.T.);
#2432 = EDGE_CURVE('',#2399,#2423,#2433,.T.);
#2433 = LINE('',#2434,#2435);
#2434 = CARTESIAN_POINT('',(226.,44.,12.2));
#2435 = VECTOR('',#2436,1.);
#2436 = DIRECTION('',(-0.,1.,0.));
#2437 = PLANE('',#2438);
#2438 = AXIS2_PLACEMENT_3D('',#2439,#2440,#2441);
#2439 = CARTESIAN_POINT('',(18.,44.,12.2));
#2440 = DIRECTION('',(0.,0.,1.));
#2441 = DIRECTION('',(1.,0.,-0.));
#2442 = ADVANCED_FACE('',(#2443),#2468,.T.);
#2443 = FACE_BOUND('',#2444,.T.);
#2444 = EDGE_LOOP('',(#2445,#2453,#2461,#2467));
#2445 = ORIENTED_EDGE('',*,*,#2446,.F.);
#2446 = EDGE_CURVE('',#2447,#2337,#2449,.T.);
#2447 = VERTEX_POINT('',#2448);
#2448 = CARTESIAN_POINT('',(83.,114.,12.2));
#2449 = LINE('',#2450,#2451);
#2450 = CARTESIAN_POINT('',(83.,114.,9.2));
#2451 = VECTOR('',#2452,1.);
#2452 = DIRECTION('',(0.,0.,1.));
#2453 = ORIENTED_EDGE('',*,*,#2454,.T.);
#2454 = EDGE_CURVE('',#2447,#2455,#2457,.T.);
#2455 = VERTEX_POINT('',#2456);
#2456 = CARTESIAN_POINT('',(83.,182.,12.2));
#2457 = LINE('',#2458,#2459);
#2458 = CARTESIAN_POINT('',(83.,44.,12.2));
#2459 = VECTOR('',#2460,1.);
#2460 = DIRECTION('',(-0.,1.,0.));
#2461 = ORIENTED_EDGE('',*,*,#2462,.T.);
#2462 = EDGE_CURVE('',#2455,#2345,#2463,.T.);
#2463 = LINE('',#2464,#2465);
#2464 = CARTESIAN_POINT('',(83.,182.,9.2));
#2465 = VECTOR('',#2466,1.);
#2466 = DIRECTION('',(0.,0.,1.));
#2467 = ORIENTED_EDGE('',*,*,#2344,.F.);
#2468 = PLANE('',#2469);
#2469 = AXIS2_PLACEMENT_3D('',#2470,#2471,#2472);
#2470 = CARTESIAN_POINT('',(83.,44.,9.2));
#2471 = DIRECTION('',(1.,0.,-0.));
#2472 = DIRECTION('',(0.,0.,1.));
#2473 = ADVANCED_FACE('',(#2474),#2492,.T.);
#2474 = FACE_BOUND('',#2475,.T.);
#2475 = EDGE_LOOP('',(#2476,#2477,#2478,#2486));
#2476 = ORIENTED_EDGE('',*,*,#2446,.T.);
#2477 = ORIENTED_EDGE('',*,*,#2336,.T.);
#2478 = ORIENTED_EDGE('',*,*,#2479,.F.);
#2479 = EDGE_CURVE('',#2480,#2329,#2482,.T.);
#2480 = VERTEX_POINT('',#2481);
#2481 = CARTESIAN_POINT('',(143.,114.,12.2));
#2482 = LINE('',#2483,#2484);
#2483 = CARTESIAN_POINT('',(143.,114.,9.2));
#2484 = VECTOR('',#2485,1.);
#2485 = DIRECTION('',(0.,0.,1.));
#2486 = ORIENTED_EDGE('',*,*,#2487,.T.);
#2487 = EDGE_CURVE('',#2480,#2447,#2488,.T.);
#2488 = LINE('',#2489,#2490);
#2489 = CARTESIAN_POINT('',(18.,114.,12.2));
#2490 = VECTOR('',#2491,1.);
#2491 = DIRECTION('',(-1.,-0.,0.));
#2492 = PLANE('',#2493);
#2493 = AXIS2_PLACEMENT_3D('',#2494,#2495,#2496);
#2494 = CARTESIAN_POINT('',(18.,114.,9.2));
#2495 = DIRECTION('',(-0.,1.,0.));
#2496 = DIRECTION('',(0.,0.,1.));
#2497 = ADVANCED_FACE('',(#2498),#2516,.T.);
#2498 = FACE_BOUND('',#2499,.T.);
#2499 = EDGE_LOOP('',(#2500,#2508,#2509,#2510));
#2500 = ORIENTED_EDGE('',*,*,#2501,.F.);
#2501 = EDGE_CURVE('',#2455,#2502,#2504,.T.);
#2502 = VERTEX_POINT('',#2503);
#2503 = CARTESIAN_POINT('',(143.,182.,12.2));
#2504 = LINE('',#2505,#2506);
#2505 = CARTESIAN_POINT('',(18.,182.,12.2));
#2506 = VECTOR('',#2507,1.);
#2507 = DIRECTION('',(1.,0.,-0.));
#2508 = ORIENTED_EDGE('',*,*,#2454,.F.);
#2509 = ORIENTED_EDGE('',*,*,#2487,.F.);
#2510 = ORIENTED_EDGE('',*,*,#2511,.T.);
#2511 = EDGE_CURVE('',#2480,#2502,#2512,.T.);
#2512 = LINE('',#2513,#2514);
#2513 = CARTESIAN_POINT('',(143.,44.,12.2));
#2514 = VECTOR('',#2515,1.);
#2515 = DIRECTION('',(-0.,1.,0.));
#2516 = PLANE('',#2517);
#2517 = AXIS2_PLACEMENT_3D('',#2518,#2519,#2520);
#2518 = CARTESIAN_POINT('',(18.,44.,12.2));
#2519 = DIRECTION('',(0.,0.,1.));
#2520 = DIRECTION('',(1.,0.,-0.));
#2521 = ADVANCED_FACE('',(#2522),#2533,.F.);
#2522 = FACE_BOUND('',#2523,.F.);
#2523 = EDGE_LOOP('',(#2524,#2525,#2526,#2532));
#2524 = ORIENTED_EDGE('',*,*,#2479,.F.);
#2525 = ORIENTED_EDGE('',*,*,#2511,.T.);
#2526 = ORIENTED_EDGE('',*,*,#2527,.T.);
#2527 = EDGE_CURVE('',#2502,#2321,#2528,.T.);
#2528 = LINE('',#2529,#2530);
#2529 = CARTESIAN_POINT('',(143.,182.,9.2));
#2530 = VECTOR('',#2531,1.);
#2531 = DIRECTION('',(0.,0.,1.));
#2532 = ORIENTED_EDGE('',*,*,#2328,.F.);
#2533 = PLANE('',#2534);
#2534 = AXIS2_PLACEMENT_3D('',#2535,#2536,#2537);
#2535 = CARTESIAN_POINT('',(143.,44.,9.2));
#2536 = DIRECTION('',(1.,0.,-0.));
#2537 = DIRECTION('',(0.,0.,1.));
#2538 = ADVANCED_FACE('',(#2539),#2558,.T.);
#2539 = FACE_BOUND('',#2540,.T.);
#2540 = EDGE_LOOP('',(#2541,#2542,#2543,#2544,#2545,#2546,#2547,#2548,
    #2549,#2550,#2551,#2552));
#2541 = ORIENTED_EDGE('',*,*,#2006,.F.);
#2542 = ORIENTED_EDGE('',*,*,#1896,.T.);
#2543 = ORIENTED_EDGE('',*,*,#1957,.T.);
#2544 = ORIENTED_EDGE('',*,*,#1983,.T.);
#2545 = ORIENTED_EDGE('',*,*,#2352,.T.);
#2546 = ORIENTED_EDGE('',*,*,#2462,.F.);
#2547 = ORIENTED_EDGE('',*,*,#2501,.T.);
#2548 = ORIENTED_EDGE('',*,*,#2527,.T.);
#2549 = ORIENTED_EDGE('',*,*,#2320,.T.);
#2550 = ORIENTED_EDGE('',*,*,#2383,.F.);
#2551 = ORIENTED_EDGE('',*,*,#2422,.T.);
#2552 = ORIENTED_EDGE('',*,*,#2553,.F.);
#2553 = EDGE_CURVE('',#2007,#2423,#2554,.T.);
#2554 = LINE('',#2555,#2556);
#2555 = CARTESIAN_POINT('',(226.,182.,9.2));
#2556 = VECTOR('',#2557,1.);
#2557 = DIRECTION('',(0.,0.,1.));
#2558 = PLANE('',#2559);
#2559 = AXIS2_PLACEMENT_3D('',#2560,#2561,#2562);
#2560 = CARTESIAN_POINT('',(121.59276018099,182.,10.926244343891));
#2561 = DIRECTION('',(0.,1.,0.));
#2562 = DIRECTION('',(0.,-0.,1.));
#2563 = ADVANCED_FACE('',(#2564),#2574,.T.);
#2564 = FACE_BOUND('',#2565,.T.);
#2565 = EDGE_LOOP('',(#2566,#2567,#2568,#2569,#2570,#2571,#2572,#2573));
#2566 = ORIENTED_EDGE('',*,*,#2127,.F.);
#2567 = ORIENTED_EDGE('',*,*,#2037,.F.);
#2568 = ORIENTED_EDGE('',*,*,#2014,.T.);
#2569 = ORIENTED_EDGE('',*,*,#2553,.T.);
#2570 = ORIENTED_EDGE('',*,*,#2432,.F.);
#2571 = ORIENTED_EDGE('',*,*,#2398,.T.);
#2572 = ORIENTED_EDGE('',*,*,#2296,.F.);
#2573 = ORIENTED_EDGE('',*,*,#2165,.F.);
#2574 = PLANE('',#2575);
#2575 = AXIS2_PLACEMENT_3D('',#2576,#2577,#2578);
#2576 = CARTESIAN_POINT('',(226.,113.,10.871232876712));
#2577 = DIRECTION('',(1.,0.,0.));
#2578 = DIRECTION('',(-0.,0.,1.));
#2579 = ( GEOMETRIC_REPRESENTATION_CONTEXT(3) 
GLOBAL_UNCERTAINTY_ASSIGNED_CONTEXT((#2583)) 
GLOBAL_UNIT_ASSIGNED_CONTEXT((#2580,#2581,#2582)) REPRESENTATION_CONTEXT
('Context #1','3D Context with UNIT and UNCERTAINTY') );
#2580 = ( LENGTH_UNIT() NAMED_UNIT(*) SI_UNIT(.MILLI.,.METRE.) );
#2581 = ( NAMED_UNIT(*) PLANE_ANGLE_UNIT() SI_UNIT($,.RADIAN.) );
#2582 = ( NAMED_UNIT(*) SI_UNIT($,.STERADIAN.) SOLID_ANGLE_UNIT() );
#2583 = UNCERTAINTY_MEASURE_WITH_UNIT(LENGTH_MEASURE(1.E-07),#2580,
  'distance_accuracy_value','confusion accuracy');
#2584 = CONTEXT_DEPENDENT_SHAPE_REPRESENTATION(#2585,#2587);
#2585 = ( REPRESENTATION_RELATIONSHIP('','',#1768,#10) 
REPRESENTATION_RELATIONSHIP_WITH_TRANSFORMATION(#2586) 
SHAPE_REPRESENTATION_RELATIONSHIP() );
#2586 = ITEM_DEFINED_TRANSFORMATION('','',#11,#35);
#2587 = PRODUCT_DEFINITION_SHAPE('Placement','Placement of an item',
  #2588);
#2588 = NEXT_ASSEMBLY_USAGE_OCCURRENCE('6','inner_liner','',#5,#1763,$);
#2589 = PRODUCT_RELATED_PRODUCT_CATEGORY('part',$,(#1765));
#2590 = SHAPE_DEFINITION_REPRESENTATION(#2591,#2597);
#2591 = PRODUCT_DEFINITION_SHAPE('','',#2592);
#2592 = PRODUCT_DEFINITION('design','',#2593,#2596);
#2593 = PRODUCT_DEFINITION_FORMATION('','',#2594);
#2594 = PRODUCT('moon_disc','moon_disc','',(#2595));
#2595 = PRODUCT_CONTEXT('',#2,'mechanical');
#2596 = PRODUCT_DEFINITION_CONTEXT('part definition',#2,'design');
#2597 = ADVANCED_BREP_SHAPE_REPRESENTATION('',(#11,#2598),#2690);
#2598 = MANIFOLD_SOLID_BREP('',#2599);
#2599 = CLOSED_SHELL('',(#2600,#2633,#2653,#2673));
#2600 = ADVANCED_FACE('',(#2601),#2628,.T.);
#2601 = FACE_BOUND('',#2602,.T.);
#2602 = EDGE_LOOP('',(#2603,#2612,#2620,#2627));
#2603 = ORIENTED_EDGE('',*,*,#2604,.F.);
#2604 = EDGE_CURVE('',#2605,#2605,#2607,.T.);
#2605 = VERTEX_POINT('',#2606);
#2606 = CARTESIAN_POINT('',(199.,115.,75.));
#2607 = CIRCLE('',#2608,54.);
#2608 = AXIS2_PLACEMENT_3D('',#2609,#2610,#2611);
#2609 = CARTESIAN_POINT('',(145.,115.,75.));
#2610 = DIRECTION('',(0.,0.,1.));
#2611 = DIRECTION('',(1.,0.,-0.));
#2612 = ORIENTED_EDGE('',*,*,#2613,.F.);
#2613 = EDGE_CURVE('',#2614,#2605,#2616,.T.);
#2614 = VERTEX_POINT('',#2615);
#2615 = CARTESIAN_POINT('',(199.,115.,73.));
#2616 = LINE('',#2617,#2618);
#2617 = CARTESIAN_POINT('',(199.,115.,73.));
#2618 = VECTOR('',#2619,1.);
#2619 = DIRECTION('',(0.,0.,1.));
#2620 = ORIENTED_EDGE('',*,*,#2621,.T.);
#2621 = EDGE_CURVE('',#2614,#2614,#2622,.T.);
#2622 = CIRCLE('',#2623,54.);
#2623 = AXIS2_PLACEMENT_3D('',#2624,#2625,#2626);
#2624 = CARTESIAN_POINT('',(145.,115.,73.));
#2625 = DIRECTION('',(0.,0.,1.));
#2626 = DIRECTION('',(1.,0.,-0.));
#2627 = ORIENTED_EDGE('',*,*,#2613,.T.);
#2628 = CYLINDRICAL_SURFACE('',#2629,54.);
#2629 = AXIS2_PLACEMENT_3D('',#2630,#2631,#2632);
#2630 = CARTESIAN_POINT('',(145.,115.,73.));
#2631 = DIRECTION('',(0.,0.,1.));
#2632 = DIRECTION('',(1.,0.,-0.));
#2633 = ADVANCED_FACE('',(#2634,#2637),#2648,.T.);
#2634 = FACE_BOUND('',#2635,.T.);
#2635 = EDGE_LOOP('',(#2636));
#2636 = ORIENTED_EDGE('',*,*,#2604,.T.);
#2637 = FACE_BOUND('',#2638,.T.);
#2638 = EDGE_LOOP('',(#2639));
#2639 = ORIENTED_EDGE('',*,*,#2640,.F.);
#2640 = EDGE_CURVE('',#2641,#2641,#2643,.T.);
#2641 = VERTEX_POINT('',#2642);
#2642 = CARTESIAN_POINT('',(192.,115.,75.));
#2643 = CIRCLE('',#2644,47.);
#2644 = AXIS2_PLACEMENT_3D('',#2645,#2646,#2647);
#2645 = CARTESIAN_POINT('',(145.,115.,75.));
#2646 = DIRECTION('',(0.,0.,1.));
#2647 = DIRECTION('',(1.,0.,-0.));
#2648 = PLANE('',#2649);
#2649 = AXIS2_PLACEMENT_3D('',#2650,#2651,#2652);
#2650 = CARTESIAN_POINT('',(145.,115.,75.));
#2651 = DIRECTION('',(0.,0.,1.));
#2652 = DIRECTION('',(1.,0.,-0.));
#2653 = ADVANCED_FACE('',(#2654,#2657),#2668,.F.);
#2654 = FACE_BOUND('',#2655,.F.);
#2655 = EDGE_LOOP('',(#2656));
#2656 = ORIENTED_EDGE('',*,*,#2621,.T.);
#2657 = FACE_BOUND('',#2658,.F.);
#2658 = EDGE_LOOP('',(#2659));
#2659 = ORIENTED_EDGE('',*,*,#2660,.F.);
#2660 = EDGE_CURVE('',#2661,#2661,#2663,.T.);
#2661 = VERTEX_POINT('',#2662);
#2662 = CARTESIAN_POINT('',(192.,115.,73.));
#2663 = CIRCLE('',#2664,47.);
#2664 = AXIS2_PLACEMENT_3D('',#2665,#2666,#2667);
#2665 = CARTESIAN_POINT('',(145.,115.,73.));
#2666 = DIRECTION('',(0.,0.,1.));
#2667 = DIRECTION('',(1.,0.,-0.));
#2668 = PLANE('',#2669);
#2669 = AXIS2_PLACEMENT_3D('',#2670,#2671,#2672);
#2670 = CARTESIAN_POINT('',(145.,115.,73.));
#2671 = DIRECTION('',(0.,0.,1.));
#2672 = DIRECTION('',(1.,0.,-0.));
#2673 = ADVANCED_FACE('',(#2674),#2685,.F.);
#2674 = FACE_BOUND('',#2675,.F.);
#2675 = EDGE_LOOP('',(#2676,#2677,#2683,#2684));
#2676 = ORIENTED_EDGE('',*,*,#2640,.F.);
#2677 = ORIENTED_EDGE('',*,*,#2678,.F.);
#2678 = EDGE_CURVE('',#2661,#2641,#2679,.T.);
#2679 = LINE('',#2680,#2681);
#2680 = CARTESIAN_POINT('',(192.,115.,73.));
#2681 = VECTOR('',#2682,1.);
#2682 = DIRECTION('',(0.,0.,1.));
#2683 = ORIENTED_EDGE('',*,*,#2660,.T.);
#2684 = ORIENTED_EDGE('',*,*,#2678,.T.);
#2685 = CYLINDRICAL_SURFACE('',#2686,47.);
#2686 = AXIS2_PLACEMENT_3D('',#2687,#2688,#2689);
#2687 = CARTESIAN_POINT('',(145.,115.,73.));
#2688 = DIRECTION('',(0.,0.,1.));
#2689 = DIRECTION('',(1.,0.,-0.));
#2690 = ( GEOMETRIC_REPRESENTATION_CONTEXT(3) 
GLOBAL_UNCERTAINTY_ASSIGNED_CONTEXT((#2694)) 
GLOBAL_UNIT_ASSIGNED_CONTEXT((#2691,#2692,#2693)) REPRESENTATION_CONTEXT
('Context #1','3D Context with UNIT and UNCERTAINTY') );
#2691 = ( LENGTH_UNIT() NAMED_UNIT(*) SI_UNIT(.MILLI.,.METRE.) );
#2692 = ( NAMED_UNIT(*) PLANE_ANGLE_UNIT() SI_UNIT($,.RADIAN.) );
#2693 = ( NAMED_UNIT(*) SI_UNIT($,.STERADIAN.) SOLID_ANGLE_UNIT() );
#2694 = UNCERTAINTY_MEASURE_WITH_UNIT(LENGTH_MEASURE(1.E-07),#2691,
  'distance_accuracy_value','confusion accuracy');
#2695 = CONTEXT_DEPENDENT_SHAPE_REPRESENTATION(#2696,#2698);
#2696 = ( REPRESENTATION_RELATIONSHIP('','',#2597,#10) 
REPRESENTATION_RELATIONSHIP_WITH_TRANSFORMATION(#2697) 
SHAPE_REPRESENTATION_RELATIONSHIP() );
#2697 = ITEM_DEFINED_TRANSFORMATION('','',#11,#39);
#2698 = PRODUCT_DEFINITION_SHAPE('Placement','Placement of an item',
  #2699);
#2699 = NEXT_ASSEMBLY_USAGE_OCCURRENCE('7','moon_disc','',#5,#2592,$);
#2700 = PRODUCT_RELATED_PRODUCT_CATEGORY('part',$,(#2594));
#2701 = SHAPE_DEFINITION_REPRESENTATION(#2702,#2708);
#2702 = PRODUCT_DEFINITION_SHAPE('','',#2703);
#2703 = PRODUCT_DEFINITION('design','',#2704,#2707);
#2704 = PRODUCT_DEFINITION_FORMATION('','',#2705);
#2705 = PRODUCT('sku_proxy_01','sku_proxy_01','',(#2706));
#2706 = PRODUCT_CONTEXT('',#2,'mechanical');
#2707 = PRODUCT_DEFINITION_CONTEXT('part definition',#2,'design');
#2708 = ADVANCED_BREP_SHAPE_REPRESENTATION('',(#11,#2709),#2991);
#2709 = MANIFOLD_SOLID_BREP('',#2710);
#2710 = CLOSED_SHELL('',(#2711,#2751,#2782,#2838,#2862,#2879,#2910,#2934
    ,#2958,#2975));
#2711 = ADVANCED_FACE('',(#2712),#2746,.F.);
#2712 = FACE_BOUND('',#2713,.F.);
#2713 = EDGE_LOOP('',(#2714,#2724,#2732,#2740));
#2714 = ORIENTED_EDGE('',*,*,#2715,.F.);
#2715 = EDGE_CURVE('',#2716,#2718,#2720,.T.);
#2716 = VERTEX_POINT('',#2717);
#2717 = CARTESIAN_POINT('',(20.,48.,13.));
#2718 = VERTEX_POINT('',#2719);
#2719 = CARTESIAN_POINT('',(20.,48.,48.));
#2720 = LINE('',#2721,#2722);
#2721 = CARTESIAN_POINT('',(20.,48.,13.));
#2722 = VECTOR('',#2723,1.);
#2723 = DIRECTION('',(0.,0.,1.));
#2724 = ORIENTED_EDGE('',*,*,#2725,.T.);
#2725 = EDGE_CURVE('',#2716,#2726,#2728,.T.);
#2726 = VERTEX_POINT('',#2727);
#2727 = CARTESIAN_POINT('',(20.,108.,13.));
#2728 = LINE('',#2729,#2730);
#2729 = CARTESIAN_POINT('',(20.,48.,13.));
#2730 = VECTOR('',#2731,1.);
#2731 = DIRECTION('',(-0.,1.,0.));
#2732 = ORIENTED_EDGE('',*,*,#2733,.T.);
#2733 = EDGE_CURVE('',#2726,#2734,#2736,.T.);
#2734 = VERTEX_POINT('',#2735);
#2735 = CARTESIAN_POINT('',(20.,108.,48.));
#2736 = LINE('',#2737,#2738);
#2737 = CARTESIAN_POINT('',(20.,108.,13.));
#2738 = VECTOR('',#2739,1.);
#2739 = DIRECTION('',(0.,0.,1.));
#2740 = ORIENTED_EDGE('',*,*,#2741,.F.);
#2741 = EDGE_CURVE('',#2718,#2734,#2742,.T.);
#2742 = LINE('',#2743,#2744);
#2743 = CARTESIAN_POINT('',(20.,48.,48.));
#2744 = VECTOR('',#2745,1.);
#2745 = DIRECTION('',(-0.,1.,0.));
#2746 = PLANE('',#2747);
#2747 = AXIS2_PLACEMENT_3D('',#2748,#2749,#2750);
#2748 = CARTESIAN_POINT('',(20.,48.,13.));
#2749 = DIRECTION('',(1.,0.,-0.));
#2750 = DIRECTION('',(0.,0.,1.));
#2751 = ADVANCED_FACE('',(#2752),#2777,.F.);
#2752 = FACE_BOUND('',#2753,.F.);
#2753 = EDGE_LOOP('',(#2754,#2762,#2763,#2771));
#2754 = ORIENTED_EDGE('',*,*,#2755,.F.);
#2755 = EDGE_CURVE('',#2716,#2756,#2758,.T.);
#2756 = VERTEX_POINT('',#2757);
#2757 = CARTESIAN_POINT('',(80.,48.,13.));
#2758 = LINE('',#2759,#2760);
#2759 = CARTESIAN_POINT('',(20.,48.,13.));
#2760 = VECTOR('',#2761,1.);
#2761 = DIRECTION('',(1.,0.,-0.));
#2762 = ORIENTED_EDGE('',*,*,#2715,.T.);
#2763 = ORIENTED_EDGE('',*,*,#2764,.T.);
#2764 = EDGE_CURVE('',#2718,#2765,#2767,.T.);
#2765 = VERTEX_POINT('',#2766);
#2766 = CARTESIAN_POINT('',(80.,48.,48.));
#2767 = LINE('',#2768,#2769);
#2768 = CARTESIAN_POINT('',(20.,48.,48.));
#2769 = VECTOR('',#2770,1.);
#2770 = DIRECTION('',(1.,0.,-0.));
#2771 = ORIENTED_EDGE('',*,*,#2772,.F.);
#2772 = EDGE_CURVE('',#2756,#2765,#2773,.T.);
#2773 = LINE('',#2774,#2775);
#2774 = CARTESIAN_POINT('',(80.,48.,13.));
#2775 = VECTOR('',#2776,1.);
#2776 = DIRECTION('',(0.,0.,1.));
#2777 = PLANE('',#2778);
#2778 = AXIS2_PLACEMENT_3D('',#2779,#2780,#2781);
#2779 = CARTESIAN_POINT('',(20.,48.,13.));
#2780 = DIRECTION('',(-0.,1.,0.));
#2781 = DIRECTION('',(0.,0.,1.));
#2782 = ADVANCED_FACE('',(#2783),#2833,.T.);
#2783 = FACE_BOUND('',#2784,.T.);
#2784 = EDGE_LOOP('',(#2785,#2793,#2794,#2795,#2803,#2811,#2819,#2827));
#2785 = ORIENTED_EDGE('',*,*,#2786,.F.);
#2786 = EDGE_CURVE('',#2734,#2787,#2789,.T.);
#2787 = VERTEX_POINT('',#2788);
#2788 = CARTESIAN_POINT('',(24.,108.,48.));
#2789 = LINE('',#2790,#2791);
#2790 = CARTESIAN_POINT('',(20.,108.,48.));
#2791 = VECTOR('',#2792,1.);
#2792 = DIRECTION('',(1.,0.,-0.));
#2793 = ORIENTED_EDGE('',*,*,#2741,.F.);
#2794 = ORIENTED_EDGE('',*,*,#2764,.T.);
#2795 = ORIENTED_EDGE('',*,*,#2796,.T.);
#2796 = EDGE_CURVE('',#2765,#2797,#2799,.T.);
#2797 = VERTEX_POINT('',#2798);
#2798 = CARTESIAN_POINT('',(80.,108.,48.));
#2799 = LINE('',#2800,#2801);
#2800 = CARTESIAN_POINT('',(80.,48.,48.));
#2801 = VECTOR('',#2802,1.);
#2802 = DIRECTION('',(-0.,1.,0.));
#2803 = ORIENTED_EDGE('',*,*,#2804,.F.);
#2804 = EDGE_CURVE('',#2805,#2797,#2807,.T.);
#2805 = VERTEX_POINT('',#2806);
#2806 = CARTESIAN_POINT('',(76.,108.,48.));
#2807 = LINE('',#2808,#2809);
#2808 = CARTESIAN_POINT('',(20.,108.,48.));
#2809 = VECTOR('',#2810,1.);
#2810 = DIRECTION('',(1.,0.,-0.));
#2811 = ORIENTED_EDGE('',*,*,#2812,.F.);
#2812 = EDGE_CURVE('',#2813,#2805,#2815,.T.);
#2813 = VERTEX_POINT('',#2814);
#2814 = CARTESIAN_POINT('',(76.,106.8,48.));
#2815 = LINE('',#2816,#2817);
#2816 = CARTESIAN_POINT('',(76.,106.8,48.));
#2817 = VECTOR('',#2818,1.);
#2818 = DIRECTION('',(-0.,1.,0.));
#2819 = ORIENTED_EDGE('',*,*,#2820,.F.);
#2820 = EDGE_CURVE('',#2821,#2813,#2823,.T.);
#2821 = VERTEX_POINT('',#2822);
#2822 = CARTESIAN_POINT('',(24.,106.8,48.));
#2823 = LINE('',#2824,#2825);
#2824 = CARTESIAN_POINT('',(24.,106.8,48.));
#2825 = VECTOR('',#2826,1.);
#2826 = DIRECTION('',(1.,0.,-0.));
#2827 = ORIENTED_EDGE('',*,*,#2828,.T.);
#2828 = EDGE_CURVE('',#2821,#2787,#2829,.T.);
#2829 = LINE('',#2830,#2831);
#2830 = CARTESIAN_POINT('',(24.,106.8,48.));
#2831 = VECTOR('',#2832,1.);
#2832 = DIRECTION('',(-0.,1.,0.));
#2833 = PLANE('',#2834);
#2834 = AXIS2_PLACEMENT_3D('',#2835,#2836,#2837);
#2835 = CARTESIAN_POINT('',(20.,48.,48.));
#2836 = DIRECTION('',(0.,0.,1.));
#2837 = DIRECTION('',(1.,0.,-0.));
#2838 = ADVANCED_FACE('',(#2839),#2857,.F.);
#2839 = FACE_BOUND('',#2840,.F.);
#2840 = EDGE_LOOP('',(#2841,#2842,#2843,#2851));
#2841 = ORIENTED_EDGE('',*,*,#2725,.F.);
#2842 = ORIENTED_EDGE('',*,*,#2755,.T.);
#2843 = ORIENTED_EDGE('',*,*,#2844,.T.);
#2844 = EDGE_CURVE('',#2756,#2845,#2847,.T.);
#2845 = VERTEX_POINT('',#2846);
#2846 = CARTESIAN_POINT('',(80.,108.,13.));
#2847 = LINE('',#2848,#2849);
#2848 = CARTESIAN_POINT('',(80.,48.,13.));
#2849 = VECTOR('',#2850,1.);
#2850 = DIRECTION('',(-0.,1.,0.));
#2851 = ORIENTED_EDGE('',*,*,#2852,.F.);
#2852 = EDGE_CURVE('',#2726,#2845,#2853,.T.);
#2853 = LINE('',#2854,#2855);
#2854 = CARTESIAN_POINT('',(20.,108.,13.));
#2855 = VECTOR('',#2856,1.);
#2856 = DIRECTION('',(1.,0.,-0.));
#2857 = PLANE('',#2858);
#2858 = AXIS2_PLACEMENT_3D('',#2859,#2860,#2861);
#2859 = CARTESIAN_POINT('',(20.,48.,13.));
#2860 = DIRECTION('',(0.,0.,1.));
#2861 = DIRECTION('',(1.,0.,-0.));
#2862 = ADVANCED_FACE('',(#2863),#2874,.T.);
#2863 = FACE_BOUND('',#2864,.T.);
#2864 = EDGE_LOOP('',(#2865,#2866,#2867,#2873));
#2865 = ORIENTED_EDGE('',*,*,#2772,.F.);
#2866 = ORIENTED_EDGE('',*,*,#2844,.T.);
#2867 = ORIENTED_EDGE('',*,*,#2868,.T.);
#2868 = EDGE_CURVE('',#2845,#2797,#2869,.T.);
#2869 = LINE('',#2870,#2871);
#2870 = CARTESIAN_POINT('',(80.,108.,13.));
#2871 = VECTOR('',#2872,1.);
#2872 = DIRECTION('',(0.,0.,1.));
#2873 = ORIENTED_EDGE('',*,*,#2796,.F.);
#2874 = PLANE('',#2875);
#2875 = AXIS2_PLACEMENT_3D('',#2876,#2877,#2878);
#2876 = CARTESIAN_POINT('',(80.,48.,13.));
#2877 = DIRECTION('',(1.,0.,-0.));
#2878 = DIRECTION('',(0.,0.,1.));
#2879 = ADVANCED_FACE('',(#2880),#2905,.F.);
#2880 = FACE_BOUND('',#2881,.F.);
#2881 = EDGE_LOOP('',(#2882,#2890,#2891,#2899));
#2882 = ORIENTED_EDGE('',*,*,#2883,.F.);
#2883 = EDGE_CURVE('',#2821,#2884,#2886,.T.);
#2884 = VERTEX_POINT('',#2885);
#2885 = CARTESIAN_POINT('',(24.,106.8,48.8));
#2886 = LINE('',#2887,#2888);
#2887 = CARTESIAN_POINT('',(24.,106.8,48.));
#2888 = VECTOR('',#2889,1.);
#2889 = DIRECTION('',(0.,0.,1.));
#2890 = ORIENTED_EDGE('',*,*,#2828,.T.);
#2891 = ORIENTED_EDGE('',*,*,#2892,.T.);
#2892 = EDGE_CURVE('',#2787,#2893,#2895,.T.);
#2893 = VERTEX_POINT('',#2894);
#2894 = CARTESIAN_POINT('',(24.,108.,48.8));
#2895 = LINE('',#2896,#2897);
#2896 = CARTESIAN_POINT('',(24.,108.,48.));
#2897 = VECTOR('',#2898,1.);
#2898 = DIRECTION('',(0.,0.,1.));
#2899 = ORIENTED_EDGE('',*,*,#2900,.F.);
#2900 = EDGE_CURVE('',#2884,#2893,#2901,.T.);
#2901 = LINE('',#2902,#2903);
#2902 = CARTESIAN_POINT('',(24.,106.8,48.8));
#2903 = VECTOR('',#2904,1.);
#2904 = DIRECTION('',(-0.,1.,0.));
#2905 = PLANE('',#2906);
#2906 = AXIS2_PLACEMENT_3D('',#2907,#2908,#2909);
#2907 = CARTESIAN_POINT('',(24.,106.8,48.));
#2908 = DIRECTION('',(1.,0.,-0.));
#2909 = DIRECTION('',(0.,0.,1.));
#2910 = ADVANCED_FACE('',(#2911),#2929,.F.);
#2911 = FACE_BOUND('',#2912,.F.);
#2912 = EDGE_LOOP('',(#2913,#2914,#2915,#2923));
#2913 = ORIENTED_EDGE('',*,*,#2820,.F.);
#2914 = ORIENTED_EDGE('',*,*,#2883,.T.);
#2915 = ORIENTED_EDGE('',*,*,#2916,.T.);
#2916 = EDGE_CURVE('',#2884,#2917,#2919,.T.);
#2917 = VERTEX_POINT('',#2918);
#2918 = CARTESIAN_POINT('',(76.,106.8,48.8));
#2919 = LINE('',#2920,#2921);
#2920 = CARTESIAN_POINT('',(24.,106.8,48.8));
#2921 = VECTOR('',#2922,1.);
#2922 = DIRECTION('',(1.,0.,-0.));
#2923 = ORIENTED_EDGE('',*,*,#2924,.F.);
#2924 = EDGE_CURVE('',#2813,#2917,#2925,.T.);
#2925 = LINE('',#2926,#2927);
#2926 = CARTESIAN_POINT('',(76.,106.8,48.));
#2927 = VECTOR('',#2928,1.);
#2928 = DIRECTION('',(0.,0.,1.));
#2929 = PLANE('',#2930);
#2930 = AXIS2_PLACEMENT_3D('',#2931,#2932,#2933);
#2931 = CARTESIAN_POINT('',(24.,106.8,48.));
#2932 = DIRECTION('',(-0.,1.,0.));
#2933 = DIRECTION('',(0.,0.,1.));
#2934 = ADVANCED_FACE('',(#2935),#2953,.T.);
#2935 = FACE_BOUND('',#2936,.T.);
#2936 = EDGE_LOOP('',(#2937,#2938,#2939,#2947));
#2937 = ORIENTED_EDGE('',*,*,#2924,.F.);
#2938 = ORIENTED_EDGE('',*,*,#2812,.T.);
#2939 = ORIENTED_EDGE('',*,*,#2940,.T.);
#2940 = EDGE_CURVE('',#2805,#2941,#2943,.T.);
#2941 = VERTEX_POINT('',#2942);
#2942 = CARTESIAN_POINT('',(76.,108.,48.8));
#2943 = LINE('',#2944,#2945);
#2944 = CARTESIAN_POINT('',(76.,108.,48.));
#2945 = VECTOR('',#2946,1.);
#2946 = DIRECTION('',(0.,0.,1.));
#2947 = ORIENTED_EDGE('',*,*,#2948,.F.);
#2948 = EDGE_CURVE('',#2917,#2941,#2949,.T.);
#2949 = LINE('',#2950,#2951);
#2950 = CARTESIAN_POINT('',(76.,106.8,48.8));
#2951 = VECTOR('',#2952,1.);
#2952 = DIRECTION('',(-0.,1.,0.));
#2953 = PLANE('',#2954);
#2954 = AXIS2_PLACEMENT_3D('',#2955,#2956,#2957);
#2955 = CARTESIAN_POINT('',(76.,106.8,48.));
#2956 = DIRECTION('',(1.,0.,-0.));
#2957 = DIRECTION('',(0.,0.,1.));
#2958 = ADVANCED_FACE('',(#2959),#2970,.T.);
#2959 = FACE_BOUND('',#2960,.T.);
#2960 = EDGE_LOOP('',(#2961,#2962,#2963,#2964));
#2961 = ORIENTED_EDGE('',*,*,#2900,.F.);
#2962 = ORIENTED_EDGE('',*,*,#2916,.T.);
#2963 = ORIENTED_EDGE('',*,*,#2948,.T.);
#2964 = ORIENTED_EDGE('',*,*,#2965,.F.);
#2965 = EDGE_CURVE('',#2893,#2941,#2966,.T.);
#2966 = LINE('',#2967,#2968);
#2967 = CARTESIAN_POINT('',(24.,108.,48.8));
#2968 = VECTOR('',#2969,1.);
#2969 = DIRECTION('',(1.,0.,-0.));
#2970 = PLANE('',#2971);
#2971 = AXIS2_PLACEMENT_3D('',#2972,#2973,#2974);
#2972 = CARTESIAN_POINT('',(24.,106.8,48.8));
#2973 = DIRECTION('',(0.,0.,1.));
#2974 = DIRECTION('',(1.,0.,-0.));
#2975 = ADVANCED_FACE('',(#2976),#2986,.T.);
#2976 = FACE_BOUND('',#2977,.T.);
#2977 = EDGE_LOOP('',(#2978,#2979,#2980,#2981,#2982,#2983,#2984,#2985));
#2978 = ORIENTED_EDGE('',*,*,#2852,.F.);
#2979 = ORIENTED_EDGE('',*,*,#2733,.T.);
#2980 = ORIENTED_EDGE('',*,*,#2786,.T.);
#2981 = ORIENTED_EDGE('',*,*,#2892,.T.);
#2982 = ORIENTED_EDGE('',*,*,#2965,.T.);
#2983 = ORIENTED_EDGE('',*,*,#2940,.F.);
#2984 = ORIENTED_EDGE('',*,*,#2804,.T.);
#2985 = ORIENTED_EDGE('',*,*,#2868,.F.);
#2986 = PLANE('',#2987);
#2987 = AXIS2_PLACEMENT_3D('',#2988,#2989,#2990);
#2988 = CARTESIAN_POINT('',(50.,108.,30.866597077244));
#2989 = DIRECTION('',(0.,1.,0.));
#2990 = DIRECTION('',(0.,-0.,1.));
#2991 = ( GEOMETRIC_REPRESENTATION_CONTEXT(3) 
GLOBAL_UNCERTAINTY_ASSIGNED_CONTEXT((#2995)) 
GLOBAL_UNIT_ASSIGNED_CONTEXT((#2992,#2993,#2994)) REPRESENTATION_CONTEXT
('Context #1','3D Context with UNIT and UNCERTAINTY') );
#2992 = ( LENGTH_UNIT() NAMED_UNIT(*) SI_UNIT(.MILLI.,.METRE.) );
#2993 = ( NAMED_UNIT(*) PLANE_ANGLE_UNIT() SI_UNIT($,.RADIAN.) );
#2994 = ( NAMED_UNIT(*) SI_UNIT($,.STERADIAN.) SOLID_ANGLE_UNIT() );
#2995 = UNCERTAINTY_MEASURE_WITH_UNIT(LENGTH_MEASURE(1.E-07),#2992,
  'distance_accuracy_value','confusion accuracy');
#2996 = CONTEXT_DEPENDENT_SHAPE_REPRESENTATION(#2997,#2999);
#2997 = ( REPRESENTATION_RELATIONSHIP('','',#2708,#10) 
REPRESENTATION_RELATIONSHIP_WITH_TRANSFORMATION(#2998) 
SHAPE_REPRESENTATION_RELATIONSHIP() );
#2998 = ITEM_DEFINED_TRANSFORMATION('','',#11,#43);
#2999 = PRODUCT_DEFINITION_SHAPE('Placement','Placement of an item',
  #3000);
#3000 = NEXT_ASSEMBLY_USAGE_OCCURRENCE('8','sku_proxy_01','',#5,#2703,$
  );
#3001 = PRODUCT_RELATED_PRODUCT_CATEGORY('part',$,(#2705));
#3002 = SHAPE_DEFINITION_REPRESENTATION(#3003,#3009);
#3003 = PRODUCT_DEFINITION_SHAPE('','',#3004);
#3004 = PRODUCT_DEFINITION('design','',#3005,#3008);
#3005 = PRODUCT_DEFINITION_FORMATION('','',#3006);
#3006 = PRODUCT('sku_proxy_02','sku_proxy_02','',(#3007));
#3007 = PRODUCT_CONTEXT('',#2,'mechanical');
#3008 = PRODUCT_DEFINITION_CONTEXT('part definition',#2,'design');
#3009 = ADVANCED_BREP_SHAPE_REPRESENTATION('',(#11,#3010),#3292);
#3010 = MANIFOLD_SOLID_BREP('',#3011);
#3011 = CLOSED_SHELL('',(#3012,#3052,#3083,#3139,#3163,#3180,#3211,#3235
    ,#3259,#3276));
#3012 = ADVANCED_FACE('',(#3013),#3047,.F.);
#3013 = FACE_BOUND('',#3014,.F.);
#3014 = EDGE_LOOP('',(#3015,#3025,#3033,#3041));
#3015 = ORIENTED_EDGE('',*,*,#3016,.F.);
#3016 = EDGE_CURVE('',#3017,#3019,#3021,.T.);
#3017 = VERTEX_POINT('',#3018);
#3018 = CARTESIAN_POINT('',(83.,48.,13.));
#3019 = VERTEX_POINT('',#3020);
#3020 = CARTESIAN_POINT('',(83.,48.,48.));
#3021 = LINE('',#3022,#3023);
#3022 = CARTESIAN_POINT('',(83.,48.,13.));
#3023 = VECTOR('',#3024,1.);
#3024 = DIRECTION('',(0.,0.,1.));
#3025 = ORIENTED_EDGE('',*,*,#3026,.T.);
#3026 = EDGE_CURVE('',#3017,#3027,#3029,.T.);
#3027 = VERTEX_POINT('',#3028);
#3028 = CARTESIAN_POINT('',(83.,108.,13.));
#3029 = LINE('',#3030,#3031);
#3030 = CARTESIAN_POINT('',(83.,48.,13.));
#3031 = VECTOR('',#3032,1.);
#3032 = DIRECTION('',(-0.,1.,0.));
#3033 = ORIENTED_EDGE('',*,*,#3034,.T.);
#3034 = EDGE_CURVE('',#3027,#3035,#3037,.T.);
#3035 = VERTEX_POINT('',#3036);
#3036 = CARTESIAN_POINT('',(83.,108.,48.));
#3037 = LINE('',#3038,#3039);
#3038 = CARTESIAN_POINT('',(83.,108.,13.));
#3039 = VECTOR('',#3040,1.);
#3040 = DIRECTION('',(0.,0.,1.));
#3041 = ORIENTED_EDGE('',*,*,#3042,.F.);
#3042 = EDGE_CURVE('',#3019,#3035,#3043,.T.);
#3043 = LINE('',#3044,#3045);
#3044 = CARTESIAN_POINT('',(83.,48.,48.));
#3045 = VECTOR('',#3046,1.);
#3046 = DIRECTION('',(-0.,1.,0.));
#3047 = PLANE('',#3048);
#3048 = AXIS2_PLACEMENT_3D('',#3049,#3050,#3051);
#3049 = CARTESIAN_POINT('',(83.,48.,13.));
#3050 = DIRECTION('',(1.,0.,-0.));
#3051 = DIRECTION('',(0.,0.,1.));
#3052 = ADVANCED_FACE('',(#3053),#3078,.F.);
#3053 = FACE_BOUND('',#3054,.F.);
#3054 = EDGE_LOOP('',(#3055,#3063,#3064,#3072));
#3055 = ORIENTED_EDGE('',*,*,#3056,.F.);
#3056 = EDGE_CURVE('',#3017,#3057,#3059,.T.);
#3057 = VERTEX_POINT('',#3058);
#3058 = CARTESIAN_POINT('',(143.,48.,13.));
#3059 = LINE('',#3060,#3061);
#3060 = CARTESIAN_POINT('',(83.,48.,13.));
#3061 = VECTOR('',#3062,1.);
#3062 = DIRECTION('',(1.,0.,-0.));
#3063 = ORIENTED_EDGE('',*,*,#3016,.T.);
#3064 = ORIENTED_EDGE('',*,*,#3065,.T.);
#3065 = EDGE_CURVE('',#3019,#3066,#3068,.T.);
#3066 = VERTEX_POINT('',#3067);
#3067 = CARTESIAN_POINT('',(143.,48.,48.));
#3068 = LINE('',#3069,#3070);
#3069 = CARTESIAN_POINT('',(83.,48.,48.));
#3070 = VECTOR('',#3071,1.);
#3071 = DIRECTION('',(1.,0.,-0.));
#3072 = ORIENTED_EDGE('',*,*,#3073,.F.);
#3073 = EDGE_CURVE('',#3057,#3066,#3074,.T.);
#3074 = LINE('',#3075,#3076);
#3075 = CARTESIAN_POINT('',(143.,48.,13.));
#3076 = VECTOR('',#3077,1.);
#3077 = DIRECTION('',(0.,0.,1.));
#3078 = PLANE('',#3079);
#3079 = AXIS2_PLACEMENT_3D('',#3080,#3081,#3082);
#3080 = CARTESIAN_POINT('',(83.,48.,13.));
#3081 = DIRECTION('',(-0.,1.,0.));
#3082 = DIRECTION('',(0.,0.,1.));
#3083 = ADVANCED_FACE('',(#3084),#3134,.T.);
#3084 = FACE_BOUND('',#3085,.T.);
#3085 = EDGE_LOOP('',(#3086,#3094,#3095,#3096,#3104,#3112,#3120,#3128));
#3086 = ORIENTED_EDGE('',*,*,#3087,.F.);
#3087 = EDGE_CURVE('',#3035,#3088,#3090,.T.);
#3088 = VERTEX_POINT('',#3089);
#3089 = CARTESIAN_POINT('',(87.,108.,48.));
#3090 = LINE('',#3091,#3092);
#3091 = CARTESIAN_POINT('',(83.,108.,48.));
#3092 = VECTOR('',#3093,1.);
#3093 = DIRECTION('',(1.,0.,-0.));
#3094 = ORIENTED_EDGE('',*,*,#3042,.F.);
#3095 = ORIENTED_EDGE('',*,*,#3065,.T.);
#3096 = ORIENTED_EDGE('',*,*,#3097,.T.);
#3097 = EDGE_CURVE('',#3066,#3098,#3100,.T.);
#3098 = VERTEX_POINT('',#3099);
#3099 = CARTESIAN_POINT('',(143.,108.,48.));
#3100 = LINE('',#3101,#3102);
#3101 = CARTESIAN_POINT('',(143.,48.,48.));
#3102 = VECTOR('',#3103,1.);
#3103 = DIRECTION('',(-0.,1.,0.));
#3104 = ORIENTED_EDGE('',*,*,#3105,.F.);
#3105 = EDGE_CURVE('',#3106,#3098,#3108,.T.);
#3106 = VERTEX_POINT('',#3107);
#3107 = CARTESIAN_POINT('',(139.,108.,48.));
#3108 = LINE('',#3109,#3110);
#3109 = CARTESIAN_POINT('',(83.,108.,48.));
#3110 = VECTOR('',#3111,1.);
#3111 = DIRECTION('',(1.,0.,-0.));
#3112 = ORIENTED_EDGE('',*,*,#3113,.F.);
#3113 = EDGE_CURVE('',#3114,#3106,#3116,.T.);
#3114 = VERTEX_POINT('',#3115);
#3115 = CARTESIAN_POINT('',(139.,106.8,48.));
#3116 = LINE('',#3117,#3118);
#3117 = CARTESIAN_POINT('',(139.,106.8,48.));
#3118 = VECTOR('',#3119,1.);
#3119 = DIRECTION('',(-0.,1.,0.));
#3120 = ORIENTED_EDGE('',*,*,#3121,.F.);
#3121 = EDGE_CURVE('',#3122,#3114,#3124,.T.);
#3122 = VERTEX_POINT('',#3123);
#3123 = CARTESIAN_POINT('',(87.,106.8,48.));
#3124 = LINE('',#3125,#3126);
#3125 = CARTESIAN_POINT('',(87.,106.8,48.));
#3126 = VECTOR('',#3127,1.);
#3127 = DIRECTION('',(1.,0.,-0.));
#3128 = ORIENTED_EDGE('',*,*,#3129,.T.);
#3129 = EDGE_CURVE('',#3122,#3088,#3130,.T.);
#3130 = LINE('',#3131,#3132);
#3131 = CARTESIAN_POINT('',(87.,106.8,48.));
#3132 = VECTOR('',#3133,1.);
#3133 = DIRECTION('',(-0.,1.,0.));
#3134 = PLANE('',#3135);
#3135 = AXIS2_PLACEMENT_3D('',#3136,#3137,#3138);
#3136 = CARTESIAN_POINT('',(83.,48.,48.));
#3137 = DIRECTION('',(0.,0.,1.));
#3138 = DIRECTION('',(1.,0.,-0.));
#3139 = ADVANCED_FACE('',(#3140),#3158,.F.);
#3140 = FACE_BOUND('',#3141,.F.);
#3141 = EDGE_LOOP('',(#3142,#3143,#3144,#3152));
#3142 = ORIENTED_EDGE('',*,*,#3026,.F.);
#3143 = ORIENTED_EDGE('',*,*,#3056,.T.);
#3144 = ORIENTED_EDGE('',*,*,#3145,.T.);
#3145 = EDGE_CURVE('',#3057,#3146,#3148,.T.);
#3146 = VERTEX_POINT('',#3147);
#3147 = CARTESIAN_POINT('',(143.,108.,13.));
#3148 = LINE('',#3149,#3150);
#3149 = CARTESIAN_POINT('',(143.,48.,13.));
#3150 = VECTOR('',#3151,1.);
#3151 = DIRECTION('',(-0.,1.,0.));
#3152 = ORIENTED_EDGE('',*,*,#3153,.F.);
#3153 = EDGE_CURVE('',#3027,#3146,#3154,.T.);
#3154 = LINE('',#3155,#3156);
#3155 = CARTESIAN_POINT('',(83.,108.,13.));
#3156 = VECTOR('',#3157,1.);
#3157 = DIRECTION('',(1.,0.,-0.));
#3158 = PLANE('',#3159);
#3159 = AXIS2_PLACEMENT_3D('',#3160,#3161,#3162);
#3160 = CARTESIAN_POINT('',(83.,48.,13.));
#3161 = DIRECTION('',(0.,0.,1.));
#3162 = DIRECTION('',(1.,0.,-0.));
#3163 = ADVANCED_FACE('',(#3164),#3175,.T.);
#3164 = FACE_BOUND('',#3165,.T.);
#3165 = EDGE_LOOP('',(#3166,#3167,#3168,#3174));
#3166 = ORIENTED_EDGE('',*,*,#3073,.F.);
#3167 = ORIENTED_EDGE('',*,*,#3145,.T.);
#3168 = ORIENTED_EDGE('',*,*,#3169,.T.);
#3169 = EDGE_CURVE('',#3146,#3098,#3170,.T.);
#3170 = LINE('',#3171,#3172);
#3171 = CARTESIAN_POINT('',(143.,108.,13.));
#3172 = VECTOR('',#3173,1.);
#3173 = DIRECTION('',(0.,0.,1.));
#3174 = ORIENTED_EDGE('',*,*,#3097,.F.);
#3175 = PLANE('',#3176);
#3176 = AXIS2_PLACEMENT_3D('',#3177,#3178,#3179);
#3177 = CARTESIAN_POINT('',(143.,48.,13.));
#3178 = DIRECTION('',(1.,0.,-0.));
#3179 = DIRECTION('',(0.,0.,1.));
#3180 = ADVANCED_FACE('',(#3181),#3206,.F.);
#3181 = FACE_BOUND('',#3182,.F.);
#3182 = EDGE_LOOP('',(#3183,#3191,#3192,#3200));
#3183 = ORIENTED_EDGE('',*,*,#3184,.F.);
#3184 = EDGE_CURVE('',#3122,#3185,#3187,.T.);
#3185 = VERTEX_POINT('',#3186);
#3186 = CARTESIAN_POINT('',(87.,106.8,48.8));
#3187 = LINE('',#3188,#3189);
#3188 = CARTESIAN_POINT('',(87.,106.8,48.));
#3189 = VECTOR('',#3190,1.);
#3190 = DIRECTION('',(0.,0.,1.));
#3191 = ORIENTED_EDGE('',*,*,#3129,.T.);
#3192 = ORIENTED_EDGE('',*,*,#3193,.T.);
#3193 = EDGE_CURVE('',#3088,#3194,#3196,.T.);
#3194 = VERTEX_POINT('',#3195);
#3195 = CARTESIAN_POINT('',(87.,108.,48.8));
#3196 = LINE('',#3197,#3198);
#3197 = CARTESIAN_POINT('',(87.,108.,48.));
#3198 = VECTOR('',#3199,1.);
#3199 = DIRECTION('',(0.,0.,1.));
#3200 = ORIENTED_EDGE('',*,*,#3201,.F.);
#3201 = EDGE_CURVE('',#3185,#3194,#3202,.T.);
#3202 = LINE('',#3203,#3204);
#3203 = CARTESIAN_POINT('',(87.,106.8,48.8));
#3204 = VECTOR('',#3205,1.);
#3205 = DIRECTION('',(-0.,1.,0.));
#3206 = PLANE('',#3207);
#3207 = AXIS2_PLACEMENT_3D('',#3208,#3209,#3210);
#3208 = CARTESIAN_POINT('',(87.,106.8,48.));
#3209 = DIRECTION('',(1.,0.,-0.));
#3210 = DIRECTION('',(0.,0.,1.));
#3211 = ADVANCED_FACE('',(#3212),#3230,.F.);
#3212 = FACE_BOUND('',#3213,.F.);
#3213 = EDGE_LOOP('',(#3214,#3215,#3216,#3224));
#3214 = ORIENTED_EDGE('',*,*,#3121,.F.);
#3215 = ORIENTED_EDGE('',*,*,#3184,.T.);
#3216 = ORIENTED_EDGE('',*,*,#3217,.T.);
#3217 = EDGE_CURVE('',#3185,#3218,#3220,.T.);
#3218 = VERTEX_POINT('',#3219);
#3219 = CARTESIAN_POINT('',(139.,106.8,48.8));
#3220 = LINE('',#3221,#3222);
#3221 = CARTESIAN_POINT('',(87.,106.8,48.8));
#3222 = VECTOR('',#3223,1.);
#3223 = DIRECTION('',(1.,0.,-0.));
#3224 = ORIENTED_EDGE('',*,*,#3225,.F.);
#3225 = EDGE_CURVE('',#3114,#3218,#3226,.T.);
#3226 = LINE('',#3227,#3228);
#3227 = CARTESIAN_POINT('',(139.,106.8,48.));
#3228 = VECTOR('',#3229,1.);
#3229 = DIRECTION('',(0.,0.,1.));
#3230 = PLANE('',#3231);
#3231 = AXIS2_PLACEMENT_3D('',#3232,#3233,#3234);
#3232 = CARTESIAN_POINT('',(87.,106.8,48.));
#3233 = DIRECTION('',(-0.,1.,0.));
#3234 = DIRECTION('',(0.,0.,1.));
#3235 = ADVANCED_FACE('',(#3236),#3254,.T.);
#3236 = FACE_BOUND('',#3237,.T.);
#3237 = EDGE_LOOP('',(#3238,#3239,#3240,#3248));
#3238 = ORIENTED_EDGE('',*,*,#3225,.F.);
#3239 = ORIENTED_EDGE('',*,*,#3113,.T.);
#3240 = ORIENTED_EDGE('',*,*,#3241,.T.);
#3241 = EDGE_CURVE('',#3106,#3242,#3244,.T.);
#3242 = VERTEX_POINT('',#3243);
#3243 = CARTESIAN_POINT('',(139.,108.,48.8));
#3244 = LINE('',#3245,#3246);
#3245 = CARTESIAN_POINT('',(139.,108.,48.));
#3246 = VECTOR('',#3247,1.);
#3247 = DIRECTION('',(0.,0.,1.));
#3248 = ORIENTED_EDGE('',*,*,#3249,.F.);
#3249 = EDGE_CURVE('',#3218,#3242,#3250,.T.);
#3250 = LINE('',#3251,#3252);
#3251 = CARTESIAN_POINT('',(139.,106.8,48.8));
#3252 = VECTOR('',#3253,1.);
#3253 = DIRECTION('',(-0.,1.,0.));
#3254 = PLANE('',#3255);
#3255 = AXIS2_PLACEMENT_3D('',#3256,#3257,#3258);
#3256 = CARTESIAN_POINT('',(139.,106.8,48.));
#3257 = DIRECTION('',(1.,0.,-0.));
#3258 = DIRECTION('',(0.,0.,1.));
#3259 = ADVANCED_FACE('',(#3260),#3271,.T.);
#3260 = FACE_BOUND('',#3261,.T.);
#3261 = EDGE_LOOP('',(#3262,#3263,#3264,#3265));
#3262 = ORIENTED_EDGE('',*,*,#3201,.F.);
#3263 = ORIENTED_EDGE('',*,*,#3217,.T.);
#3264 = ORIENTED_EDGE('',*,*,#3249,.T.);
#3265 = ORIENTED_EDGE('',*,*,#3266,.F.);
#3266 = EDGE_CURVE('',#3194,#3242,#3267,.T.);
#3267 = LINE('',#3268,#3269);
#3268 = CARTESIAN_POINT('',(87.,108.,48.8));
#3269 = VECTOR('',#3270,1.);
#3270 = DIRECTION('',(1.,0.,-0.));
#3271 = PLANE('',#3272);
#3272 = AXIS2_PLACEMENT_3D('',#3273,#3274,#3275);
#3273 = CARTESIAN_POINT('',(87.,106.8,48.8));
#3274 = DIRECTION('',(0.,0.,1.));
#3275 = DIRECTION('',(1.,0.,-0.));
#3276 = ADVANCED_FACE('',(#3277),#3287,.T.);
#3277 = FACE_BOUND('',#3278,.T.);
#3278 = EDGE_LOOP('',(#3279,#3280,#3281,#3282,#3283,#3284,#3285,#3286));
#3279 = ORIENTED_EDGE('',*,*,#3153,.F.);
#3280 = ORIENTED_EDGE('',*,*,#3034,.T.);
#3281 = ORIENTED_EDGE('',*,*,#3087,.T.);
#3282 = ORIENTED_EDGE('',*,*,#3193,.T.);
#3283 = ORIENTED_EDGE('',*,*,#3266,.T.);
#3284 = ORIENTED_EDGE('',*,*,#3241,.F.);
#3285 = ORIENTED_EDGE('',*,*,#3105,.T.);
#3286 = ORIENTED_EDGE('',*,*,#3169,.F.);
#3287 = PLANE('',#3288);
#3288 = AXIS2_PLACEMENT_3D('',#3289,#3290,#3291);
#3289 = CARTESIAN_POINT('',(113.,108.,30.866597077244));
#3290 = DIRECTION('',(0.,1.,0.));
#3291 = DIRECTION('',(0.,-0.,1.));
#3292 = ( GEOMETRIC_REPRESENTATION_CONTEXT(3) 
GLOBAL_UNCERTAINTY_ASSIGNED_CONTEXT((#3296)) 
GLOBAL_UNIT_ASSIGNED_CONTEXT((#3293,#3294,#3295)) REPRESENTATION_CONTEXT
('Context #1','3D Context with UNIT and UNCERTAINTY') );
#3293 = ( LENGTH_UNIT() NAMED_UNIT(*) SI_UNIT(.MILLI.,.METRE.) );
#3294 = ( NAMED_UNIT(*) PLANE_ANGLE_UNIT() SI_UNIT($,.RADIAN.) );
#3295 = ( NAMED_UNIT(*) SI_UNIT($,.STERADIAN.) SOLID_ANGLE_UNIT() );
#3296 = UNCERTAINTY_MEASURE_WITH_UNIT(LENGTH_MEASURE(1.E-07),#3293,
  'distance_accuracy_value','confusion accuracy');
#3297 = CONTEXT_DEPENDENT_SHAPE_REPRESENTATION(#3298,#3300);
#3298 = ( REPRESENTATION_RELATIONSHIP('','',#3009,#10) 
REPRESENTATION_RELATIONSHIP_WITH_TRANSFORMATION(#3299) 
SHAPE_REPRESENTATION_RELATIONSHIP() );
#3299 = ITEM_DEFINED_TRANSFORMATION('','',#11,#47);
#3300 = PRODUCT_DEFINITION_SHAPE('Placement','Placement of an item',
  #3301);
#3301 = NEXT_ASSEMBLY_USAGE_OCCURRENCE('9','sku_proxy_02','',#5,#3004,$
  );
#3302 = PRODUCT_RELATED_PRODUCT_CATEGORY('part',$,(#3006));
#3303 = SHAPE_DEFINITION_REPRESENTATION(#3304,#3310);
#3304 = PRODUCT_DEFINITION_SHAPE('','',#3305);
#3305 = PRODUCT_DEFINITION('design','',#3306,#3309);
#3306 = PRODUCT_DEFINITION_FORMATION('','',#3307);
#3307 = PRODUCT('sku_proxy_03','sku_proxy_03','',(#3308));
#3308 = PRODUCT_CONTEXT('',#2,'mechanical');
#3309 = PRODUCT_DEFINITION_CONTEXT('part definition',#2,'design');
#3310 = ADVANCED_BREP_SHAPE_REPRESENTATION('',(#11,#3311),#3593);
#3311 = MANIFOLD_SOLID_BREP('',#3312);
#3312 = CLOSED_SHELL('',(#3313,#3353,#3384,#3440,#3464,#3481,#3512,#3536
    ,#3560,#3577));
#3313 = ADVANCED_FACE('',(#3314),#3348,.F.);
#3314 = FACE_BOUND('',#3315,.F.);
#3315 = EDGE_LOOP('',(#3316,#3326,#3334,#3342));
#3316 = ORIENTED_EDGE('',*,*,#3317,.F.);
#3317 = EDGE_CURVE('',#3318,#3320,#3322,.T.);
#3318 = VERTEX_POINT('',#3319);
#3319 = CARTESIAN_POINT('',(146.,48.,13.));
#3320 = VERTEX_POINT('',#3321);
#3321 = CARTESIAN_POINT('',(146.,48.,48.));
#3322 = LINE('',#3323,#3324);
#3323 = CARTESIAN_POINT('',(146.,48.,13.));
#3324 = VECTOR('',#3325,1.);
#3325 = DIRECTION('',(0.,0.,1.));
#3326 = ORIENTED_EDGE('',*,*,#3327,.T.);
#3327 = EDGE_CURVE('',#3318,#3328,#3330,.T.);
#3328 = VERTEX_POINT('',#3329);
#3329 = CARTESIAN_POINT('',(146.,108.,13.));
#3330 = LINE('',#3331,#3332);
#3331 = CARTESIAN_POINT('',(146.,48.,13.));
#3332 = VECTOR('',#3333,1.);
#3333 = DIRECTION('',(-0.,1.,0.));
#3334 = ORIENTED_EDGE('',*,*,#3335,.T.);
#3335 = EDGE_CURVE('',#3328,#3336,#3338,.T.);
#3336 = VERTEX_POINT('',#3337);
#3337 = CARTESIAN_POINT('',(146.,108.,48.));
#3338 = LINE('',#3339,#3340);
#3339 = CARTESIAN_POINT('',(146.,108.,13.));
#3340 = VECTOR('',#3341,1.);
#3341 = DIRECTION('',(0.,0.,1.));
#3342 = ORIENTED_EDGE('',*,*,#3343,.F.);
#3343 = EDGE_CURVE('',#3320,#3336,#3344,.T.);
#3344 = LINE('',#3345,#3346);
#3345 = CARTESIAN_POINT('',(146.,48.,48.));
#3346 = VECTOR('',#3347,1.);
#3347 = DIRECTION('',(-0.,1.,0.));
#3348 = PLANE('',#3349);
#3349 = AXIS2_PLACEMENT_3D('',#3350,#3351,#3352);
#3350 = CARTESIAN_POINT('',(146.,48.,13.));
#3351 = DIRECTION('',(1.,0.,-0.));
#3352 = DIRECTION('',(0.,0.,1.));
#3353 = ADVANCED_FACE('',(#3354),#3379,.F.);
#3354 = FACE_BOUND('',#3355,.F.);
#3355 = EDGE_LOOP('',(#3356,#3364,#3365,#3373));
#3356 = ORIENTED_EDGE('',*,*,#3357,.F.);
#3357 = EDGE_CURVE('',#3318,#3358,#3360,.T.);
#3358 = VERTEX_POINT('',#3359);
#3359 = CARTESIAN_POINT('',(206.,48.,13.));
#3360 = LINE('',#3361,#3362);
#3361 = CARTESIAN_POINT('',(146.,48.,13.));
#3362 = VECTOR('',#3363,1.);
#3363 = DIRECTION('',(1.,0.,-0.));
#3364 = ORIENTED_EDGE('',*,*,#3317,.T.);
#3365 = ORIENTED_EDGE('',*,*,#3366,.T.);
#3366 = EDGE_CURVE('',#3320,#3367,#3369,.T.);
#3367 = VERTEX_POINT('',#3368);
#3368 = CARTESIAN_POINT('',(206.,48.,48.));
#3369 = LINE('',#3370,#3371);
#3370 = CARTESIAN_POINT('',(146.,48.,48.));
#3371 = VECTOR('',#3372,1.);
#3372 = DIRECTION('',(1.,0.,-0.));
#3373 = ORIENTED_EDGE('',*,*,#3374,.F.);
#3374 = EDGE_CURVE('',#3358,#3367,#3375,.T.);
#3375 = LINE('',#3376,#3377);
#3376 = CARTESIAN_POINT('',(206.,48.,13.));
#3377 = VECTOR('',#3378,1.);
#3378 = DIRECTION('',(0.,0.,1.));
#3379 = PLANE('',#3380);
#3380 = AXIS2_PLACEMENT_3D('',#3381,#3382,#3383);
#3381 = CARTESIAN_POINT('',(146.,48.,13.));
#3382 = DIRECTION('',(-0.,1.,0.));
#3383 = DIRECTION('',(0.,0.,1.));
#3384 = ADVANCED_FACE('',(#3385),#3435,.T.);
#3385 = FACE_BOUND('',#3386,.T.);
#3386 = EDGE_LOOP('',(#3387,#3395,#3396,#3397,#3405,#3413,#3421,#3429));
#3387 = ORIENTED_EDGE('',*,*,#3388,.F.);
#3388 = EDGE_CURVE('',#3336,#3389,#3391,.T.);
#3389 = VERTEX_POINT('',#3390);
#3390 = CARTESIAN_POINT('',(150.,108.,48.));
#3391 = LINE('',#3392,#3393);
#3392 = CARTESIAN_POINT('',(146.,108.,48.));
#3393 = VECTOR('',#3394,1.);
#3394 = DIRECTION('',(1.,0.,-0.));
#3395 = ORIENTED_EDGE('',*,*,#3343,.F.);
#3396 = ORIENTED_EDGE('',*,*,#3366,.T.);
#3397 = ORIENTED_EDGE('',*,*,#3398,.T.);
#3398 = EDGE_CURVE('',#3367,#3399,#3401,.T.);
#3399 = VERTEX_POINT('',#3400);
#3400 = CARTESIAN_POINT('',(206.,108.,48.));
#3401 = LINE('',#3402,#3403);
#3402 = CARTESIAN_POINT('',(206.,48.,48.));
#3403 = VECTOR('',#3404,1.);
#3404 = DIRECTION('',(-0.,1.,0.));
#3405 = ORIENTED_EDGE('',*,*,#3406,.F.);
#3406 = EDGE_CURVE('',#3407,#3399,#3409,.T.);
#3407 = VERTEX_POINT('',#3408);
#3408 = CARTESIAN_POINT('',(202.,108.,48.));
#3409 = LINE('',#3410,#3411);
#3410 = CARTESIAN_POINT('',(146.,108.,48.));
#3411 = VECTOR('',#3412,1.);
#3412 = DIRECTION('',(1.,0.,-0.));
#3413 = ORIENTED_EDGE('',*,*,#3414,.F.);
#3414 = EDGE_CURVE('',#3415,#3407,#3417,.T.);
#3415 = VERTEX_POINT('',#3416);
#3416 = CARTESIAN_POINT('',(202.,106.8,48.));
#3417 = LINE('',#3418,#3419);
#3418 = CARTESIAN_POINT('',(202.,106.8,48.));
#3419 = VECTOR('',#3420,1.);
#3420 = DIRECTION('',(-0.,1.,0.));
#3421 = ORIENTED_EDGE('',*,*,#3422,.F.);
#3422 = EDGE_CURVE('',#3423,#3415,#3425,.T.);
#3423 = VERTEX_POINT('',#3424);
#3424 = CARTESIAN_POINT('',(150.,106.8,48.));
#3425 = LINE('',#3426,#3427);
#3426 = CARTESIAN_POINT('',(150.,106.8,48.));
#3427 = VECTOR('',#3428,1.);
#3428 = DIRECTION('',(1.,0.,-0.));
#3429 = ORIENTED_EDGE('',*,*,#3430,.T.);
#3430 = EDGE_CURVE('',#3423,#3389,#3431,.T.);
#3431 = LINE('',#3432,#3433);
#3432 = CARTESIAN_POINT('',(150.,106.8,48.));
#3433 = VECTOR('',#3434,1.);
#3434 = DIRECTION('',(-0.,1.,0.));
#3435 = PLANE('',#3436);
#3436 = AXIS2_PLACEMENT_3D('',#3437,#3438,#3439);
#3437 = CARTESIAN_POINT('',(146.,48.,48.));
#3438 = DIRECTION('',(0.,0.,1.));
#3439 = DIRECTION('',(1.,0.,-0.));
#3440 = ADVANCED_FACE('',(#3441),#3459,.F.);
#3441 = FACE_BOUND('',#3442,.F.);
#3442 = EDGE_LOOP('',(#3443,#3444,#3445,#3453));
#3443 = ORIENTED_EDGE('',*,*,#3327,.F.);
#3444 = ORIENTED_EDGE('',*,*,#3357,.T.);
#3445 = ORIENTED_EDGE('',*,*,#3446,.T.);
#3446 = EDGE_CURVE('',#3358,#3447,#3449,.T.);
#3447 = VERTEX_POINT('',#3448);
#3448 = CARTESIAN_POINT('',(206.,108.,13.));
#3449 = LINE('',#3450,#3451);
#3450 = CARTESIAN_POINT('',(206.,48.,13.));
#3451 = VECTOR('',#3452,1.);
#3452 = DIRECTION('',(-0.,1.,0.));
#3453 = ORIENTED_EDGE('',*,*,#3454,.F.);
#3454 = EDGE_CURVE('',#3328,#3447,#3455,.T.);
#3455 = LINE('',#3456,#3457);
#3456 = CARTESIAN_POINT('',(146.,108.,13.));
#3457 = VECTOR('',#3458,1.);
#3458 = DIRECTION('',(1.,0.,-0.));
#3459 = PLANE('',#3460);
#3460 = AXIS2_PLACEMENT_3D('',#3461,#3462,#3463);
#3461 = CARTESIAN_POINT('',(146.,48.,13.));
#3462 = DIRECTION('',(0.,0.,1.));
#3463 = DIRECTION('',(1.,0.,-0.));
#3464 = ADVANCED_FACE('',(#3465),#3476,.T.);
#3465 = FACE_BOUND('',#3466,.T.);
#3466 = EDGE_LOOP('',(#3467,#3468,#3469,#3475));
#3467 = ORIENTED_EDGE('',*,*,#3374,.F.);
#3468 = ORIENTED_EDGE('',*,*,#3446,.T.);
#3469 = ORIENTED_EDGE('',*,*,#3470,.T.);
#3470 = EDGE_CURVE('',#3447,#3399,#3471,.T.);
#3471 = LINE('',#3472,#3473);
#3472 = CARTESIAN_POINT('',(206.,108.,13.));
#3473 = VECTOR('',#3474,1.);
#3474 = DIRECTION('',(0.,0.,1.));
#3475 = ORIENTED_EDGE('',*,*,#3398,.F.);
#3476 = PLANE('',#3477);
#3477 = AXIS2_PLACEMENT_3D('',#3478,#3479,#3480);
#3478 = CARTESIAN_POINT('',(206.,48.,13.));
#3479 = DIRECTION('',(1.,0.,-0.));
#3480 = DIRECTION('',(0.,0.,1.));
#3481 = ADVANCED_FACE('',(#3482),#3507,.F.);
#3482 = FACE_BOUND('',#3483,.F.);
#3483 = EDGE_LOOP('',(#3484,#3492,#3493,#3501));
#3484 = ORIENTED_EDGE('',*,*,#3485,.F.);
#3485 = EDGE_CURVE('',#3423,#3486,#3488,.T.);
#3486 = VERTEX_POINT('',#3487);
#3487 = CARTESIAN_POINT('',(150.,106.8,48.8));
#3488 = LINE('',#3489,#3490);
#3489 = CARTESIAN_POINT('',(150.,106.8,48.));
#3490 = VECTOR('',#3491,1.);
#3491 = DIRECTION('',(0.,0.,1.));
#3492 = ORIENTED_EDGE('',*,*,#3430,.T.);
#3493 = ORIENTED_EDGE('',*,*,#3494,.T.);
#3494 = EDGE_CURVE('',#3389,#3495,#3497,.T.);
#3495 = VERTEX_POINT('',#3496);
#3496 = CARTESIAN_POINT('',(150.,108.,48.8));
#3497 = LINE('',#3498,#3499);
#3498 = CARTESIAN_POINT('',(150.,108.,48.));
#3499 = VECTOR('',#3500,1.);
#3500 = DIRECTION('',(0.,0.,1.));
#3501 = ORIENTED_EDGE('',*,*,#3502,.F.);
#3502 = EDGE_CURVE('',#3486,#3495,#3503,.T.);
#3503 = LINE('',#3504,#3505);
#3504 = CARTESIAN_POINT('',(150.,106.8,48.8));
#3505 = VECTOR('',#3506,1.);
#3506 = DIRECTION('',(-0.,1.,0.));
#3507 = PLANE('',#3508);
#3508 = AXIS2_PLACEMENT_3D('',#3509,#3510,#3511);
#3509 = CARTESIAN_POINT('',(150.,106.8,48.));
#3510 = DIRECTION('',(1.,0.,-0.));
#3511 = DIRECTION('',(0.,0.,1.));
#3512 = ADVANCED_FACE('',(#3513),#3531,.F.);
#3513 = FACE_BOUND('',#3514,.F.);
#3514 = EDGE_LOOP('',(#3515,#3516,#3517,#3525));
#3515 = ORIENTED_EDGE('',*,*,#3422,.F.);
#3516 = ORIENTED_EDGE('',*,*,#3485,.T.);
#3517 = ORIENTED_EDGE('',*,*,#3518,.T.);
#3518 = EDGE_CURVE('',#3486,#3519,#3521,.T.);
#3519 = VERTEX_POINT('',#3520);
#3520 = CARTESIAN_POINT('',(202.,106.8,48.8));
#3521 = LINE('',#3522,#3523);
#3522 = CARTESIAN_POINT('',(150.,106.8,48.8));
#3523 = VECTOR('',#3524,1.);
#3524 = DIRECTION('',(1.,0.,-0.));
#3525 = ORIENTED_EDGE('',*,*,#3526,.F.);
#3526 = EDGE_CURVE('',#3415,#3519,#3527,.T.);
#3527 = LINE('',#3528,#3529);
#3528 = CARTESIAN_POINT('',(202.,106.8,48.));
#3529 = VECTOR('',#3530,1.);
#3530 = DIRECTION('',(0.,0.,1.));
#3531 = PLANE('',#3532);
#3532 = AXIS2_PLACEMENT_3D('',#3533,#3534,#3535);
#3533 = CARTESIAN_POINT('',(150.,106.8,48.));
#3534 = DIRECTION('',(-0.,1.,0.));
#3535 = DIRECTION('',(0.,0.,1.));
#3536 = ADVANCED_FACE('',(#3537),#3555,.T.);
#3537 = FACE_BOUND('',#3538,.T.);
#3538 = EDGE_LOOP('',(#3539,#3540,#3541,#3549));
#3539 = ORIENTED_EDGE('',*,*,#3526,.F.);
#3540 = ORIENTED_EDGE('',*,*,#3414,.T.);
#3541 = ORIENTED_EDGE('',*,*,#3542,.T.);
#3542 = EDGE_CURVE('',#3407,#3543,#3545,.T.);
#3543 = VERTEX_POINT('',#3544);
#3544 = CARTESIAN_POINT('',(202.,108.,48.8));
#3545 = LINE('',#3546,#3547);
#3546 = CARTESIAN_POINT('',(202.,108.,48.));
#3547 = VECTOR('',#3548,1.);
#3548 = DIRECTION('',(0.,0.,1.));
#3549 = ORIENTED_EDGE('',*,*,#3550,.F.);
#3550 = EDGE_CURVE('',#3519,#3543,#3551,.T.);
#3551 = LINE('',#3552,#3553);
#3552 = CARTESIAN_POINT('',(202.,106.8,48.8));
#3553 = VECTOR('',#3554,1.);
#3554 = DIRECTION('',(-0.,1.,0.));
#3555 = PLANE('',#3556);
#3556 = AXIS2_PLACEMENT_3D('',#3557,#3558,#3559);
#3557 = CARTESIAN_POINT('',(202.,106.8,48.));
#3558 = DIRECTION('',(1.,0.,-0.));
#3559 = DIRECTION('',(0.,0.,1.));
#3560 = ADVANCED_FACE('',(#3561),#3572,.T.);
#3561 = FACE_BOUND('',#3562,.T.);
#3562 = EDGE_LOOP('',(#3563,#3564,#3565,#3566));
#3563 = ORIENTED_EDGE('',*,*,#3502,.F.);
#3564 = ORIENTED_EDGE('',*,*,#3518,.T.);
#3565 = ORIENTED_EDGE('',*,*,#3550,.T.);
#3566 = ORIENTED_EDGE('',*,*,#3567,.F.);
#3567 = EDGE_CURVE('',#3495,#3543,#3568,.T.);
#3568 = LINE('',#3569,#3570);
#3569 = CARTESIAN_POINT('',(150.,108.,48.8));
#3570 = VECTOR('',#3571,1.);
#3571 = DIRECTION('',(1.,0.,-0.));
#3572 = PLANE('',#3573);
#3573 = AXIS2_PLACEMENT_3D('',#3574,#3575,#3576);
#3574 = CARTESIAN_POINT('',(150.,106.8,48.8));
#3575 = DIRECTION('',(0.,0.,1.));
#3576 = DIRECTION('',(1.,0.,-0.));
#3577 = ADVANCED_FACE('',(#3578),#3588,.T.);
#3578 = FACE_BOUND('',#3579,.T.);
#3579 = EDGE_LOOP('',(#3580,#3581,#3582,#3583,#3584,#3585,#3586,#3587));
#3580 = ORIENTED_EDGE('',*,*,#3454,.F.);
#3581 = ORIENTED_EDGE('',*,*,#3335,.T.);
#3582 = ORIENTED_EDGE('',*,*,#3388,.T.);
#3583 = ORIENTED_EDGE('',*,*,#3494,.T.);
#3584 = ORIENTED_EDGE('',*,*,#3567,.T.);
#3585 = ORIENTED_EDGE('',*,*,#3542,.F.);
#3586 = ORIENTED_EDGE('',*,*,#3406,.T.);
#3587 = ORIENTED_EDGE('',*,*,#3470,.F.);
#3588 = PLANE('',#3589);
#3589 = AXIS2_PLACEMENT_3D('',#3590,#3591,#3592);
#3590 = CARTESIAN_POINT('',(176.,108.,30.866597077244));
#3591 = DIRECTION('',(0.,1.,0.));
#3592 = DIRECTION('',(0.,-0.,1.));
#3593 = ( GEOMETRIC_REPRESENTATION_CONTEXT(3) 
GLOBAL_UNCERTAINTY_ASSIGNED_CONTEXT((#3597)) 
GLOBAL_UNIT_ASSIGNED_CONTEXT((#3594,#3595,#3596)) REPRESENTATION_CONTEXT
('Context #1','3D Context with UNIT and UNCERTAINTY') );
#3594 = ( LENGTH_UNIT() NAMED_UNIT(*) SI_UNIT(.MILLI.,.METRE.) );
#3595 = ( NAMED_UNIT(*) PLANE_ANGLE_UNIT() SI_UNIT($,.RADIAN.) );
#3596 = ( NAMED_UNIT(*) SI_UNIT($,.STERADIAN.) SOLID_ANGLE_UNIT() );
#3597 = UNCERTAINTY_MEASURE_WITH_UNIT(LENGTH_MEASURE(1.E-07),#3594,
  'distance_accuracy_value','confusion accuracy');
#3598 = CONTEXT_DEPENDENT_SHAPE_REPRESENTATION(#3599,#3601);
#3599 = ( REPRESENTATION_RELATIONSHIP('','',#3310,#10) 
REPRESENTATION_RELATIONSHIP_WITH_TRANSFORMATION(#3600) 
SHAPE_REPRESENTATION_RELATIONSHIP() );
#3600 = ITEM_DEFINED_TRANSFORMATION('','',#11,#51);
#3601 = PRODUCT_DEFINITION_SHAPE('Placement','Placement of an item',
  #3602);
#3602 = NEXT_ASSEMBLY_USAGE_OCCURRENCE('10','sku_proxy_03','',#5,#3305,$
  );
#3603 = PRODUCT_RELATED_PRODUCT_CATEGORY('part',$,(#3307));
#3604 = SHAPE_DEFINITION_REPRESENTATION(#3605,#3611);
#3605 = PRODUCT_DEFINITION_SHAPE('','',#3606);
#3606 = PRODUCT_DEFINITION('design','',#3607,#3610);
#3607 = PRODUCT_DEFINITION_FORMATION('','',#3608);
#3608 = PRODUCT('sku_proxy_04','sku_proxy_04','',(#3609));
#3609 = PRODUCT_CONTEXT('',#2,'mechanical');
#3610 = PRODUCT_DEFINITION_CONTEXT('part definition',#2,'design');
#3611 = ADVANCED_BREP_SHAPE_REPRESENTATION('',(#11,#3612),#3894);
#3612 = MANIFOLD_SOLID_BREP('',#3613);
#3613 = CLOSED_SHELL('',(#3614,#3654,#3685,#3741,#3765,#3782,#3813,#3837
    ,#3861,#3878));
#3614 = ADVANCED_FACE('',(#3615),#3649,.F.);
#3615 = FACE_BOUND('',#3616,.F.);
#3616 = EDGE_LOOP('',(#3617,#3627,#3635,#3643));
#3617 = ORIENTED_EDGE('',*,*,#3618,.F.);
#3618 = EDGE_CURVE('',#3619,#3621,#3623,.T.);
#3619 = VERTEX_POINT('',#3620);
#3620 = CARTESIAN_POINT('',(20.,112.,13.));
#3621 = VERTEX_POINT('',#3622);
#3622 = CARTESIAN_POINT('',(20.,112.,48.));
#3623 = LINE('',#3624,#3625);
#3624 = CARTESIAN_POINT('',(20.,112.,13.));
#3625 = VECTOR('',#3626,1.);
#3626 = DIRECTION('',(0.,0.,1.));
#3627 = ORIENTED_EDGE('',*,*,#3628,.T.);
#3628 = EDGE_CURVE('',#3619,#3629,#3631,.T.);
#3629 = VERTEX_POINT('',#3630);
#3630 = CARTESIAN_POINT('',(20.,172.,13.));
#3631 = LINE('',#3632,#3633);
#3632 = CARTESIAN_POINT('',(20.,112.,13.));
#3633 = VECTOR('',#3634,1.);
#3634 = DIRECTION('',(-0.,1.,0.));
#3635 = ORIENTED_EDGE('',*,*,#3636,.T.);
#3636 = EDGE_CURVE('',#3629,#3637,#3639,.T.);
#3637 = VERTEX_POINT('',#3638);
#3638 = CARTESIAN_POINT('',(20.,172.,48.));
#3639 = LINE('',#3640,#3641);
#3640 = CARTESIAN_POINT('',(20.,172.,13.));
#3641 = VECTOR('',#3642,1.);
#3642 = DIRECTION('',(0.,0.,1.));
#3643 = ORIENTED_EDGE('',*,*,#3644,.F.);
#3644 = EDGE_CURVE('',#3621,#3637,#3645,.T.);
#3645 = LINE('',#3646,#3647);
#3646 = CARTESIAN_POINT('',(20.,112.,48.));
#3647 = VECTOR('',#3648,1.);
#3648 = DIRECTION('',(-0.,1.,0.));
#3649 = PLANE('',#3650);
#3650 = AXIS2_PLACEMENT_3D('',#3651,#3652,#3653);
#3651 = CARTESIAN_POINT('',(20.,112.,13.));
#3652 = DIRECTION('',(1.,0.,-0.));
#3653 = DIRECTION('',(0.,0.,1.));
#3654 = ADVANCED_FACE('',(#3655),#3680,.F.);
#3655 = FACE_BOUND('',#3656,.F.);
#3656 = EDGE_LOOP('',(#3657,#3665,#3666,#3674));
#3657 = ORIENTED_EDGE('',*,*,#3658,.F.);
#3658 = EDGE_CURVE('',#3619,#3659,#3661,.T.);
#3659 = VERTEX_POINT('',#3660);
#3660 = CARTESIAN_POINT('',(80.,112.,13.));
#3661 = LINE('',#3662,#3663);
#3662 = CARTESIAN_POINT('',(20.,112.,13.));
#3663 = VECTOR('',#3664,1.);
#3664 = DIRECTION('',(1.,0.,-0.));
#3665 = ORIENTED_EDGE('',*,*,#3618,.T.);
#3666 = ORIENTED_EDGE('',*,*,#3667,.T.);
#3667 = EDGE_CURVE('',#3621,#3668,#3670,.T.);
#3668 = VERTEX_POINT('',#3669);
#3669 = CARTESIAN_POINT('',(80.,112.,48.));
#3670 = LINE('',#3671,#3672);
#3671 = CARTESIAN_POINT('',(20.,112.,48.));
#3672 = VECTOR('',#3673,1.);
#3673 = DIRECTION('',(1.,0.,-0.));
#3674 = ORIENTED_EDGE('',*,*,#3675,.F.);
#3675 = EDGE_CURVE('',#3659,#3668,#3676,.T.);
#3676 = LINE('',#3677,#3678);
#3677 = CARTESIAN_POINT('',(80.,112.,13.));
#3678 = VECTOR('',#3679,1.);
#3679 = DIRECTION('',(0.,0.,1.));
#3680 = PLANE('',#3681);
#3681 = AXIS2_PLACEMENT_3D('',#3682,#3683,#3684);
#3682 = CARTESIAN_POINT('',(20.,112.,13.));
#3683 = DIRECTION('',(-0.,1.,0.));
#3684 = DIRECTION('',(0.,0.,1.));
#3685 = ADVANCED_FACE('',(#3686),#3736,.T.);
#3686 = FACE_BOUND('',#3687,.T.);
#3687 = EDGE_LOOP('',(#3688,#3696,#3697,#3698,#3706,#3714,#3722,#3730));
#3688 = ORIENTED_EDGE('',*,*,#3689,.F.);
#3689 = EDGE_CURVE('',#3637,#3690,#3692,.T.);
#3690 = VERTEX_POINT('',#3691);
#3691 = CARTESIAN_POINT('',(24.,172.,48.));
#3692 = LINE('',#3693,#3694);
#3693 = CARTESIAN_POINT('',(20.,172.,48.));
#3694 = VECTOR('',#3695,1.);
#3695 = DIRECTION('',(1.,0.,-0.));
#3696 = ORIENTED_EDGE('',*,*,#3644,.F.);
#3697 = ORIENTED_EDGE('',*,*,#3667,.T.);
#3698 = ORIENTED_EDGE('',*,*,#3699,.T.);
#3699 = EDGE_CURVE('',#3668,#3700,#3702,.T.);
#3700 = VERTEX_POINT('',#3701);
#3701 = CARTESIAN_POINT('',(80.,172.,48.));
#3702 = LINE('',#3703,#3704);
#3703 = CARTESIAN_POINT('',(80.,112.,48.));
#3704 = VECTOR('',#3705,1.);
#3705 = DIRECTION('',(-0.,1.,0.));
#3706 = ORIENTED_EDGE('',*,*,#3707,.F.);
#3707 = EDGE_CURVE('',#3708,#3700,#3710,.T.);
#3708 = VERTEX_POINT('',#3709);
#3709 = CARTESIAN_POINT('',(76.,172.,48.));
#3710 = LINE('',#3711,#3712);
#3711 = CARTESIAN_POINT('',(20.,172.,48.));
#3712 = VECTOR('',#3713,1.);
#3713 = DIRECTION('',(1.,0.,-0.));
#3714 = ORIENTED_EDGE('',*,*,#3715,.F.);
#3715 = EDGE_CURVE('',#3716,#3708,#3718,.T.);
#3716 = VERTEX_POINT('',#3717);
#3717 = CARTESIAN_POINT('',(76.,170.8,48.));
#3718 = LINE('',#3719,#3720);
#3719 = CARTESIAN_POINT('',(76.,170.8,48.));
#3720 = VECTOR('',#3721,1.);
#3721 = DIRECTION('',(-0.,1.,0.));
#3722 = ORIENTED_EDGE('',*,*,#3723,.F.);
#3723 = EDGE_CURVE('',#3724,#3716,#3726,.T.);
#3724 = VERTEX_POINT('',#3725);
#3725 = CARTESIAN_POINT('',(24.,170.8,48.));
#3726 = LINE('',#3727,#3728);
#3727 = CARTESIAN_POINT('',(24.,170.8,48.));
#3728 = VECTOR('',#3729,1.);
#3729 = DIRECTION('',(1.,0.,-0.));
#3730 = ORIENTED_EDGE('',*,*,#3731,.T.);
#3731 = EDGE_CURVE('',#3724,#3690,#3732,.T.);
#3732 = LINE('',#3733,#3734);
#3733 = CARTESIAN_POINT('',(24.,170.8,48.));
#3734 = VECTOR('',#3735,1.);
#3735 = DIRECTION('',(-0.,1.,0.));
#3736 = PLANE('',#3737);
#3737 = AXIS2_PLACEMENT_3D('',#3738,#3739,#3740);
#3738 = CARTESIAN_POINT('',(20.,112.,48.));
#3739 = DIRECTION('',(0.,0.,1.));
#3740 = DIRECTION('',(1.,0.,-0.));
#3741 = ADVANCED_FACE('',(#3742),#3760,.F.);
#3742 = FACE_BOUND('',#3743,.F.);
#3743 = EDGE_LOOP('',(#3744,#3745,#3746,#3754));
#3744 = ORIENTED_EDGE('',*,*,#3628,.F.);
#3745 = ORIENTED_EDGE('',*,*,#3658,.T.);
#3746 = ORIENTED_EDGE('',*,*,#3747,.T.);
#3747 = EDGE_CURVE('',#3659,#3748,#3750,.T.);
#3748 = VERTEX_POINT('',#3749);
#3749 = CARTESIAN_POINT('',(80.,172.,13.));
#3750 = LINE('',#3751,#3752);
#3751 = CARTESIAN_POINT('',(80.,112.,13.));
#3752 = VECTOR('',#3753,1.);
#3753 = DIRECTION('',(-0.,1.,0.));
#3754 = ORIENTED_EDGE('',*,*,#3755,.F.);
#3755 = EDGE_CURVE('',#3629,#3748,#3756,.T.);
#3756 = LINE('',#3757,#3758);
#3757 = CARTESIAN_POINT('',(20.,172.,13.));
#3758 = VECTOR('',#3759,1.);
#3759 = DIRECTION('',(1.,0.,-0.));
#3760 = PLANE('',#3761);
#3761 = AXIS2_PLACEMENT_3D('',#3762,#3763,#3764);
#3762 = CARTESIAN_POINT('',(20.,112.,13.));
#3763 = DIRECTION('',(0.,0.,1.));
#3764 = DIRECTION('',(1.,0.,-0.));
#3765 = ADVANCED_FACE('',(#3766),#3777,.T.);
#3766 = FACE_BOUND('',#3767,.T.);
#3767 = EDGE_LOOP('',(#3768,#3769,#3770,#3776));
#3768 = ORIENTED_EDGE('',*,*,#3675,.F.);
#3769 = ORIENTED_EDGE('',*,*,#3747,.T.);
#3770 = ORIENTED_EDGE('',*,*,#3771,.T.);
#3771 = EDGE_CURVE('',#3748,#3700,#3772,.T.);
#3772 = LINE('',#3773,#3774);
#3773 = CARTESIAN_POINT('',(80.,172.,13.));
#3774 = VECTOR('',#3775,1.);
#3775 = DIRECTION('',(0.,0.,1.));
#3776 = ORIENTED_EDGE('',*,*,#3699,.F.);
#3777 = PLANE('',#3778);
#3778 = AXIS2_PLACEMENT_3D('',#3779,#3780,#3781);
#3779 = CARTESIAN_POINT('',(80.,112.,13.));
#3780 = DIRECTION('',(1.,0.,-0.));
#3781 = DIRECTION('',(0.,0.,1.));
#3782 = ADVANCED_FACE('',(#3783),#3808,.F.);
#3783 = FACE_BOUND('',#3784,.F.);
#3784 = EDGE_LOOP('',(#3785,#3793,#3794,#3802));
#3785 = ORIENTED_EDGE('',*,*,#3786,.F.);
#3786 = EDGE_CURVE('',#3724,#3787,#3789,.T.);
#3787 = VERTEX_POINT('',#3788);
#3788 = CARTESIAN_POINT('',(24.,170.8,48.8));
#3789 = LINE('',#3790,#3791);
#3790 = CARTESIAN_POINT('',(24.,170.8,48.));
#3791 = VECTOR('',#3792,1.);
#3792 = DIRECTION('',(0.,0.,1.));
#3793 = ORIENTED_EDGE('',*,*,#3731,.T.);
#3794 = ORIENTED_EDGE('',*,*,#3795,.T.);
#3795 = EDGE_CURVE('',#3690,#3796,#3798,.T.);
#3796 = VERTEX_POINT('',#3797);
#3797 = CARTESIAN_POINT('',(24.,172.,48.8));
#3798 = LINE('',#3799,#3800);
#3799 = CARTESIAN_POINT('',(24.,172.,48.));
#3800 = VECTOR('',#3801,1.);
#3801 = DIRECTION('',(0.,0.,1.));
#3802 = ORIENTED_EDGE('',*,*,#3803,.F.);
#3803 = EDGE_CURVE('',#3787,#3796,#3804,.T.);
#3804 = LINE('',#3805,#3806);
#3805 = CARTESIAN_POINT('',(24.,170.8,48.8));
#3806 = VECTOR('',#3807,1.);
#3807 = DIRECTION('',(-0.,1.,0.));
#3808 = PLANE('',#3809);
#3809 = AXIS2_PLACEMENT_3D('',#3810,#3811,#3812);
#3810 = CARTESIAN_POINT('',(24.,170.8,48.));
#3811 = DIRECTION('',(1.,0.,-0.));
#3812 = DIRECTION('',(0.,0.,1.));
#3813 = ADVANCED_FACE('',(#3814),#3832,.F.);
#3814 = FACE_BOUND('',#3815,.F.);
#3815 = EDGE_LOOP('',(#3816,#3817,#3818,#3826));
#3816 = ORIENTED_EDGE('',*,*,#3723,.F.);
#3817 = ORIENTED_EDGE('',*,*,#3786,.T.);
#3818 = ORIENTED_EDGE('',*,*,#3819,.T.);
#3819 = EDGE_CURVE('',#3787,#3820,#3822,.T.);
#3820 = VERTEX_POINT('',#3821);
#3821 = CARTESIAN_POINT('',(76.,170.8,48.8));
#3822 = LINE('',#3823,#3824);
#3823 = CARTESIAN_POINT('',(24.,170.8,48.8));
#3824 = VECTOR('',#3825,1.);
#3825 = DIRECTION('',(1.,0.,-0.));
#3826 = ORIENTED_EDGE('',*,*,#3827,.F.);
#3827 = EDGE_CURVE('',#3716,#3820,#3828,.T.);
#3828 = LINE('',#3829,#3830);
#3829 = CARTESIAN_POINT('',(76.,170.8,48.));
#3830 = VECTOR('',#3831,1.);
#3831 = DIRECTION('',(0.,0.,1.));
#3832 = PLANE('',#3833);
#3833 = AXIS2_PLACEMENT_3D('',#3834,#3835,#3836);
#3834 = CARTESIAN_POINT('',(24.,170.8,48.));
#3835 = DIRECTION('',(-0.,1.,0.));
#3836 = DIRECTION('',(0.,0.,1.));
#3837 = ADVANCED_FACE('',(#3838),#3856,.T.);
#3838 = FACE_BOUND('',#3839,.T.);
#3839 = EDGE_LOOP('',(#3840,#3841,#3842,#3850));
#3840 = ORIENTED_EDGE('',*,*,#3827,.F.);
#3841 = ORIENTED_EDGE('',*,*,#3715,.T.);
#3842 = ORIENTED_EDGE('',*,*,#3843,.T.);
#3843 = EDGE_CURVE('',#3708,#3844,#3846,.T.);
#3844 = VERTEX_POINT('',#3845);
#3845 = CARTESIAN_POINT('',(76.,172.,48.8));
#3846 = LINE('',#3847,#3848);
#3847 = CARTESIAN_POINT('',(76.,172.,48.));
#3848 = VECTOR('',#3849,1.);
#3849 = DIRECTION('',(0.,0.,1.));
#3850 = ORIENTED_EDGE('',*,*,#3851,.F.);
#3851 = EDGE_CURVE('',#3820,#3844,#3852,.T.);
#3852 = LINE('',#3853,#3854);
#3853 = CARTESIAN_POINT('',(76.,170.8,48.8));
#3854 = VECTOR('',#3855,1.);
#3855 = DIRECTION('',(-0.,1.,0.));
#3856 = PLANE('',#3857);
#3857 = AXIS2_PLACEMENT_3D('',#3858,#3859,#3860);
#3858 = CARTESIAN_POINT('',(76.,170.8,48.));
#3859 = DIRECTION('',(1.,0.,-0.));
#3860 = DIRECTION('',(0.,0.,1.));
#3861 = ADVANCED_FACE('',(#3862),#3873,.T.);
#3862 = FACE_BOUND('',#3863,.T.);
#3863 = EDGE_LOOP('',(#3864,#3865,#3866,#3867));
#3864 = ORIENTED_EDGE('',*,*,#3803,.F.);
#3865 = ORIENTED_EDGE('',*,*,#3819,.T.);
#3866 = ORIENTED_EDGE('',*,*,#3851,.T.);
#3867 = ORIENTED_EDGE('',*,*,#3868,.F.);
#3868 = EDGE_CURVE('',#3796,#3844,#3869,.T.);
#3869 = LINE('',#3870,#3871);
#3870 = CARTESIAN_POINT('',(24.,172.,48.8));
#3871 = VECTOR('',#3872,1.);
#3872 = DIRECTION('',(1.,0.,-0.));
#3873 = PLANE('',#3874);
#3874 = AXIS2_PLACEMENT_3D('',#3875,#3876,#3877);
#3875 = CARTESIAN_POINT('',(24.,170.8,48.8));
#3876 = DIRECTION('',(0.,0.,1.));
#3877 = DIRECTION('',(1.,0.,-0.));
#3878 = ADVANCED_FACE('',(#3879),#3889,.T.);
#3879 = FACE_BOUND('',#3880,.T.);
#3880 = EDGE_LOOP('',(#3881,#3882,#3883,#3884,#3885,#3886,#3887,#3888));
#3881 = ORIENTED_EDGE('',*,*,#3755,.F.);
#3882 = ORIENTED_EDGE('',*,*,#3636,.T.);
#3883 = ORIENTED_EDGE('',*,*,#3689,.T.);
#3884 = ORIENTED_EDGE('',*,*,#3795,.T.);
#3885 = ORIENTED_EDGE('',*,*,#3868,.T.);
#3886 = ORIENTED_EDGE('',*,*,#3843,.F.);
#3887 = ORIENTED_EDGE('',*,*,#3707,.T.);
#3888 = ORIENTED_EDGE('',*,*,#3771,.F.);
#3889 = PLANE('',#3890);
#3890 = AXIS2_PLACEMENT_3D('',#3891,#3892,#3893);
#3891 = CARTESIAN_POINT('',(50.,172.,30.866597077244));
#3892 = DIRECTION('',(0.,1.,0.));
#3893 = DIRECTION('',(0.,-0.,1.));
#3894 = ( GEOMETRIC_REPRESENTATION_CONTEXT(3) 
GLOBAL_UNCERTAINTY_ASSIGNED_CONTEXT((#3898)) 
GLOBAL_UNIT_ASSIGNED_CONTEXT((#3895,#3896,#3897)) REPRESENTATION_CONTEXT
('Context #1','3D Context with UNIT and UNCERTAINTY') );
#3895 = ( LENGTH_UNIT() NAMED_UNIT(*) SI_UNIT(.MILLI.,.METRE.) );
#3896 = ( NAMED_UNIT(*) PLANE_ANGLE_UNIT() SI_UNIT($,.RADIAN.) );
#3897 = ( NAMED_UNIT(*) SI_UNIT($,.STERADIAN.) SOLID_ANGLE_UNIT() );
#3898 = UNCERTAINTY_MEASURE_WITH_UNIT(LENGTH_MEASURE(1.E-07),#3895,
  'distance_accuracy_value','confusion accuracy');
#3899 = CONTEXT_DEPENDENT_SHAPE_REPRESENTATION(#3900,#3902);
#3900 = ( REPRESENTATION_RELATIONSHIP('','',#3611,#10) 
REPRESENTATION_RELATIONSHIP_WITH_TRANSFORMATION(#3901) 
SHAPE_REPRESENTATION_RELATIONSHIP() );
#3901 = ITEM_DEFINED_TRANSFORMATION('','',#11,#55);
#3902 = PRODUCT_DEFINITION_SHAPE('Placement','Placement of an item',
  #3903);
#3903 = NEXT_ASSEMBLY_USAGE_OCCURRENCE('11','sku_proxy_04','',#5,#3606,$
  );
#3904 = PRODUCT_RELATED_PRODUCT_CATEGORY('part',$,(#3608));
#3905 = SHAPE_DEFINITION_REPRESENTATION(#3906,#3912);
#3906 = PRODUCT_DEFINITION_SHAPE('','',#3907);
#3907 = PRODUCT_DEFINITION('design','',#3908,#3911);
#3908 = PRODUCT_DEFINITION_FORMATION('','',#3909);
#3909 = PRODUCT('sku_proxy_05','sku_proxy_05','',(#3910));
#3910 = PRODUCT_CONTEXT('',#2,'mechanical');
#3911 = PRODUCT_DEFINITION_CONTEXT('part definition',#2,'design');
#3912 = ADVANCED_BREP_SHAPE_REPRESENTATION('',(#11,#3913),#4195);
#3913 = MANIFOLD_SOLID_BREP('',#3914);
#3914 = CLOSED_SHELL('',(#3915,#3955,#3986,#4042,#4066,#4083,#4114,#4138
    ,#4162,#4179));
#3915 = ADVANCED_FACE('',(#3916),#3950,.F.);
#3916 = FACE_BOUND('',#3917,.F.);
#3917 = EDGE_LOOP('',(#3918,#3928,#3936,#3944));
#3918 = ORIENTED_EDGE('',*,*,#3919,.F.);
#3919 = EDGE_CURVE('',#3920,#3922,#3924,.T.);
#3920 = VERTEX_POINT('',#3921);
#3921 = CARTESIAN_POINT('',(83.,112.,13.));
#3922 = VERTEX_POINT('',#3923);
#3923 = CARTESIAN_POINT('',(83.,112.,48.));
#3924 = LINE('',#3925,#3926);
#3925 = CARTESIAN_POINT('',(83.,112.,13.));
#3926 = VECTOR('',#3927,1.);
#3927 = DIRECTION('',(0.,0.,1.));
#3928 = ORIENTED_EDGE('',*,*,#3929,.T.);
#3929 = EDGE_CURVE('',#3920,#3930,#3932,.T.);
#3930 = VERTEX_POINT('',#3931);
#3931 = CARTESIAN_POINT('',(83.,172.,13.));
#3932 = LINE('',#3933,#3934);
#3933 = CARTESIAN_POINT('',(83.,112.,13.));
#3934 = VECTOR('',#3935,1.);
#3935 = DIRECTION('',(-0.,1.,0.));
#3936 = ORIENTED_EDGE('',*,*,#3937,.T.);
#3937 = EDGE_CURVE('',#3930,#3938,#3940,.T.);
#3938 = VERTEX_POINT('',#3939);
#3939 = CARTESIAN_POINT('',(83.,172.,48.));
#3940 = LINE('',#3941,#3942);
#3941 = CARTESIAN_POINT('',(83.,172.,13.));
#3942 = VECTOR('',#3943,1.);
#3943 = DIRECTION('',(0.,0.,1.));
#3944 = ORIENTED_EDGE('',*,*,#3945,.F.);
#3945 = EDGE_CURVE('',#3922,#3938,#3946,.T.);
#3946 = LINE('',#3947,#3948);
#3947 = CARTESIAN_POINT('',(83.,112.,48.));
#3948 = VECTOR('',#3949,1.);
#3949 = DIRECTION('',(-0.,1.,0.));
#3950 = PLANE('',#3951);
#3951 = AXIS2_PLACEMENT_3D('',#3952,#3953,#3954);
#3952 = CARTESIAN_POINT('',(83.,112.,13.));
#3953 = DIRECTION('',(1.,0.,-0.));
#3954 = DIRECTION('',(0.,0.,1.));
#3955 = ADVANCED_FACE('',(#3956),#3981,.F.);
#3956 = FACE_BOUND('',#3957,.F.);
#3957 = EDGE_LOOP('',(#3958,#3966,#3967,#3975));
#3958 = ORIENTED_EDGE('',*,*,#3959,.F.);
#3959 = EDGE_CURVE('',#3920,#3960,#3962,.T.);
#3960 = VERTEX_POINT('',#3961);
#3961 = CARTESIAN_POINT('',(143.,112.,13.));
#3962 = LINE('',#3963,#3964);
#3963 = CARTESIAN_POINT('',(83.,112.,13.));
#3964 = VECTOR('',#3965,1.);
#3965 = DIRECTION('',(1.,0.,-0.));
#3966 = ORIENTED_EDGE('',*,*,#3919,.T.);
#3967 = ORIENTED_EDGE('',*,*,#3968,.T.);
#3968 = EDGE_CURVE('',#3922,#3969,#3971,.T.);
#3969 = VERTEX_POINT('',#3970);
#3970 = CARTESIAN_POINT('',(143.,112.,48.));
#3971 = LINE('',#3972,#3973);
#3972 = CARTESIAN_POINT('',(83.,112.,48.));
#3973 = VECTOR('',#3974,1.);
#3974 = DIRECTION('',(1.,0.,-0.));
#3975 = ORIENTED_EDGE('',*,*,#3976,.F.);
#3976 = EDGE_CURVE('',#3960,#3969,#3977,.T.);
#3977 = LINE('',#3978,#3979);
#3978 = CARTESIAN_POINT('',(143.,112.,13.));
#3979 = VECTOR('',#3980,1.);
#3980 = DIRECTION('',(0.,0.,1.));
#3981 = PLANE('',#3982);
#3982 = AXIS2_PLACEMENT_3D('',#3983,#3984,#3985);
#3983 = CARTESIAN_POINT('',(83.,112.,13.));
#3984 = DIRECTION('',(-0.,1.,0.));
#3985 = DIRECTION('',(0.,0.,1.));
#3986 = ADVANCED_FACE('',(#3987),#4037,.T.);
#3987 = FACE_BOUND('',#3988,.T.);
#3988 = EDGE_LOOP('',(#3989,#3997,#3998,#3999,#4007,#4015,#4023,#4031));
#3989 = ORIENTED_EDGE('',*,*,#3990,.F.);
#3990 = EDGE_CURVE('',#3938,#3991,#3993,.T.);
#3991 = VERTEX_POINT('',#3992);
#3992 = CARTESIAN_POINT('',(87.,172.,48.));
#3993 = LINE('',#3994,#3995);
#3994 = CARTESIAN_POINT('',(83.,172.,48.));
#3995 = VECTOR('',#3996,1.);
#3996 = DIRECTION('',(1.,0.,-0.));
#3997 = ORIENTED_EDGE('',*,*,#3945,.F.);
#3998 = ORIENTED_EDGE('',*,*,#3968,.T.);
#3999 = ORIENTED_EDGE('',*,*,#4000,.T.);
#4000 = EDGE_CURVE('',#3969,#4001,#4003,.T.);
#4001 = VERTEX_POINT('',#4002);
#4002 = CARTESIAN_POINT('',(143.,172.,48.));
#4003 = LINE('',#4004,#4005);
#4004 = CARTESIAN_POINT('',(143.,112.,48.));
#4005 = VECTOR('',#4006,1.);
#4006 = DIRECTION('',(-0.,1.,0.));
#4007 = ORIENTED_EDGE('',*,*,#4008,.F.);
#4008 = EDGE_CURVE('',#4009,#4001,#4011,.T.);
#4009 = VERTEX_POINT('',#4010);
#4010 = CARTESIAN_POINT('',(139.,172.,48.));
#4011 = LINE('',#4012,#4013);
#4012 = CARTESIAN_POINT('',(83.,172.,48.));
#4013 = VECTOR('',#4014,1.);
#4014 = DIRECTION('',(1.,0.,-0.));
#4015 = ORIENTED_EDGE('',*,*,#4016,.F.);
#4016 = EDGE_CURVE('',#4017,#4009,#4019,.T.);
#4017 = VERTEX_POINT('',#4018);
#4018 = CARTESIAN_POINT('',(139.,170.8,48.));
#4019 = LINE('',#4020,#4021);
#4020 = CARTESIAN_POINT('',(139.,170.8,48.));
#4021 = VECTOR('',#4022,1.);
#4022 = DIRECTION('',(-0.,1.,0.));
#4023 = ORIENTED_EDGE('',*,*,#4024,.F.);
#4024 = EDGE_CURVE('',#4025,#4017,#4027,.T.);
#4025 = VERTEX_POINT('',#4026);
#4026 = CARTESIAN_POINT('',(87.,170.8,48.));
#4027 = LINE('',#4028,#4029);
#4028 = CARTESIAN_POINT('',(87.,170.8,48.));
#4029 = VECTOR('',#4030,1.);
#4030 = DIRECTION('',(1.,0.,-0.));
#4031 = ORIENTED_EDGE('',*,*,#4032,.T.);
#4032 = EDGE_CURVE('',#4025,#3991,#4033,.T.);
#4033 = LINE('',#4034,#4035);
#4034 = CARTESIAN_POINT('',(87.,170.8,48.));
#4035 = VECTOR('',#4036,1.);
#4036 = DIRECTION('',(-0.,1.,0.));
#4037 = PLANE('',#4038);
#4038 = AXIS2_PLACEMENT_3D('',#4039,#4040,#4041);
#4039 = CARTESIAN_POINT('',(83.,112.,48.));
#4040 = DIRECTION('',(0.,0.,1.));
#4041 = DIRECTION('',(1.,0.,-0.));
#4042 = ADVANCED_FACE('',(#4043),#4061,.F.);
#4043 = FACE_BOUND('',#4044,.F.);
#4044 = EDGE_LOOP('',(#4045,#4046,#4047,#4055));
#4045 = ORIENTED_EDGE('',*,*,#3929,.F.);
#4046 = ORIENTED_EDGE('',*,*,#3959,.T.);
#4047 = ORIENTED_EDGE('',*,*,#4048,.T.);
#4048 = EDGE_CURVE('',#3960,#4049,#4051,.T.);
#4049 = VERTEX_POINT('',#4050);
#4050 = CARTESIAN_POINT('',(143.,172.,13.));
#4051 = LINE('',#4052,#4053);
#4052 = CARTESIAN_POINT('',(143.,112.,13.));
#4053 = VECTOR('',#4054,1.);
#4054 = DIRECTION('',(-0.,1.,0.));
#4055 = ORIENTED_EDGE('',*,*,#4056,.F.);
#4056 = EDGE_CURVE('',#3930,#4049,#4057,.T.);
#4057 = LINE('',#4058,#4059);
#4058 = CARTESIAN_POINT('',(83.,172.,13.));
#4059 = VECTOR('',#4060,1.);
#4060 = DIRECTION('',(1.,0.,-0.));
#4061 = PLANE('',#4062);
#4062 = AXIS2_PLACEMENT_3D('',#4063,#4064,#4065);
#4063 = CARTESIAN_POINT('',(83.,112.,13.));
#4064 = DIRECTION('',(0.,0.,1.));
#4065 = DIRECTION('',(1.,0.,-0.));
#4066 = ADVANCED_FACE('',(#4067),#4078,.T.);
#4067 = FACE_BOUND('',#4068,.T.);
#4068 = EDGE_LOOP('',(#4069,#4070,#4071,#4077));
#4069 = ORIENTED_EDGE('',*,*,#3976,.F.);
#4070 = ORIENTED_EDGE('',*,*,#4048,.T.);
#4071 = ORIENTED_EDGE('',*,*,#4072,.T.);
#4072 = EDGE_CURVE('',#4049,#4001,#4073,.T.);
#4073 = LINE('',#4074,#4075);
#4074 = CARTESIAN_POINT('',(143.,172.,13.));
#4075 = VECTOR('',#4076,1.);
#4076 = DIRECTION('',(0.,0.,1.));
#4077 = ORIENTED_EDGE('',*,*,#4000,.F.);
#4078 = PLANE('',#4079);
#4079 = AXIS2_PLACEMENT_3D('',#4080,#4081,#4082);
#4080 = CARTESIAN_POINT('',(143.,112.,13.));
#4081 = DIRECTION('',(1.,0.,-0.));
#4082 = DIRECTION('',(0.,0.,1.));
#4083 = ADVANCED_FACE('',(#4084),#4109,.F.);
#4084 = FACE_BOUND('',#4085,.F.);
#4085 = EDGE_LOOP('',(#4086,#4094,#4095,#4103));
#4086 = ORIENTED_EDGE('',*,*,#4087,.F.);
#4087 = EDGE_CURVE('',#4025,#4088,#4090,.T.);
#4088 = VERTEX_POINT('',#4089);
#4089 = CARTESIAN_POINT('',(87.,170.8,48.8));
#4090 = LINE('',#4091,#4092);
#4091 = CARTESIAN_POINT('',(87.,170.8,48.));
#4092 = VECTOR('',#4093,1.);
#4093 = DIRECTION('',(0.,0.,1.));
#4094 = ORIENTED_EDGE('',*,*,#4032,.T.);
#4095 = ORIENTED_EDGE('',*,*,#4096,.T.);
#4096 = EDGE_CURVE('',#3991,#4097,#4099,.T.);
#4097 = VERTEX_POINT('',#4098);
#4098 = CARTESIAN_POINT('',(87.,172.,48.8));
#4099 = LINE('',#4100,#4101);
#4100 = CARTESIAN_POINT('',(87.,172.,48.));
#4101 = VECTOR('',#4102,1.);
#4102 = DIRECTION('',(0.,0.,1.));
#4103 = ORIENTED_EDGE('',*,*,#4104,.F.);
#4104 = EDGE_CURVE('',#4088,#4097,#4105,.T.);
#4105 = LINE('',#4106,#4107);
#4106 = CARTESIAN_POINT('',(87.,170.8,48.8));
#4107 = VECTOR('',#4108,1.);
#4108 = DIRECTION('',(-0.,1.,0.));
#4109 = PLANE('',#4110);
#4110 = AXIS2_PLACEMENT_3D('',#4111,#4112,#4113);
#4111 = CARTESIAN_POINT('',(87.,170.8,48.));
#4112 = DIRECTION('',(1.,0.,-0.));
#4113 = DIRECTION('',(0.,0.,1.));
#4114 = ADVANCED_FACE('',(#4115),#4133,.F.);
#4115 = FACE_BOUND('',#4116,.F.);
#4116 = EDGE_LOOP('',(#4117,#4118,#4119,#4127));
#4117 = ORIENTED_EDGE('',*,*,#4024,.F.);
#4118 = ORIENTED_EDGE('',*,*,#4087,.T.);
#4119 = ORIENTED_EDGE('',*,*,#4120,.T.);
#4120 = EDGE_CURVE('',#4088,#4121,#4123,.T.);
#4121 = VERTEX_POINT('',#4122);
#4122 = CARTESIAN_POINT('',(139.,170.8,48.8));
#4123 = LINE('',#4124,#4125);
#4124 = CARTESIAN_POINT('',(87.,170.8,48.8));
#4125 = VECTOR('',#4126,1.);
#4126 = DIRECTION('',(1.,0.,-0.));
#4127 = ORIENTED_EDGE('',*,*,#4128,.F.);
#4128 = EDGE_CURVE('',#4017,#4121,#4129,.T.);
#4129 = LINE('',#4130,#4131);
#4130 = CARTESIAN_POINT('',(139.,170.8,48.));
#4131 = VECTOR('',#4132,1.);
#4132 = DIRECTION('',(0.,0.,1.));
#4133 = PLANE('',#4134);
#4134 = AXIS2_PLACEMENT_3D('',#4135,#4136,#4137);
#4135 = CARTESIAN_POINT('',(87.,170.8,48.));
#4136 = DIRECTION('',(-0.,1.,0.));
#4137 = DIRECTION('',(0.,0.,1.));
#4138 = ADVANCED_FACE('',(#4139),#4157,.T.);
#4139 = FACE_BOUND('',#4140,.T.);
#4140 = EDGE_LOOP('',(#4141,#4142,#4143,#4151));
#4141 = ORIENTED_EDGE('',*,*,#4128,.F.);
#4142 = ORIENTED_EDGE('',*,*,#4016,.T.);
#4143 = ORIENTED_EDGE('',*,*,#4144,.T.);
#4144 = EDGE_CURVE('',#4009,#4145,#4147,.T.);
#4145 = VERTEX_POINT('',#4146);
#4146 = CARTESIAN_POINT('',(139.,172.,48.8));
#4147 = LINE('',#4148,#4149);
#4148 = CARTESIAN_POINT('',(139.,172.,48.));
#4149 = VECTOR('',#4150,1.);
#4150 = DIRECTION('',(0.,0.,1.));
#4151 = ORIENTED_EDGE('',*,*,#4152,.F.);
#4152 = EDGE_CURVE('',#4121,#4145,#4153,.T.);
#4153 = LINE('',#4154,#4155);
#4154 = CARTESIAN_POINT('',(139.,170.8,48.8));
#4155 = VECTOR('',#4156,1.);
#4156 = DIRECTION('',(-0.,1.,0.));
#4157 = PLANE('',#4158);
#4158 = AXIS2_PLACEMENT_3D('',#4159,#4160,#4161);
#4159 = CARTESIAN_POINT('',(139.,170.8,48.));
#4160 = DIRECTION('',(1.,0.,-0.));
#4161 = DIRECTION('',(0.,0.,1.));
#4162 = ADVANCED_FACE('',(#4163),#4174,.T.);
#4163 = FACE_BOUND('',#4164,.T.);
#4164 = EDGE_LOOP('',(#4165,#4166,#4167,#4168));
#4165 = ORIENTED_EDGE('',*,*,#4104,.F.);
#4166 = ORIENTED_EDGE('',*,*,#4120,.T.);
#4167 = ORIENTED_EDGE('',*,*,#4152,.T.);
#4168 = ORIENTED_EDGE('',*,*,#4169,.F.);
#4169 = EDGE_CURVE('',#4097,#4145,#4170,.T.);
#4170 = LINE('',#4171,#4172);
#4171 = CARTESIAN_POINT('',(87.,172.,48.8));
#4172 = VECTOR('',#4173,1.);
#4173 = DIRECTION('',(1.,0.,-0.));
#4174 = PLANE('',#4175);
#4175 = AXIS2_PLACEMENT_3D('',#4176,#4177,#4178);
#4176 = CARTESIAN_POINT('',(87.,170.8,48.8));
#4177 = DIRECTION('',(0.,0.,1.));
#4178 = DIRECTION('',(1.,0.,-0.));
#4179 = ADVANCED_FACE('',(#4180),#4190,.T.);
#4180 = FACE_BOUND('',#4181,.T.);
#4181 = EDGE_LOOP('',(#4182,#4183,#4184,#4185,#4186,#4187,#4188,#4189));
#4182 = ORIENTED_EDGE('',*,*,#4056,.F.);
#4183 = ORIENTED_EDGE('',*,*,#3937,.T.);
#4184 = ORIENTED_EDGE('',*,*,#3990,.T.);
#4185 = ORIENTED_EDGE('',*,*,#4096,.T.);
#4186 = ORIENTED_EDGE('',*,*,#4169,.T.);
#4187 = ORIENTED_EDGE('',*,*,#4144,.F.);
#4188 = ORIENTED_EDGE('',*,*,#4008,.T.);
#4189 = ORIENTED_EDGE('',*,*,#4072,.F.);
#4190 = PLANE('',#4191);
#4191 = AXIS2_PLACEMENT_3D('',#4192,#4193,#4194);
#4192 = CARTESIAN_POINT('',(113.,172.,30.866597077244));
#4193 = DIRECTION('',(0.,1.,0.));
#4194 = DIRECTION('',(0.,-0.,1.));
#4195 = ( GEOMETRIC_REPRESENTATION_CONTEXT(3) 
GLOBAL_UNCERTAINTY_ASSIGNED_CONTEXT((#4199)) 
GLOBAL_UNIT_ASSIGNED_CONTEXT((#4196,#4197,#4198)) REPRESENTATION_CONTEXT
('Context #1','3D Context with UNIT and UNCERTAINTY') );
#4196 = ( LENGTH_UNIT() NAMED_UNIT(*) SI_UNIT(.MILLI.,.METRE.) );
#4197 = ( NAMED_UNIT(*) PLANE_ANGLE_UNIT() SI_UNIT($,.RADIAN.) );
#4198 = ( NAMED_UNIT(*) SI_UNIT($,.STERADIAN.) SOLID_ANGLE_UNIT() );
#4199 = UNCERTAINTY_MEASURE_WITH_UNIT(LENGTH_MEASURE(1.E-07),#4196,
  'distance_accuracy_value','confusion accuracy');
#4200 = CONTEXT_DEPENDENT_SHAPE_REPRESENTATION(#4201,#4203);
#4201 = ( REPRESENTATION_RELATIONSHIP('','',#3912,#10) 
REPRESENTATION_RELATIONSHIP_WITH_TRANSFORMATION(#4202) 
SHAPE_REPRESENTATION_RELATIONSHIP() );
#4202 = ITEM_DEFINED_TRANSFORMATION('','',#11,#59);
#4203 = PRODUCT_DEFINITION_SHAPE('Placement','Placement of an item',
  #4204);
#4204 = NEXT_ASSEMBLY_USAGE_OCCURRENCE('12','sku_proxy_05','',#5,#3907,$
  );
#4205 = PRODUCT_RELATED_PRODUCT_CATEGORY('part',$,(#3909));
#4206 = SHAPE_DEFINITION_REPRESENTATION(#4207,#4213);
#4207 = PRODUCT_DEFINITION_SHAPE('','',#4208);
#4208 = PRODUCT_DEFINITION('design','',#4209,#4212);
#4209 = PRODUCT_DEFINITION_FORMATION('','',#4210);
#4210 = PRODUCT('sku_proxy_06','sku_proxy_06','',(#4211));
#4211 = PRODUCT_CONTEXT('',#2,'mechanical');
#4212 = PRODUCT_DEFINITION_CONTEXT('part definition',#2,'design');
#4213 = ADVANCED_BREP_SHAPE_REPRESENTATION('',(#11,#4214),#4496);
#4214 = MANIFOLD_SOLID_BREP('',#4215);
#4215 = CLOSED_SHELL('',(#4216,#4256,#4287,#4343,#4367,#4384,#4415,#4439
    ,#4463,#4480));
#4216 = ADVANCED_FACE('',(#4217),#4251,.F.);
#4217 = FACE_BOUND('',#4218,.F.);
#4218 = EDGE_LOOP('',(#4219,#4229,#4237,#4245));
#4219 = ORIENTED_EDGE('',*,*,#4220,.F.);
#4220 = EDGE_CURVE('',#4221,#4223,#4225,.T.);
#4221 = VERTEX_POINT('',#4222);
#4222 = CARTESIAN_POINT('',(146.,112.,13.));
#4223 = VERTEX_POINT('',#4224);
#4224 = CARTESIAN_POINT('',(146.,112.,48.));
#4225 = LINE('',#4226,#4227);
#4226 = CARTESIAN_POINT('',(146.,112.,13.));
#4227 = VECTOR('',#4228,1.);
#4228 = DIRECTION('',(0.,0.,1.));
#4229 = ORIENTED_EDGE('',*,*,#4230,.T.);
#4230 = EDGE_CURVE('',#4221,#4231,#4233,.T.);
#4231 = VERTEX_POINT('',#4232);
#4232 = CARTESIAN_POINT('',(146.,172.,13.));
#4233 = LINE('',#4234,#4235);
#4234 = CARTESIAN_POINT('',(146.,112.,13.));
#4235 = VECTOR('',#4236,1.);
#4236 = DIRECTION('',(-0.,1.,0.));
#4237 = ORIENTED_EDGE('',*,*,#4238,.T.);
#4238 = EDGE_CURVE('',#4231,#4239,#4241,.T.);
#4239 = VERTEX_POINT('',#4240);
#4240 = CARTESIAN_POINT('',(146.,172.,48.));
#4241 = LINE('',#4242,#4243);
#4242 = CARTESIAN_POINT('',(146.,172.,13.));
#4243 = VECTOR('',#4244,1.);
#4244 = DIRECTION('',(0.,0.,1.));
#4245 = ORIENTED_EDGE('',*,*,#4246,.F.);
#4246 = EDGE_CURVE('',#4223,#4239,#4247,.T.);
#4247 = LINE('',#4248,#4249);
#4248 = CARTESIAN_POINT('',(146.,112.,48.));
#4249 = VECTOR('',#4250,1.);
#4250 = DIRECTION('',(-0.,1.,0.));
#4251 = PLANE('',#4252);
#4252 = AXIS2_PLACEMENT_3D('',#4253,#4254,#4255);
#4253 = CARTESIAN_POINT('',(146.,112.,13.));
#4254 = DIRECTION('',(1.,0.,-0.));
#4255 = DIRECTION('',(0.,0.,1.));
#4256 = ADVANCED_FACE('',(#4257),#4282,.F.);
#4257 = FACE_BOUND('',#4258,.F.);
#4258 = EDGE_LOOP('',(#4259,#4267,#4268,#4276));
#4259 = ORIENTED_EDGE('',*,*,#4260,.F.);
#4260 = EDGE_CURVE('',#4221,#4261,#4263,.T.);
#4261 = VERTEX_POINT('',#4262);
#4262 = CARTESIAN_POINT('',(206.,112.,13.));
#4263 = LINE('',#4264,#4265);
#4264 = CARTESIAN_POINT('',(146.,112.,13.));
#4265 = VECTOR('',#4266,1.);
#4266 = DIRECTION('',(1.,0.,-0.));
#4267 = ORIENTED_EDGE('',*,*,#4220,.T.);
#4268 = ORIENTED_EDGE('',*,*,#4269,.T.);
#4269 = EDGE_CURVE('',#4223,#4270,#4272,.T.);
#4270 = VERTEX_POINT('',#4271);
#4271 = CARTESIAN_POINT('',(206.,112.,48.));
#4272 = LINE('',#4273,#4274);
#4273 = CARTESIAN_POINT('',(146.,112.,48.));
#4274 = VECTOR('',#4275,1.);
#4275 = DIRECTION('',(1.,0.,-0.));
#4276 = ORIENTED_EDGE('',*,*,#4277,.F.);
#4277 = EDGE_CURVE('',#4261,#4270,#4278,.T.);
#4278 = LINE('',#4279,#4280);
#4279 = CARTESIAN_POINT('',(206.,112.,13.));
#4280 = VECTOR('',#4281,1.);
#4281 = DIRECTION('',(0.,0.,1.));
#4282 = PLANE('',#4283);
#4283 = AXIS2_PLACEMENT_3D('',#4284,#4285,#4286);
#4284 = CARTESIAN_POINT('',(146.,112.,13.));
#4285 = DIRECTION('',(-0.,1.,0.));
#4286 = DIRECTION('',(0.,0.,1.));
#4287 = ADVANCED_FACE('',(#4288),#4338,.T.);
#4288 = FACE_BOUND('',#4289,.T.);
#4289 = EDGE_LOOP('',(#4290,#4298,#4299,#4300,#4308,#4316,#4324,#4332));
#4290 = ORIENTED_EDGE('',*,*,#4291,.F.);
#4291 = EDGE_CURVE('',#4239,#4292,#4294,.T.);
#4292 = VERTEX_POINT('',#4293);
#4293 = CARTESIAN_POINT('',(150.,172.,48.));
#4294 = LINE('',#4295,#4296);
#4295 = CARTESIAN_POINT('',(146.,172.,48.));
#4296 = VECTOR('',#4297,1.);
#4297 = DIRECTION('',(1.,0.,-0.));
#4298 = ORIENTED_EDGE('',*,*,#4246,.F.);
#4299 = ORIENTED_EDGE('',*,*,#4269,.T.);
#4300 = ORIENTED_EDGE('',*,*,#4301,.T.);
#4301 = EDGE_CURVE('',#4270,#4302,#4304,.T.);
#4302 = VERTEX_POINT('',#4303);
#4303 = CARTESIAN_POINT('',(206.,172.,48.));
#4304 = LINE('',#4305,#4306);
#4305 = CARTESIAN_POINT('',(206.,112.,48.));
#4306 = VECTOR('',#4307,1.);
#4307 = DIRECTION('',(-0.,1.,0.));
#4308 = ORIENTED_EDGE('',*,*,#4309,.F.);
#4309 = EDGE_CURVE('',#4310,#4302,#4312,.T.);
#4310 = VERTEX_POINT('',#4311);
#4311 = CARTESIAN_POINT('',(202.,172.,48.));
#4312 = LINE('',#4313,#4314);
#4313 = CARTESIAN_POINT('',(146.,172.,48.));
#4314 = VECTOR('',#4315,1.);
#4315 = DIRECTION('',(1.,0.,-0.));
#4316 = ORIENTED_EDGE('',*,*,#4317,.F.);
#4317 = EDGE_CURVE('',#4318,#4310,#4320,.T.);
#4318 = VERTEX_POINT('',#4319);
#4319 = CARTESIAN_POINT('',(202.,170.8,48.));
#4320 = LINE('',#4321,#4322);
#4321 = CARTESIAN_POINT('',(202.,170.8,48.));
#4322 = VECTOR('',#4323,1.);
#4323 = DIRECTION('',(-0.,1.,0.));
#4324 = ORIENTED_EDGE('',*,*,#4325,.F.);
#4325 = EDGE_CURVE('',#4326,#4318,#4328,.T.);
#4326 = VERTEX_POINT('',#4327);
#4327 = CARTESIAN_POINT('',(150.,170.8,48.));
#4328 = LINE('',#4329,#4330);
#4329 = CARTESIAN_POINT('',(150.,170.8,48.));
#4330 = VECTOR('',#4331,1.);
#4331 = DIRECTION('',(1.,0.,-0.));
#4332 = ORIENTED_EDGE('',*,*,#4333,.T.);
#4333 = EDGE_CURVE('',#4326,#4292,#4334,.T.);
#4334 = LINE('',#4335,#4336);
#4335 = CARTESIAN_POINT('',(150.,170.8,48.));
#4336 = VECTOR('',#4337,1.);
#4337 = DIRECTION('',(-0.,1.,0.));
#4338 = PLANE('',#4339);
#4339 = AXIS2_PLACEMENT_3D('',#4340,#4341,#4342);
#4340 = CARTESIAN_POINT('',(146.,112.,48.));
#4341 = DIRECTION('',(0.,0.,1.));
#4342 = DIRECTION('',(1.,0.,-0.));
#4343 = ADVANCED_FACE('',(#4344),#4362,.F.);
#4344 = FACE_BOUND('',#4345,.F.);
#4345 = EDGE_LOOP('',(#4346,#4347,#4348,#4356));
#4346 = ORIENTED_EDGE('',*,*,#4230,.F.);
#4347 = ORIENTED_EDGE('',*,*,#4260,.T.);
#4348 = ORIENTED_EDGE('',*,*,#4349,.T.);
#4349 = EDGE_CURVE('',#4261,#4350,#4352,.T.);
#4350 = VERTEX_POINT('',#4351);
#4351 = CARTESIAN_POINT('',(206.,172.,13.));
#4352 = LINE('',#4353,#4354);
#4353 = CARTESIAN_POINT('',(206.,112.,13.));
#4354 = VECTOR('',#4355,1.);
#4355 = DIRECTION('',(-0.,1.,0.));
#4356 = ORIENTED_EDGE('',*,*,#4357,.F.);
#4357 = EDGE_CURVE('',#4231,#4350,#4358,.T.);
#4358 = LINE('',#4359,#4360);
#4359 = CARTESIAN_POINT('',(146.,172.,13.));
#4360 = VECTOR('',#4361,1.);
#4361 = DIRECTION('',(1.,0.,-0.));
#4362 = PLANE('',#4363);
#4363 = AXIS2_PLACEMENT_3D('',#4364,#4365,#4366);
#4364 = CARTESIAN_POINT('',(146.,112.,13.));
#4365 = DIRECTION('',(0.,0.,1.));
#4366 = DIRECTION('',(1.,0.,-0.));
#4367 = ADVANCED_FACE('',(#4368),#4379,.T.);
#4368 = FACE_BOUND('',#4369,.T.);
#4369 = EDGE_LOOP('',(#4370,#4371,#4372,#4378));
#4370 = ORIENTED_EDGE('',*,*,#4277,.F.);
#4371 = ORIENTED_EDGE('',*,*,#4349,.T.);
#4372 = ORIENTED_EDGE('',*,*,#4373,.T.);
#4373 = EDGE_CURVE('',#4350,#4302,#4374,.T.);
#4374 = LINE('',#4375,#4376);
#4375 = CARTESIAN_POINT('',(206.,172.,13.));
#4376 = VECTOR('',#4377,1.);
#4377 = DIRECTION('',(0.,0.,1.));
#4378 = ORIENTED_EDGE('',*,*,#4301,.F.);
#4379 = PLANE('',#4380);
#4380 = AXIS2_PLACEMENT_3D('',#4381,#4382,#4383);
#4381 = CARTESIAN_POINT('',(206.,112.,13.));
#4382 = DIRECTION('',(1.,0.,-0.));
#4383 = DIRECTION('',(0.,0.,1.));
#4384 = ADVANCED_FACE('',(#4385),#4410,.F.);
#4385 = FACE_BOUND('',#4386,.F.);
#4386 = EDGE_LOOP('',(#4387,#4395,#4396,#4404));
#4387 = ORIENTED_EDGE('',*,*,#4388,.F.);
#4388 = EDGE_CURVE('',#4326,#4389,#4391,.T.);
#4389 = VERTEX_POINT('',#4390);
#4390 = CARTESIAN_POINT('',(150.,170.8,48.8));
#4391 = LINE('',#4392,#4393);
#4392 = CARTESIAN_POINT('',(150.,170.8,48.));
#4393 = VECTOR('',#4394,1.);
#4394 = DIRECTION('',(0.,0.,1.));
#4395 = ORIENTED_EDGE('',*,*,#4333,.T.);
#4396 = ORIENTED_EDGE('',*,*,#4397,.T.);
#4397 = EDGE_CURVE('',#4292,#4398,#4400,.T.);
#4398 = VERTEX_POINT('',#4399);
#4399 = CARTESIAN_POINT('',(150.,172.,48.8));
#4400 = LINE('',#4401,#4402);
#4401 = CARTESIAN_POINT('',(150.,172.,48.));
#4402 = VECTOR('',#4403,1.);
#4403 = DIRECTION('',(0.,0.,1.));
#4404 = ORIENTED_EDGE('',*,*,#4405,.F.);
#4405 = EDGE_CURVE('',#4389,#4398,#4406,.T.);
#4406 = LINE('',#4407,#4408);
#4407 = CARTESIAN_POINT('',(150.,170.8,48.8));
#4408 = VECTOR('',#4409,1.);
#4409 = DIRECTION('',(-0.,1.,0.));
#4410 = PLANE('',#4411);
#4411 = AXIS2_PLACEMENT_3D('',#4412,#4413,#4414);
#4412 = CARTESIAN_POINT('',(150.,170.8,48.));
#4413 = DIRECTION('',(1.,0.,-0.));
#4414 = DIRECTION('',(0.,0.,1.));
#4415 = ADVANCED_FACE('',(#4416),#4434,.F.);
#4416 = FACE_BOUND('',#4417,.F.);
#4417 = EDGE_LOOP('',(#4418,#4419,#4420,#4428));
#4418 = ORIENTED_EDGE('',*,*,#4325,.F.);
#4419 = ORIENTED_EDGE('',*,*,#4388,.T.);
#4420 = ORIENTED_EDGE('',*,*,#4421,.T.);
#4421 = EDGE_CURVE('',#4389,#4422,#4424,.T.);
#4422 = VERTEX_POINT('',#4423);
#4423 = CARTESIAN_POINT('',(202.,170.8,48.8));
#4424 = LINE('',#4425,#4426);
#4425 = CARTESIAN_POINT('',(150.,170.8,48.8));
#4426 = VECTOR('',#4427,1.);
#4427 = DIRECTION('',(1.,0.,-0.));
#4428 = ORIENTED_EDGE('',*,*,#4429,.F.);
#4429 = EDGE_CURVE('',#4318,#4422,#4430,.T.);
#4430 = LINE('',#4431,#4432);
#4431 = CARTESIAN_POINT('',(202.,170.8,48.));
#4432 = VECTOR('',#4433,1.);
#4433 = DIRECTION('',(0.,0.,1.));
#4434 = PLANE('',#4435);
#4435 = AXIS2_PLACEMENT_3D('',#4436,#4437,#4438);
#4436 = CARTESIAN_POINT('',(150.,170.8,48.));
#4437 = DIRECTION('',(-0.,1.,0.));
#4438 = DIRECTION('',(0.,0.,1.));
#4439 = ADVANCED_FACE('',(#4440),#4458,.T.);
#4440 = FACE_BOUND('',#4441,.T.);
#4441 = EDGE_LOOP('',(#4442,#4443,#4444,#4452));
#4442 = ORIENTED_EDGE('',*,*,#4429,.F.);
#4443 = ORIENTED_EDGE('',*,*,#4317,.T.);
#4444 = ORIENTED_EDGE('',*,*,#4445,.T.);
#4445 = EDGE_CURVE('',#4310,#4446,#4448,.T.);
#4446 = VERTEX_POINT('',#4447);
#4447 = CARTESIAN_POINT('',(202.,172.,48.8));
#4448 = LINE('',#4449,#4450);
#4449 = CARTESIAN_POINT('',(202.,172.,48.));
#4450 = VECTOR('',#4451,1.);
#4451 = DIRECTION('',(0.,0.,1.));
#4452 = ORIENTED_EDGE('',*,*,#4453,.F.);
#4453 = EDGE_CURVE('',#4422,#4446,#4454,.T.);
#4454 = LINE('',#4455,#4456);
#4455 = CARTESIAN_POINT('',(202.,170.8,48.8));
#4456 = VECTOR('',#4457,1.);
#4457 = DIRECTION('',(-0.,1.,0.));
#4458 = PLANE('',#4459);
#4459 = AXIS2_PLACEMENT_3D('',#4460,#4461,#4462);
#4460 = CARTESIAN_POINT('',(202.,170.8,48.));
#4461 = DIRECTION('',(1.,0.,-0.));
#4462 = DIRECTION('',(0.,0.,1.));
#4463 = ADVANCED_FACE('',(#4464),#4475,.T.);
#4464 = FACE_BOUND('',#4465,.T.);
#4465 = EDGE_LOOP('',(#4466,#4467,#4468,#4469));
#4466 = ORIENTED_EDGE('',*,*,#4405,.F.);
#4467 = ORIENTED_EDGE('',*,*,#4421,.T.);
#4468 = ORIENTED_EDGE('',*,*,#4453,.T.);
#4469 = ORIENTED_EDGE('',*,*,#4470,.F.);
#4470 = EDGE_CURVE('',#4398,#4446,#4471,.T.);
#4471 = LINE('',#4472,#4473);
#4472 = CARTESIAN_POINT('',(150.,172.,48.8));
#4473 = VECTOR('',#4474,1.);
#4474 = DIRECTION('',(1.,0.,-0.));
#4475 = PLANE('',#4476);
#4476 = AXIS2_PLACEMENT_3D('',#4477,#4478,#4479);
#4477 = CARTESIAN_POINT('',(150.,170.8,48.8));
#4478 = DIRECTION('',(0.,0.,1.));
#4479 = DIRECTION('',(1.,0.,-0.));
#4480 = ADVANCED_FACE('',(#4481),#4491,.T.);
#4481 = FACE_BOUND('',#4482,.T.);
#4482 = EDGE_LOOP('',(#4483,#4484,#4485,#4486,#4487,#4488,#4489,#4490));
#4483 = ORIENTED_EDGE('',*,*,#4357,.F.);
#4484 = ORIENTED_EDGE('',*,*,#4238,.T.);
#4485 = ORIENTED_EDGE('',*,*,#4291,.T.);
#4486 = ORIENTED_EDGE('',*,*,#4397,.T.);
#4487 = ORIENTED_EDGE('',*,*,#4470,.T.);
#4488 = ORIENTED_EDGE('',*,*,#4445,.F.);
#4489 = ORIENTED_EDGE('',*,*,#4309,.T.);
#4490 = ORIENTED_EDGE('',*,*,#4373,.F.);
#4491 = PLANE('',#4492);
#4492 = AXIS2_PLACEMENT_3D('',#4493,#4494,#4495);
#4493 = CARTESIAN_POINT('',(176.,172.,30.866597077244));
#4494 = DIRECTION('',(0.,1.,0.));
#4495 = DIRECTION('',(0.,-0.,1.));
#4496 = ( GEOMETRIC_REPRESENTATION_CONTEXT(3) 
GLOBAL_UNCERTAINTY_ASSIGNED_CONTEXT((#4500)) 
GLOBAL_UNIT_ASSIGNED_CONTEXT((#4497,#4498,#4499)) REPRESENTATION_CONTEXT
('Context #1','3D Context with UNIT and UNCERTAINTY') );
#4497 = ( LENGTH_UNIT() NAMED_UNIT(*) SI_UNIT(.MILLI.,.METRE.) );
#4498 = ( NAMED_UNIT(*) PLANE_ANGLE_UNIT() SI_UNIT($,.RADIAN.) );
#4499 = ( NAMED_UNIT(*) SI_UNIT($,.STERADIAN.) SOLID_ANGLE_UNIT() );
#4500 = UNCERTAINTY_MEASURE_WITH_UNIT(LENGTH_MEASURE(1.E-07),#4497,
  'distance_accuracy_value','confusion accuracy');
#4501 = CONTEXT_DEPENDENT_SHAPE_REPRESENTATION(#4502,#4504);
#4502 = ( REPRESENTATION_RELATIONSHIP('','',#4213,#10) 
REPRESENTATION_RELATIONSHIP_WITH_TRANSFORMATION(#4503) 
SHAPE_REPRESENTATION_RELATIONSHIP() );
#4503 = ITEM_DEFINED_TRANSFORMATION('','',#11,#63);
#4504 = PRODUCT_DEFINITION_SHAPE('Placement','Placement of an item',
  #4505);
#4505 = NEXT_ASSEMBLY_USAGE_OCCURRENCE('13','sku_proxy_06','',#5,#4208,$
  );
#4506 = PRODUCT_RELATED_PRODUCT_CATEGORY('part',$,(#4210));
ENDSEC;
END-ISO-10303-21;
